brand,model,total
FORD,FORD PUMA,160099
KIA,KIA SPORTAGE,138836
NISSAN,NISSAN QASHQAI,130022
TOYOTA,TOYOTA YARIS,119859
VOLKSWAGEN,VOLKSWAGEN GOLF,104748
VAUXHALL,VAUXHALL CORSA,101228
NISSAN,NISSAN JUKE,95466
VOLKSWAGEN,VOLKSWAGEN TIGUAN,94204
MG,MG HS,92983
VOLVO,VOLVO XC40,90703
VOLKSWAGEN,VOLKSWAGEN POLO,89040
TESLA,TESLA MODEL Y,88893
HYUNDAI,HYUNDAI TUCSON,88124
MINI,MINI COOPER,88038
FORD,FORD KUGA,79724
AUDI,AUDI A3,74465
MG,MG ZS,73738
VOLKSWAGEN,VOLKSWAGEN T-ROC,73273
BMW,BMW 1 SERIES,72060
PEUGEOT,PEUGEOT 2008,69235
VAUXHALL,VAUXHALL MOKKA,64543
HYUNDAI,HYUNDAI KONA,58350
TESLA,TESLA MODEL 3,58018
BYD,BYD SEAL,54147
PEUGEOT,PEUGEOT 208,52038
JAECOO,JAECOO 7,50075
PEUGEOT,PEUGEOT 3008,49096
AUDI,AUDI Q4,48600
MERCEDES,MERCEDES A CLASS,47306
TOYOTA,TOYOTA AYGO,47191
RENAULT,RENAULT CLIO,45827
KIA,KIA NIRO,45682
FORD,FORD FOCUS,45668
TOYOTA,TOYOTA C-HR,44519
TOYOTA,TOYOTA COROLLA,44148
AUDI,AUDI A1,43635
MINI,MINI COUNTRYMAN,43282
VAUXHALL,VAUXHALL GRANDLAND,40553
CITROEN,CITROEN C3,40356
CUPRA,CUPRA FORMENTOR,40108
BMW,BMW 3 SERIES,39986
LAND ROVER,LAND ROVER DEFENDER,39789
LAND ROVER,LAND ROVER RANGE ROVER EVOQUE,39736
RENAULT,RENAULT CAPTUR,39163
MG,MG 4,38807
VOLVO,VOLVO XC60,37869
LAND ROVER,LAND ROVER RANGE ROVER SPORT,37542
KIA,KIA PICANTO,37448
SKODA,SKODA KODIAQ,37289
SKODA,SKODA ENYAQ,36550
SKODA,SKODA KAROQ,36343
MERCEDES,MERCEDES CLA CLASS,35575
BMW,BMW 2 SERIES,35371
HYUNDAI,HYUNDAI I10,35112
AUDI,AUDI Q3,34521
BMW,BMW I4,34194
SKODA,SKODA KAMIQ,33058
AUDI,AUDI Q2,32356
MG,MG 3,31690
SEAT,SEAT IBIZA,31529
SUZUKI,SUZUKI SWIFT,31387
LAND ROVER,LAND ROVER DISCOVERY,31018
SKODA,SKODA FABIA,30412
HYUNDAI,HYUNDAI I20,29832
VOLKSWAGEN,VOLKSWAGEN ID4,28712
SKODA,SKODA OCTAVIA,28424
NISSAN,NISSAN X-TRAIL,28231
BMW,BMW X1,28089
MERCEDES,MERCEDES GLA CLASS,27629
DACIA,DACIA SANDERO,27294
DACIA,DACIA DUSTER,26763
PEUGEOT,PEUGEOT 5008,26263
VOLKSWAGEN,VOLKSWAGEN T-CROSS,25293
VOLKSWAGEN,VOLKSWAGEN ID3,25269
HONDA,HONDA JAZZ,25257
MERCEDES,MERCEDES GLC CLASS,25174
VOLVO,VOLVO XC90,24971
TOYOTA,TOYOTA PRIUS,24862
CUPRA,CUPRA BORN,24703
VOLVO,VOLVO EX30,24682
KIA,KIA STONIC,24273
AUDI,AUDI Q5,23986
SEAT,SEAT ARONA,23717
CHERY,CHERY TIGGO,23495
BMW,BMW X3,23491
FIAT,FIAT 500,23360
MAZDA,MAZDA CX-30,23029
MERCEDES,MERCEDES EQA CLASS,23008
PORSCHE,PORSCHE MACAN,22980
FORD,FORD EXPLORER,22342
VOLKSWAGEN,VOLKSWAGEN TAIGO,22290
DACIA,DACIA JOGGER,21947
JEEP,JEEP AVENGER,21591
HONDA,HONDA HR-V,21578
HYUNDAI,HYUNDAI IONIQ,21472
MAZDA,MAZDA CX-5,21182
BMW,BMW X5,20945
VAUXHALL,VAUXHALL ASTRA,20756
POLESTAR,POLESTAR 2,20363
BMW,BMW IX1,19958
LAND ROVER,LAND ROVER RANGE ROVER,19736
AUDI,AUDI Q6,19571
RENAULT,RENAULT SYMBIOZ,19533
FORD,FORD TOURNEO,19411
SEAT,SEAT ATECA,19206
AUDI,AUDI A5,19079
RENAULT,RENAULT AUSTRAL,18669
KIA,KIA EV3,18362
VAUXHALL,VAUXHALL FRONTERA,18359
SKODA,SKODA ELROQ,17580
MERCEDES,MERCEDES EQB CLASS,17083
MAZDA,MAZDA 2,16940
POLESTAR,POLESTAR 4,16773
OMODA,OMODA 5 NOBLE AUTO,16464
CUPRA,CUPRA LEON,16172
MERCEDES,MERCEDES AMG CLASS,16115
RENAULT,RENAULT 5,16088
TOYOTA,TOYOTA RAV4,15978
HYUNDAI,HYUNDAI BAYON,15966
LEXUS,LEXUS LBX,15907
BYD,BYD SEALION,15582
BYD,BYD DOLPHIN,15558
KIA,KIA CEED,15066
KIA,KIA XCEED,14945
LAND ROVER,LAND ROVER RANGE ROVER VELAR,14776
LEXUS,LEXUS NX,14237
RENAULT,RENAULT SCENIC,13879
MERCEDES,MERCEDES C CLASS,13789
AUDI,AUDI A4,13681
AUDI,AUDI A6,13676
BMW,BMW IX,13612
SKODA,SKODA SUPERB,13611
CUPRA,CUPRA TERRAMAR,13500
VOLKSWAGEN,VOLKSWAGEN ID7,13237
TOYOTA,TOYOTA MODEL MISSING,12926
TOYOTA,TOYOTA BZ4X,12894
FORD,FORD FIESTA,12817
SUZUKI,SUZUKI VITARA,12807
KIA,KIA EV6,12111
JAGUAR,JAGUAR F-PACE,12092
NISSAN,NISSAN ARIYA,11907
MERCEDES-BENZ,MERCEDES-BENZ CLA CLASS,11886
JAECOO,JAECOO 5,11860
SKODA,SKODA SCALA,11846
BMW,BMW 5 SERIES,11629
CITROEN,CITROEN C5,11369
BYD,BYD ATTO 3,11119
CITROEN,CITROEN C4,11070
PORSCHE,PORSCHE 911,10948
MERCEDES,MERCEDES GLB CLASS,10723
BMW,BMW I5,10678
PORSCHE,PORSCHE CAYENNE,10640
PEUGEOT,PEUGEOT 308,10580
HYUNDAI,HYUNDAI SANTA FE,10420
BMW,BMW IX2,10379
HONDA,HONDA CR-V,10327
MAZDA,MAZDA 3,10147
PORSCHE,PORSCHE TAYCAN,10007
MINI,MINI ACEMAN,9886
RENAULT,RENAULT MEGANE,9792
VAUXHALL,VAUXHALL CROSSLAND,9647
OMODA,OMODA E5 COMFORT,9537
BMW,BMW IX3,9437
AUDI,AUDI Q8,9408
PEUGEOT,PEUGEOT RIFTER,9397
BMW,BMW 4 SERIES,9228
MG,MG S5,9146
FIAT,FIAT 600,9034
CUPRA,CUPRA TAVASCAN,9021
NISSAN,NISSAN LEAF,8957
FORD,FORD MUSTANG,8914
VOLKSWAGEN,VOLKSWAGEN ID BUZZ,8807
RENAULT,RENAULT ARKANA,8777
VOLKSWAGEN,VOLKSWAGEN ID5,8713
VOLKSWAGEN,VOLKSWAGEN TAYRON,8563
MAZDA,MAZDA CX-60,8374
LEXUS,LEXUS UX,8299
SUZUKI,SUZUKI S-CROSS,8282
AUDI,AUDI Q7,8051
SEAT,SEAT LEON,8043
DACIA,DACIA SPRING,7934
FORD,FORD CAPRI,7751
HONDA,HONDA ZR-V SPORT,7669
SUZUKI,SUZUKI SX,7602
MERCEDES,MERCEDES GLE CLASS,7545
HONDA,HONDA CIVIC,7533
BMW,BMW X2,7460
HONDA,HONDA E,7365
VOLVO,VOLVO EX40,6783
KIA,KIA SORENTO,6776
RENAULT,RENAULT TRAFIC,6627
CITROEN,CITROEN E-C3,6530
VOLKSWAGEN,VOLKSWAGEN PASSAT,6519
JAGUAR,JAGUAR I-PACE,6226
PEUGEOT,PEUGEOT 408,6167
AUDI,AUDI S3,6127
VOLKSWAGEN,VOLKSWAGEN TOUAREG,6120
HYUNDAI,HYUNDAI INSTER,6107
LEAPMOTOR,LEAPMOTOR C10,6078
MERCEDES,MERCEDES EQC CLASS,6055
KIA,KIA EV9,5998
VOLKSWAGEN,VOLKSWAGEN MULTIVAN,5955
MINI,MINI JOHN COOPER WORKS,5767
OMODA,OMODA 5 KNIGHT AUTO,5695
DACIA,DACIA BIGSTER,5668
MERCEDES,MERCEDES E CLASS,5654
NISSAN,NISSAN MODEL MISSING,5392
OMODA,OMODA 9 NOBLE PHEV AUTO,5161
VOLKSWAGEN,VOLKSWAGEN CADDY,5061
KIA,KIA EV4,4959
VAUXHALL,VAUXHALL COMBO,4918
LEXUS,LEXUS RZ,4853
KIA,KIA EV5,4833
LEXUS,LEXUS RX,4808
CUPRA,CUPRA ATECA,4736
BMW,BMW M3,4594
HONDA,HONDA MODEL MISSING,4494
MAZDA,MAZDA MX-5,4412
MERCEDES-BENZ,MERCEDES-BENZ EQE CLASS,4333
SUZUKI,SUZUKI IGNIS,4231
SHINERAY,SHINERAY STARRAY,4213
JEEP,JEEP COMPASS,4195
KIA,KIA PROCEED,4165
BMW,BMW X7,4150
AUDI,AUDI MODEL MISSING,4101
PORSCHE,PORSCHE 718,4101
CITROEN,CITROEN SPACETOURER,4018
JAGUAR,JAGUAR E-PACE,3974
TOYOTA,TOYOTA ESTIMA,3892
VOLKSWAGEN,VOLKSWAGEN UP,3732
VOLKSWAGEN,VOLKSWAGEN MODEL MISSING,3722
MAZDA,MAZDA MX-30,3692
BMW,BMW M2,3656
VOLVO,VOLVO V60,3647
SMART,SMART 1,3507
HYUNDAI,HYUNDAI MODEL MISSING,3432
VOLVO,VOLVO C40,3387
MERCEDES,MERCEDES CLE CLASS,3365
AUDI,AUDI RS3,3342
POLESTAR,POLESTAR 3,3280
MERCEDES,MERCEDES EQE CLASS,3260
ALPINE,ALPINE A290,3251
ALFA ROMEO,ALFA ROMEO JUNIOR,3176
CITROEN,CITROEN BERLINGO,3168
LEAPMOTOR,LEAPMOTOR B10,3101
RENAULT,RENAULT 4,3100
AUDI,AUDI E-TRON,3032
MERCEDES,MERCEDES VITO,2960
MERCEDES,MERCEDES MODEL MISSING,2921
LOTUS,LOTUS ELETRE,2908
MERCEDES-BENZ,MERCEDES-BENZ E CLASS,2775
CITROEN,CITROEN E-BERLINGO,2760
SHINERAY,SHINERAY EX5,2732
SUZUKI,SUZUKI E VITARA,2700
SEAT,SEAT TARRACO,2691
VOLKSWAGEN,VOLKSWAGEN TOURAN,2657
ALFA ROMEO,ALFA ROMEO TONALE,2641
MERCEDES,MERCEDES V CLASS,2581
BMW,BMW MODEL MISSING,2565
RENAULT,RENAULT RAFALE,2561
OMODA,OMODA 7,2558
MG,MG 5,2557
MERCEDES-BENZ,MERCEDES-BENZ EQA CLASS,2523
LAND ROVER,LAND ROVER MODEL MISSING,2509
CITROEN,CITROEN E-C4,2497
MINI,MINI CLUBMAN,2326
SUBARU,SUBARU FORESTER,2311
MERCEDES-BENZ,MERCEDES-BENZ EQB CLASS,2296
TOYOTA,TOYOTA LAND CRUISER,2281
BYD,BYD ATTO 2,2278
MG,MG IM5,2246
MERCEDES-BENZ,MERCEDES-BENZ V CLASS,2222
SUBARU,SUBARU OUTBACK,2190
TOYOTA,TOYOTA NOAH,2175
BMW,BMW M4,2173
FORD,FORD TRANSIT CUSTOM,2107
BMW,BMW X4,2096
BMW,BMW I7,2093
NISSAN,NISSAN MICRA,2076
TOYOTA,TOYOTA VELLFIRE,1950
CHANGAN,CHANGAN DEEPAL,1925
HYUNDAI,HYUNDAI I30,1919
VOLVO,VOLVO MODEL MISSING,1915
LEXUS,LEXUS ES,1915
PORSCHE,PORSCHE PANAMERA,1901
LEAPMOTOR,LEAPMOTOR T03,1873
MERCEDES,MERCEDES B CLASS,1815
BMW,BMW M5,1768
GENESIS,GENESIS GV60,1760
VOLKSWAGEN,VOLKSWAGEN ARTEON,1755
TOYOTA,TOYOTA PROACE,1718
VAUXHALL,VAUXHALL VIVARO,1659
SUZUKI,SUZUKI SWACE,1618
SUBARU,SUBARU CROSSTREK,1589
OTHER BRITISH,OTHER BRITISH MODEL MISSING,1554
BMW,BMW XM,1549
VOLVO,VOLVO V90,1545
MG,MG S6,1522
TOYOTA,TOYOTA URBAN CRUISER,1516
KGM,KGM TIVOLI,1510
SUZUKI,SUZUKI MODEL MISSING,1508
BMW,BMW X6,1501
AUDI,AUDI SQ5,1493
MAZDA,MAZDA CX-80,1490
GENESIS,GENESIS GV70,1482
BMW,BMW 7 SERIES,1476
NISSAN,NISSAN ELGRAND,1473
VOLVO,VOLVO EX90,1422
LAMBORGHINI,LAMBORGHINI URUS,1403
MERCEDES-BENZ,MERCEDES-BENZ GLE CLASS,1398
MG,MG S9,1389
FORD,FORD MODEL MISSING,1366
BENTLEY,BENTLEY CONTINENTAL,1365
DS,DS DS7,1345
JAGUAR,JAGUAR XE SERIES,1343
XPENG,XPENG G6 LONG RANGE,1340
AUDI,AUDI S5,1334
MG,MG IM6,1332
MERCEDES,MERCEDES EQS CLASS,1321
HONDA,HONDA FIT,1319
JAGUAR,JAGUAR XF SERIES,1312
MERCEDES,MERCEDES S CLASS,1296
OMODA,OMODA 5,1286
INEOS,INEOS GRENADIER,1272
BENTLEY,BENTLEY BENTAYGA,1272
MERCEDES-BENZ,MERCEDES-BENZ GLB CLASS,1261
TOYOTA,TOYOTA ALPHARD,1257
OMODA,OMODA 5 COMFORT AUTO,1249
VOLKSWAGEN,VOLKSWAGEN TRANSPORTER,1212
FIAT,FIAT GRANDE PANDA,1197
PEUGEOT,PEUGEOT TRAVELLER,1196
HONDA,HONDA STEPWAGON,1188
SUZUKI,SUZUKI JIMNY,1179
SMART,SMART 3,1149
TOYOTA,TOYOTA GR86,1137
AUDI,AUDI RS6,1097
MASERATI,MASERATI GRECALE,1070
BMW,BMW 8 SERIES,1065
AUDI,AUDI SQ6,1045
JAGUAR,JAGUAR F-TYPE,1030
AUDI,AUDI SQ7,1027
MERCEDES-BENZ,MERCEDES-BENZ G CLASS,1014
MERCEDES-BENZ,MERCEDES-BENZ CLE CLASS,1007
BMW,BMW Z4,980
KIA,KIA K4,979
ASTON MARTIN,ASTON MARTIN DBX,971
DS,DS DS4,948
AUDI,AUDI TT,947
ASTON MARTIN,ASTON MARTIN DB12,939
BENTLEY,BENTLEY MODEL MISSING,915
KIA,KIA PV5,907
JEEP,JEEP WRANGLER,905
AUDI,AUDI RSQ8,880
RENAULT,RENAULT MODEL MISSING,877
ORA,ORA 03 PURE +,870
MERCEDES,MERCEDES GLS CLASS,859
FIAT,FIAT PANDA,855
MERCEDES-BENZ,MERCEDES-BENZ AMG G CLASS,848
ALFA ROMEO,ALFA ROMEO GIULIA,842
VOLVO,VOLVO EC40,835
ALPINE,ALPINE A110,816
AUDI,AUDI TTS,804
ASTON MARTIN,ASTON MARTIN VANTAGE,797
BMW,BMW Z4 M,791
AUDI,AUDI A7,782
ABARTH,ABARTH 500,760
SUBARU,SUBARU SOLTERRA,759
ABARTH,ABARTH 695,756
MERCEDES-BENZ,MERCEDES-BENZ C CLASS,754
KGM,KGM TORRES K40,752
PEUGEOT,PEUGEOT BOXER,744
TOYOTA,TOYOTA AQUA,739
MG,MG CYBERSTER,723
KIA,KIA EV2,708
TOYOTA,TOYOTA VITZ,705
FERRARI,FERRARI 296,703
ORA,ORA FUNKY CAT,689
MITSUBISHI,MITSUBISHI MODEL MISSING,688
AUDI,AUDI RS4,679
SUBARU,SUBARU MODEL MISSING,677
RENAULT TRUCKS,RENAULT TRUCKS TRAFIC,671
AUDI,AUDI SQ2,667
DS,DS DS3,654
KGM,KGM REXTON,652
AUDI,AUDI SQ8,651
TOYOTA,TOYOTA GR YARIS,645
JAGUAR,JAGUAR MODEL MISSING,644
LOTUS,LOTUS EMIRA V6,636
SUZUKI,SUZUKI ACROSS,634
PEUGEOT,PEUGEOT 508,613
ROLLS ROYCE,ROLLS ROYCE CULLINAN,602
CITROEN,CITROEN MODEL MISSING,595
MERCEDES-BENZ,MERCEDES-BENZ AMG GLC CLASS,584
MERCEDES,MERCEDES SPRINTER,580
JEEP,JEEP RENEGADE,573
VOLKSWAGEN,VOLKSWAGEN BEETLE,572
MAZDA,MAZDA MODEL MISSING,571
MERCEDES-BENZ,MERCEDES-BENZ MODEL MISSING,565
JAECOO,JAECOO 8,547
AUDI,AUDI A8,545
AUDI,AUDI S6,540
PEUGEOT,PEUGEOT MODEL MISSING,536
LOTUS,LOTUS EMIRA,530
CITROEN,CITROEN E-C5,523
VOLKSWAGEN,VOLKSWAGEN CRAFTER,523
VOLVO,VOLVO S60,519
MERCEDES-BENZ,MERCEDES-BENZ S CLASS,514
FERRARI,FERRARI PUROSANGUE,510
RENAULT,RENAULT MASTER,508
LOTUS,LOTUS EMEYA,504
ALFA ROMEO,ALFA ROMEO STELVIO,504
KGM,KGM KORANDO,502
VOLVO,VOLVO V40,500
SMART,SMART 5,487
VOLVO,VOLVO V70,483
BENTLEY,BENTLEY FLYING SPUR,478
KGM,KGM ACTYON K50 AUTO,461
LEXUS,LEXUS MODEL MISSING,456
BMW,BMW X5 M,451
MERCEDES-BENZ,MERCEDES-BENZ A CLASS,445
RENAULT,RENAULT ZOE,442
FERRARI,FERRARI ROMA,427
KIA,KIA SOUL,417
HYUNDAI,HYUNDAI PONY,403
SUBARU,SUBARU IMPREZA,399
FORD,FORD ESCORT,398
SKODA,SKODA MODEL MISSING,396
MERCEDES-BENZ,MERCEDES-BENZ AMG C CLASS,395
KIA,KIA MODEL MISSING,383
KIA,KIA RIO,374
FORD,FORD GALAXY,365
DODGE,DODGE MODEL MISSING,364
ABARTH,ABARTH 600E,362
SMART,SMART FORTWO,359
ROLLS ROYCE,ROLLS ROYCE,354
CATERHAM,CATERHAM MODEL MISSING,348
LAMBORGHINI,LAMBORGHINI HURACAN,346
VOLKSWAGEN,VOLKSWAGEN CALIFORNIA,345
JEEP,JEEP MODEL MISSING,341
AUDI,AUDI RS5,341
VAUXHALL,VAUXHALL ALLIED VENTURE,335
VAUXHALL,VAUXHALL MOVANO,331
CITROEN,CITROEN ALLIED,327
BMW,BMW X3 M,326
ABARTH,ABARTH 595,325
FISKER,FISKER OCEAN,324
SSANGYONG,SSANGYONG KORANDO,322
GWM,GWM GWM HAVAL JOLION PRO A,322
HONDA,HONDA PRELUDE,316
AUDI,AUDI S4,310
OMODA,OMODA E5 KNIGHT,300
PORSCHE,PORSCHE MODEL MISSING,298
PEUGEOT,PEUGEOT ALLIED,293
BMW,BMW M8,284
HONDA,HONDA ODYSSEY,279
FERRARI,FERRARI 12CILINDRI,274
FORD,FORD TRANSIT,272
ORA,ORA 03 PRO +,269
SSANGYONG,SSANGYONG TIVOLI,267
MERCEDES-BENZ,MERCEDES-BENZ AMG GT CLASS,265
ASTON MARTIN,ASTON MARTIN MODEL MISSING,263
NISSAN,NISSAN SERENA,260
CHEVROLET,CHEVROLET MODEL MISSING,254
FORD,FORD S-MAX,248
MERCEDES-BENZ,MERCEDES-BENZ AMG GLE CLASS,247
LAMBORGHINI,LAMBORGHINI REVUELTO,246
MCLAREN,MCLAREN 750S,244
AUDI,AUDI RSQ3,243
SUBARU,SUBARU XV,241
MCLAREN,MCLAREN ARTURA,241
JEEP,JEEP GRAND CHEROKEE,240
MERCEDES,MERCEDES G CLASS,234
HONDA,HONDA ACCORD,232
SSANGYONG,SSANGYONG REXTON,223
CHEVROLET,CHEVROLET CORVETTE,219
GWM,GWM ORA 03 PRO,218
SUBARU,SUBARU LEGACY,215
MORGAN,MORGAN PLUS FOUR,212
VOLKSWAGEN,VOLKSWAGEN SHARAN,211
LEXUS,LEXUS LM,211
BMW,BMW X4 M,210
NISSAN,NISSAN NOTE,206
XPENG,XPENG G6 STANDARD RANGE,196
TOYOTA,TOYOTA HIGHLANDER,194
FORD,FORD ALLIED,191
TOYOTA,TOYOTA SIENTA,191
FERRARI,FERRARI SF90,185
MERCEDES-BENZ,MERCEDES-BENZ AMG E CLASS,185
MERCEDES,MERCEDES 200,178
ROLLS ROYCE,ROLLS ROYCE GHOST,174
MINI,MINI MODEL MISSING,173
VOLVO,VOLVO ES90,173
FIAT,FIAT TIPO,172
AUDI,AUDI R8,170
MG,MG MODEL MISSING,166
TOYOTA,TOYOTA CROWN,164
FIAT,FIAT MODEL MISSING,163
KGM,KGM TORRES,159
ASTON MARTIN,ASTON MARTIN VANQUISH,157
MERCEDES,MERCEDES COLEMAN MILNE,156
GENESIS,GENESIS GV80,147
JAECOO,JAECOO MODEL MISSING,146
JAGUAR,JAGUAR E TYPE,144
BMW,BMW X6 M,138
BMW,BMW ALPINA B3,138
XPENG,XPENG G6,137
FERRARI,FERRARI MODEL MISSING,133
GENESIS,GENESIS G80,132
MERCEDES-BENZ,MERCEDES-BENZ GLC CLASS,132
SKYWELL,SKYWELL BE11,127
NISSAN,NISSAN SILVIA,127
MERCEDES,MERCEDES EQV CLASS,126
NISSAN,NISSAN CUBE,126
CHRYSLER,CHRYSLER MODEL MISSING,120
TOYOTA,TOYOTA FJ CRUISER,119
AUDI,AUDI RS7,119
NISSAN,NISSAN SKYLINE,119
ROLLS ROYCE,ROLLS ROYCE PHANTOM,115
AUSTIN HEALEY,AUSTIN HEALEY MODEL MISSING,111
MCLAREN,MCLAREN MODEL MISSING,109
MASERATI,MASERATI LEVANTE,108
FORD,FORD CORTINA,108
ALFA ROMEO,ALFA ROMEO MODEL MISSING,107
FERRARI,FERRARI 812,106
MASERATI,MASERATI GRANTURISMO,105
JAGUAR,JAGUAR XJ SERIES,104
HONDA,HONDA INSIGHT,104
LAMBORGHINI,LAMBORGHINI TEMERARIO,103
FORD,FORD COLEMAN MILNE,102
MERCEDES,MERCEDES EVITO,102
MERCEDES-BENZ,MERCEDES-BENZ EQV CLASS,102
AION,AION V ADVANCED,101
TOYOTA,TOYOTA SUPRA,100
MERCEDES-BENZ,MERCEDES-BENZ AMG EQE CLASS,99
JAGUAR,JAGUAR XK SERIES,99
VOLVO,VOLVO S90,97
TESLA,TESLA MODEL X,96
TESLA,TESLA MODEL S,95
TOYOTA,TOYOTA ALTEZZA,95
FIAT,FIAT DUCATO,94
FORD,FORD MONDEO,94
CHEVROLET GMC,CHEVROLET GMC CORVETTE,93
MAN,MAN TGE,92
MITSUBISHI,MITSUBISHI LANCER,92
MITSUBISHI,MITSUBISHI OUTLANDER,91
CADILLAC,CADILLAC MODEL MISSING,90
TOYOTA,TOYOTA HIACE,89
ARIEL,ARIEL MODEL MISSING,88
DACIA,DACIA MODEL MISSING,88
GENESIS,GENESIS G70,88
MAXUS,MAXUS MIFA,87
AUDI,AUDI S7,85
PEUGEOT,PEUGEOT 106,85
GWM,GWM ORA 03 GT,84
DS,DS NO 8,82
OPEL,OPEL MODEL MISSING,82
VOLKSWAGEN,VOLKSWAGEN JETTA,82
MAZDA,MAZDA DEMIO,81
MORGAN,MORGAN PLUS SIX AUTO,80
NISSAN,NISSAN MARCH,78
HONDA,HONDA INTEGRA,76
DS,DS DS9,75
ASTON MARTIN,ASTON MARTIN DBS,74
SEAT,SEAT MODEL MISSING,73
MERCEDES-BENZ,MERCEDES-BENZ AMG CLA CLASS,73
CHEVROLET GMC,CHEVROLET GMC CAMARO,73
MERCEDES-BENZ,MERCEDES-BENZ EQS CLASS,72
OMODA,OMODA MODEL MISSING,71
POLESTAR,POLESTAR MODEL MISSING,71
FORD,FORD ECOSPORT,70
MASERATI,MASERATI GRECALE FOLGORE,69
LEXUS,LEXUS LS,69
MCLAREN,MCLAREN GT,69
MORGAN,MORGAN PLUS 6,68
VAUXHALL,VAUXHALL MODEL MISSING,66
PEUGEOT,PEUGEOT 406,65
AUDI,AUDI TTRS,65
LAMBORGHINI,LAMBORGHINI MODEL MISSING,64
HONDA,HONDA S660,63
CHEVROLET GMC,CHEVROLET GMC MODEL MISSING,60
LEXUS,LEXUS IS,60
AUDI,AUDI S8,60
FERRARI,FERRARI AMALFI,60
VOLVO,VOLVO V50,59
CHERY,CHERY MODEL MISSING,59
LEXUS,LEXUS LC,59
MINI,MINI ONE,58
AUSTIN,AUSTIN MINI,58
BMW,BMW 6 SERIES,57
AUSTIN,AUSTIN MODEL MISSING,56
ROLLS ROYCE,ROLLS ROYCE MODEL MISSING,56
MAXUS,MAXUS DELIVER,55
SMART,SMART MODEL MISSING,54
LINCOLN,LINCOLN MODEL MISSING,54
VOLKSWAGEN,VOLKSWAGEN KARMANN GHIA,53
LANCIA,LANCIA MODEL MISSING,51
TESLA,TESLA MODEL MISSING,50
BMW,BMW ALPINA D3,50
MAZDA,MAZDA RX-7,49
FERRARI,FERRARI DAYTONA,48
DATSUN,DATSUN MODEL MISSING,47
TOYOTA,TOYOTA CELICA,47
FORD,FORD SIERRA,46
LAND ROVER,LAND ROVER FREELANDER,46
GORDON MURRAY,GORDON MURRAY T.50,44
LANCIA,LANCIA FULVIA,44
DS,DS NO 4,43
MAZDA,MAZDA MAZDA 6E,42
JEEP,JEEP CHEROKEE,42
MASERATI,MASERATI GRANCABRIO,41
TOYOTA,TOYOTA CENTURY,41
ALFA ROMEO,ALFA ROMEO GIULIETTA,40
ASTON MARTIN,ASTON MARTIN VALHALLA,40
ALPINE,ALPINE A390,39
TOYOTA,TOYOTA MR2,39
LOTUS,LOTUS MODEL MISSING,38
CITROEN,CITROEN RELAY,38
BUICK,BUICK MODEL MISSING,37
SHINERAY,SHINERAY MODEL MISSING,36
PEUGEOT,PEUGEOT HORIZON,36
TOYOTA,TOYOTA SOARER,36
ALFA ROMEO,ALFA ROMEO SPIDER,36
MERCEDES,MERCEDES 190,35
BMW,BMW Z3,34
TOYOTA,TOYOTA 4-RUNNER,34
HYUNDAI,HYUNDAI 1400,33
TOYOTA,TOYOTA PREVIA,33
FORD,FORD GRANADA,33
MERCEDES,MERCEDES 300,33
VOLVO,VOLVO XC70,33
VOLKSWAGEN,VOLKSWAGEN LUPO,33
MASERATI,MASERATI MC20,33
ROVER,ROVER MINI,33
TOYOTA,TOYOTA CAVALIER,32
FERRARI,FERRARI PORTOFINO,32
PORSCHE,PORSCHE BOXSTER,32
NISSAN,NISSAN PRIMASTAR,31
MASERATI,MASERATI GHIBLI,31
MERCEDES-BENZ,MERCEDES-BENZ AMG CLE CLASS,31
MERCEDES,MERCEDES SL CLASS,31
CADILLAC,CADILLAC ESCALADE,30
AUSTIN,AUSTIN SEVEN,30
FORD,FORD ANGLIA,30
PONTIAC,PONTIAC FIREBIRD,30
VAUXHALL,VAUXHALL ZAFIRA,29
MERCEDES,MERCEDES SLK CLASS,28
PONTIAC,PONTIAC MODEL MISSING,28
VOLKSWAGEN,VOLKSWAGEN CARAVELLE,28
TOYOTA,TOYOTA SPRINTER,28
FIAT,FIAT 126,28
VOLVO,VOLVO 850,28
TRIUMPH,TRIUMPH MODEL MISSING,27
DFSK,DFSK MODEL MISSING,27
TOYOTA,TOYOTA AVENSIS,27
DAIHATSU,DAIHATSU MODEL MISSING,27
MAZDA,MAZDA BONGO FRIENDEE A,27
TRIUMPH,TRIUMPH TR4,27
BUGATTI,BUGATTI MODEL MISSING,26
CITROEN,CITROEN DS,26
MERCURY,MERCURY MODEL MISSING,26
PLYMOUTH,PLYMOUTH MODEL MISSING,26
AUDI,AUDI QUATTRO,25
LEXUS,LEXUS RC,25
BMW,BMW ALPINA B5,25
CITROEN,CITROEN 2CV,25
TOYOTA,TOYOTA MARK II,25
TRIUMPH,TRIUMPH TR3,25
WESTFIELD,WESTFIELD MODEL MISSING,25
BMW,BMW 1 SERIES M,24
JAGUAR,JAGUAR S TYPE,24
MAZDA,MAZDA 6,24
MERCEDES,MERCEDES CLS CLASS,24
PEUGEOT,PEUGEOT 309,24
VOLVO,VOLVO S80,24
LADA,LADA MODEL MISSING,24
MORRIS,MORRIS MINI,24
TRIUMPH,TRIUMPH TR6,24
BMW,BMW ALPINA B4,23
ASTON MARTIN,ASTON MARTIN VALKYRIE,22
FERRARI,FERRARI TESTAROSSA,22
FORD,FORD THUNDERBIRD,22
MG,MG B,22
MG,MG ROADSTER,22
MORRIS,MORRIS MINOR,22
NISSAN,NISSAN 350,22
MERCEDES,MERCEDES VIANO,21
DATSUN,DATSUN 240,21
MERCEDES-BENZ,MERCEDES-BENZ AMG A CLASS,21
PORSCHE,PORSCHE CAYMAN,21
FORD,FORD RANGER,20
HOLDEN,HOLDEN MODEL MISSING,20
SUZUKI,SUZUKI CARRY,20
VAUXHALL,VAUXHALL INSIGNIA,20
VOLVO,VOLVO C30,20
ACURA,ACURA MODEL MISSING,20
ALFA ROMEO,ALFA ROMEO GT,20
ALFA ROMEO,ALFA ROMEO GTV,20
CHEVROLET GMC,CHEVROLET GMC IMPALA,20
FISKER,FISKER MODEL MISSING,19
ASTON MARTIN,ASTON MARTIN DB11,19
HONDA,HONDA S2000,19
PORSCHE,PORSCHE 928,18
ROVER,ROVER MODEL MISSING,18
SKODA,SKODA YETI,18
VOLKSWAGEN,VOLKSWAGEN SCIROCCO,18
AUDI,AUDI S1,18
MASERATI,MASERATI MODEL MISSING,18
FIAT,FIAT 124,18
MG,MG A,18
MORRIS,MORRIS MODEL MISSING,18
RENAULT,RENAULT TWINGO,17
HOUSEHAM,HOUSEHAM MODEL MISSING,17
LEXUS,LEXUS CT,17
DAIHATSU,DAIHATSU MIRA,17
OLDSMOBILE,OLDSMOBILE MODEL MISSING,17
SUZUKI,SUZUKI ALTO,17
TOYOTA,TOYOTA IQ,17
CADILLAC,CADILLAC LYRIQ EV,16
BMW,BMW ALPINA D4,16
MERCEDES,MERCEDES ML CLASS,16
TOYOTA,TOYOTA STARLET,16
HONDA,HONDA NSX,16
OPEL,OPEL KADETT,16
HYUNDAI,HYUNDAI 1200,15
RENAULT TRUCKS,RENAULT TRUCKS MASTER,15
HONDA,HONDA LEGEND,15
LEXUS,LEXUS GS,15
MOBILVETTA,MOBILVETTA MODEL MISSING,15
BMW,BMW 2002,15
DAIHATSU,DAIHATSU HI-JET,15
DAIMLER,DAIMLER MODEL MISSING,15
FORD,FORD CROWN VICTORIA,15
MASERATI,MASERATI QUATTROPORTE,15
COLEMAN MILNE,COLEMAN MILNE MODEL MISSING,14
MERCEDES,MERCEDES 500,14
MITSUBISHI,MITSUBISHI DELICA,14
RENAULT,RENAULT KADJAR,14
SEAT,SEAT ALHAMBRA,14
AC,AC MODEL MISSING,14
HONDA,HONDA N-VAN,14
LOTUS,LOTUS EUROPA,14
MERCEDES,MERCEDES 450,14
MITSUBISHI,MITSUBISHI COLT,14
SUNBEAM,SUNBEAM ALPINE,14
TOYOTA,TOYOTA IPSUM,14
BMW,BMW I3,13
CHANGAN,CHANGAN MODEL MISSING,13
HONDA,HONDA SUPER N,13
LEVC,LEVC MODEL MISSING,13
PEUGEOT,PEUGEOT 108,13
PEUGEOT,PEUGEOT 205,13
PEUGEOT,PEUGEOT 206,13
PEUGEOT,PEUGEOT 504,13
RENAULT TRUCKS,RENAULT TRUCKS MODEL MISSING,13
TOYOTA,TOYOTA CORONA,13
ASTON MARTIN,ASTON MARTIN VALOUR,13
AUSTIN,AUSTIN HEALEY,13
DATSUN,DATSUN 510,13
LANCIA,LANCIA DELTA,13
LOTUS,LOTUS ELAN,13
CITROEN,CITROEN DYANE,12
CUPRA,CUPRA MODEL MISSING,12
MOKE AUTOMIBILI,MOKE AUTOMIBILI MODEL MISSING,12
SMART,SMART FORFOUR,12
GENESIS,GENESIS MODEL MISSING,12
GORDON MURRAY,GORDON MURRAY MODEL MISSING,12
TOYOTA,TOYOTA AURIS,12
TOYOTA,TOYOTA HILUX,12
INFINITI,INFINITI MODEL MISSING,12
TOYOTA,TOYOTA TOWNACE,12
CHEVROLET GMC,CHEVROLET GMC BELAIR,12
HYUNDAI,HYUNDAI LANTRA,12
JAGUAR,JAGUAR MK II,12
MERCEDES,MERCEDES CLK CLASS,12
MERCEDES-BENZ,MERCEDES-BENZ AMG SL CLASS,12
MG,MG MIDGET,12
TATA,TATA MODEL MISSING,11
MITSUBISHI,MITSUBISHI PAJERO,11
FERRARI,FERRARI F80,11
ALFA ROMEO,ALFA ROMEO 1750,11
CITROEN,CITROEN DS3,11
CORVETTE,CORVETTE MODEL MISSING,11
LEYLAND CARS,LEYLAND CARS MINI,11
MAZDA,MAZDA 5,11
MAZDA,MAZDA MPV,11
OPEL,OPEL ASCONA,11
SKODA,SKODA CITIGO,11
SUNBEAM,SUNBEAM TIGER,11
ORA,ORA 03 GT,10
FORD,FORD C-MAX,10
FORD,FORD FREEDOM,10
KOENIGSEGG,KOENIGSEGG MODEL MISSING,10
SUZUKI,SUZUKI HUSTLER,10
ASTON MARTIN,ASTON MARTIN DB9,10
BMW,BMW M6,10
DAIHATSU,DAIHATSU COPEN,10
FORD,FORD KA,10
FORD,FORD TAURUS,10
JENSEN,JENSEN INTERCEPTOR,10
MERCEDES-BENZ,MERCEDES-BENZ SL CLASS,10
MG,MG TF,10
OPEL,OPEL CORSA,10
PORSCHE,PORSCHE 944,10
SAAB,SAAB 9-3,10
SAAB,SAAB 96,10
TOYOTA,TOYOTA GT86,10
HUMMER,HUMMER MODEL MISSING,9
PEUGEOT,PEUGEOT PARTNER,9
INEOS,INEOS MODEL MISSING,9
LONDON TAXIS INT,LONDON TAXIS INT MODEL MISSING,9
MINI,MINI PACEMAN,9
SAVIEM,SAVIEM MODEL MISSING,9
SSANGYONG,SSANGYONG MODEL MISSING,9
TRIUMPH,TRIUMPH SPITFIRE,9
ABARTH,ABARTH MODEL MISSING,9
BUICK,BUICK RIVIERA,9
FERRARI,FERRARI F430,9
FIAT,FIAT 850,9
FORD,FORD ZEPHYR,9
MERCEDES,MERCEDES 380,9
MITSUBISHI,MITSUBISHI ECLIPSE,9
NISSAN,NISSAN PULSAR,9
ROLLS ROYCE,ROLLS ROYCE DAWN,9
ROVER,ROVER 75,9
VOLKSWAGEN,VOLKSWAGEN K 70,9
VOLVO,VOLVO P1800,9
CITROEN,CITROEN ZX,8
ISUZU,ISUZU MODEL MISSING,8
MITSUBISHI,MITSUBISHI ASX,8
NISSAN,NISSAN PATROL,8
PEUGEOT,PEUGEOT 207,8
SAAB,SAAB 9-5,8
MAEVING,MAEVING MODEL MISSING,8
TOYOTA,TOYOTA CAMRY,8
ALFA ROMEO,ALFA ROMEO 159,8
ALFA ROMEO,ALFA ROMEO 2000,8
ASTON MARTIN,ASTON MARTIN DB4,8
ASTON MARTIN,ASTON MARTIN V8,8
DAIHATSU,DAIHATSU MOVE,8
DATSUN,DATSUN 280,8
LAMBORGHINI,LAMBORGHINI MURCIELAGO,8
MG,MG C,8
MG,MG RV8,8
RILEY,RILEY MODEL MISSING,8
TRIUMPH,TRIUMPH STAG,8
TRIUMPH,TRIUMPH TR7,8
TRIUMPH,TRIUMPH TR8,8
PORSCHE,PORSCHE 918,8
ALPINA,ALPINA MODEL MISSING,7
CITROEN,CITROEN CX,7
HYUNDAI,HYUNDAI I40,7
HYUNDAI,HYUNDAI I800,7
HYUNDAI,HYUNDAI IX35,7
PEUGEOT,PEUGEOT 307,7
SKODA,SKODA RAPID,7
ZHENHUA,ZHENHUA MODEL MISSING,7
TOYOTA,TOYOTA CARINA,7
ALFA ROMEO,ALFA ROMEO ALFETTA,7
ALFA ROMEO,ALFA ROMEO MONTREAL,7
ASTON MARTIN,ASTON MARTIN DB2/4,7
ASTON MARTIN,ASTON MARTIN DB5,7
ASTON MARTIN,ASTON MARTIN DB6,7
AUSTIN,AUSTIN A40,7
BMW,BMW ALPINA XB7,7
CITROEN,CITROEN SM,7
FIAT,FIAT DINO,7
HONDA,HONDA ACTY,7
HUMMER,HUMMER H2,7
LANCIA,LANCIA BETA,7
LANCIA,LANCIA FLAMINIA,7
LEXUS,LEXUS SC,7
LOTUS,LOTUS ELISE,7
MERCEDES,MERCEDES CL CLASS,7
TALBOT,TALBOT MODEL MISSING,7
VAUXHALL,VAUXHALL VIVA,7
VOLKSWAGEN,VOLKSWAGEN VARIANT,7
MERCEDES-BENZ,MERCEDES-BENZ COLEMAN MILNE,7
BMW,BMW ALPINA XD3,6
MAHINDRA,MAHINDRA MODEL MISSING,6
MERCEDES,MERCEDES GL CLASS,6
ACURA,ACURA MDX,6
ASTON MARTIN,ASTON MARTIN DB7,6
AUSTIN,AUSTIN SPRITE,6
DAIMLER,DAIMLER SP 250,6
DE TOMASO,DE TOMASO MODEL MISSING,6
FERRARI,FERRARI 458,6
FERRARI,FERRARI 488,6
FERRARI,FERRARI F8,6
FIAT,FIAT BARCHETTA,6
FORD,FORD CONSUL,6
FORD,FORD GT,6
GENERAL MOTORS,GENERAL MOTORS MODEL MISSING,6
HONDA,HONDA CRX,6
HONDA,HONDA N-BOX,6
HYUNDAI,HYUNDAI PICK UP,6
JENSEN,JENSEN MODEL MISSING,6
LANCIA,LANCIA FLAVIA,6
LANCIA,LANCIA MONTECARLO,6
MAZDA,MAZDA 323,6
MERCEDES,MERCEDES SLS CLASS,6
MORGAN,MORGAN 4/4,6
MORGAN,MORGAN MODEL MISSING,6
MORGAN,MORGAN PLUS 4,6
NISSAN,NISSAN 200,6
SUZUKI,SUZUKI GRAND VITARA,6
VOLVO,VOLVO 122,6
GREAT WALL,GREAT WALL MODEL MISSING,5
MERCEDES-BENZ,MERCEDES-BENZ SPRINTER,5
TESLA,TESLA ROADSTER,5
YAMAHA,YAMAHA MODEL MISSING,5
AUDI,AUDI COUPE,5
KIA,KIA CARENS,5
MERCEDES,MERCEDES 350,5
MITSUBISHI,MITSUBISHI SHOGUN,5
ROVER,ROVER RANGE ROVER,5
SKODA,SKODA S100,5
VAUXHALL,VAUXHALL VICTOR,5
VOLVO,VOLVO S40,5
HONDA,HONDA CR-Z,5
ALFA ROMEO,ALFA ROMEO ALFASUD,5
ASTON MARTIN,ASTON MARTIN VALIANT,5
BMW,BMW 3.0 CS,5
BMW,BMW ALPINA B8,5
CADILLAC,CADILLAC CTS,5
CHEVROLET GMC,CHEVROLET GMC CHEVELLE,5
CITROEN,CITROEN AMI,5
CITROEN,CITROEN C1,5
CITROEN,CITROEN DS21,5
FIAT,FIAT UNO,5
HUMBER,HUMBER MODEL MISSING,5
HUMMER,HUMMER H3,5
KIA,KIA STINGER,5
LOTUS,LOTUS EXIGE,5
MCLAREN,MCLAREN 720S,5
MGB,MGB MODEL MISSING,5
MORGAN,MORGAN MIDSUMMER AUTO,5
MORGAN,MORGAN PLUS 8,5
MORRIS,MORRIS COWLEY,5
NISSAN,NISSAN MURANO,5
PEUGEOT,PEUGEOT 107,5
PORSCHE,PORSCHE CARRERA,5
R-VISION,R-VISION MODEL MISSING,5
ROLLS ROYCE,ROLLS ROYCE WRAITH,5
ROVER,ROVER 3500,5
SAAB,SAAB MODEL MISSING,5
SUNBEAM,SUNBEAM MODEL MISSING,5
TRIUMPH,TRIUMPH GT6,5
TRIUMPH,TRIUMPH TR5,5
VOLKSWAGEN,VOLKSWAGEN 1600,5
NISSAN,NISSAN INTERSTAR,4
REVA,REVA MODEL MISSING,4
XPENG,XPENG MODEL MISSING,4
DACIA,DACIA LOGAN,4
FIAT,FIAT PUNTO,4
FORD,FORD GRAND C-MAX,4
HYUNDAI,HYUNDAI STARIA,4
JAGUAR,JAGUAR EAGLE,4
LAND ROVER,LAND ROVER 88,4
NISSAN,NISSAN NV200,4
RENAULT,RENAULT GRAND SCENIC,4
RENAULT,RENAULT KANGOO,4
RENAULT,RENAULT LAGUNA,4
FERRARI,FERRARI LAFERRARI,4
HONCHING,HONCHING MODEL MISSING,4
HONDA,HONDA GL1100D,4
LEVC,LEVC TX,4
LONSDALE,LONSDALE MODEL MISSING,4
MERCEDES-BENZ,MERCEDES-BENZ GLS CLASS,4
NISSAN,NISSAN SUNNY,4
ASTON MARTIN,ASTON MARTIN DBR,4
ASTON MARTIN,ASTON MARTIN LAGONDA,4
AUDI,AUDI 80,4
BMW,BMW Z8,4
BUICK,BUICK ELECTRA,4
BUICK,BUICK SPECIAL,4
CHEVROLET,CHEVROLET CAMARO,4
CITROEN,CITROEN BX,4
CITROEN,CITROEN DS4,4
COLT,COLT MODEL MISSING,4
DATSUN,DATSUN 1200,4
FERRARI,FERRARI 612,4
FIAT,FIAT 127,4
HILLMAN,HILLMAN IMP,4
HYUNDAI,HYUNDAI IX20,4
LADA,LADA 1500,4
LAMBORGHINI,LAMBORGHINI GALLARDO,4
LEYLAND,LEYLAND MODEL MISSING,4
LEYLAND CARS,LEYLAND CARS MODEL MISSING,4
MAZDA,MAZDA CX-3,4
MG,MG METRO,4
MG,MG TD/TF,4
MITSUBISHI,MITSUBISHI SPACE STAR,4
MORGAN,MORGAN ROADSTER,4
NISSAN,NISSAN GT-R,4
NISSAN,NISSAN PRIMERA,4
OPEL,OPEL GT,4
OPEL,OPEL MANTA,4
OPEL,OPEL REKORD,4
PEUGEOT,PEUGEOT 404,4
PONTIAC,PONTIAC BONNEVILLE,4
RENAULT,RENAULT 16,4
SINGER,SINGER MODEL MISSING,4
SUZUKI,SUZUKI CAPPUCCINO,4
TRIUMPH,TRIUMPH DOLOMITE,4
TVR,TVR MODEL MISSING,4
VOLKSWAGEN,VOLKSWAGEN 181,4
VOLKSWAGEN,VOLKSWAGEN EOS,4
WOLSELEY,WOLSELEY MODEL MISSING,4
ZASTAVA,ZASTAVA MODEL MISSING,4
DS,DS MODEL MISSING,3
MAGIRUS DEUTZ,MAGIRUS DEUTZ MODEL MISSING,3
THINK,THINK MODEL MISSING,3
VOLVO,VOLVO EX60,3
ZURN HARVESTING,ZURN HARVESTING Z160,3
AUDI,AUDI A2,3
CHRYSLER,CHRYSLER GRAND VOYAGER,3
CITROEN,CITROEN C6,3
FIAT,FIAT QUBO,3
FIAT,FIAT SCUDO,3
MAXUS,MAXUS MODEL MISSING,3
MERCEDES-BENZ,MERCEDES-BENZ WILCOX,3
NSU,NSU MODEL MISSING,3
OPEL,OPEL ZAFIRA,3
PEUGEOT,PEUGEOT 505,3
TRIUMPH,TRIUMPH 1300,3
ALFA ROMEO,ALFA ROMEO 147,3
VOLVO,VOLVO 240,3
BEDFORD,BEDFORD MODEL MISSING,3
NISSAN,NISSAN KUBISTAR,3
TOYOTA,TOYOTA HARRIER,3
TOYOTA,TOYOTA VISTA,3
VOLKSWAGEN,VOLKSWAGEN LT,3
ALFA ROMEO,ALFA ROMEO BERLINA,3
ALFA ROMEO,ALFA ROMEO SPRINT,3
ASTON MARTIN,ASTON MARTIN VIRAGE,3
AUDI,AUDI 100,3
AUSTIN,AUSTIN A35,3
BENTLEY,BENTLEY AZURE,3
BMW,BMW ALPINA B10,3
CHRYSLER,CHRYSLER 300C,3
CITROEN,CITROEN D SUPER,3
CORVETTE,CORVETTE C6,3
CZ,CZ MODEL MISSING,3
DAIMLER,DAIMLER DOUBLE SIX,3
DATSUN,DATSUN BLUEBIRD,3
FERRARI,FERRARI 360,3
FERRARI,FERRARI F12,3
FERRARI,FERRARI MONZA,3
FIAT,FIAT 128,3
FIAT,FIAT CINQUECENTO,3
FIAT,FIAT X1/9,3
FORD,FORD B-MAX,3
FORD,FORD F150,3
FORD,FORD LTD,3
FORD,FORD ORION,3
FORD,FORD POPULAR,3
JENSEN,JENSEN JENSEN-HEALEY,3
LADA,LADA NIVA,3
LAMBORGHINI,LAMBORGHINI DIABLO,3
LAMBRETTA,LAMBRETTA MODEL MISSING,3
MARCOS,MARCOS MODEL MISSING,3
MASERATI,MASERATI COUPE,3
MASERATI,MASERATI GT2 STRADALE S-A,3
MASERATI,MASERATI MERAK,3
MAYBACH,MAYBACH 57,3
MAYBACH,MAYBACH MODEL MISSING,3
MAZDA,MAZDA 929,3
MAZDA,MAZDA FAMILIA,3
MERCEDES,MERCEDES 600,3
MERCEDES,MERCEDES R CLASS,3
MG,MG ZT,3
MITSUBISHI,MITSUBISHI MIRAGE,3
MORRIS,MORRIS OXFORD,3
NISSAN,NISSAN 370,3
NISSAN,NISSAN STAGEA,3
NISSAN,NISSAN TOWNSTAR,3
PONTIAC,PONTIAC CATALINA,3
PORSCHE,PORSCHE 924,3
RENAULT,RENAULT 17,3
ROLLS ROYCE,ROLLS ROYCE CORNICHE,3
ROLLS ROYCE,ROLLS ROYCE SILVER SHADOW,3
ROVER,ROVER 2000 SERIES,3
RUF,RUF MODEL MISSING,3
SAAB,SAAB 95,3
SIMCA,SIMCA MODEL MISSING,3
STEYR,STEYR MODEL MISSING,3
SUZUKI,SUZUKI SAMURAI,3
TALBOT,TALBOT SUNBEAM,3
TRIUMPH,TRIUMPH 2000,3
TRIUMPH,TRIUMPH TR2,3
TRIUMPH,TRIUMPH VITESSE,3
VOLKSWAGEN,VOLKSWAGEN BORA,3
WELLS,WELLS VERTIGE,3
YUAN,YUAN MODEL MISSING,3
MCLAREN,MCLAREN P1,3
BYD,BYD ENVIRO 200,2
ORA,ORA 07 PURE,2
RENAULT,RENAULT FLUENCE,2
RENAULT,RENAULT TWIZY,2
SKYWELL,SKYWELL MODEL MISSING,2
SUBARU,SUBARU UNCHARTED,2
TOYOTA,TOYOTA MIRAI,2
CHAMP,CHAMP MODEL MISSING,2
CHRYSLER,CHRYSLER 180,2
CITROEN,CITROEN DISPATCH,2
FIAT,FIAT BURSTNER,2
FIAT,FIAT CHAUSSON,2
FIAT,FIAT DOBLO,2
JAGUAR,JAGUAR X TYPE,2
KIA,KIA SEDONA,2
KIA,KIA VENGA,2
MAN,MAN MODEL MISSING,2
MORRIS,MORRIS MARINA,2
NISSAN,NISSAN URVAN,2
OPEL,OPEL ASTRA,2
OPEL,OPEL INSIGNIA,2
PEUGEOT,PEUGEOT 305,2
PEUGEOT,PEUGEOT BARON,2
PEUGEOT,PEUGEOT ELDDIS,2
PEUGEOT,PEUGEOT EXPERT,2
PINZGAUER,PINZGAUER MODEL MISSING,2
SEAT,SEAT EXEO,2
SKODA,SKODA FAVORIT,2
TATA,TATA SAFARI,2
TOYOTA,TOYOTA GRANVIA,2
VAUXHALL,VAUXHALL VECTRA,2
VOLKSWAGEN,VOLKSWAGEN GRAND CALIFORNIA,2
AEON,AEON MODEL MISSING,2
EBRO,EBRO MODEL MISSING,2
FORD,FORD FUSION,2
ALFA ROMEO,ALFA ROMEO BRERA,2
ASTON MARTIN,ASTON MARTIN DB2,2
ASTON MARTIN,ASTON MARTIN VOLANTE,2
AUDI,AUDI CABRIOLET,2
AUSTIN,AUSTIN A50,2
BENTLEY,BENTLEY ARNAGE,2
BENTLEY,BENTLEY MULSANNE,2
BMW,BMW 1602,2
BMW,BMW 1802,2
BMW,BMW 2000,2
BMW,BMW 3.0 CSL,2
BMW,BMW ALPINA B7,2
BSA,BSA MODEL MISSING,2
BUICK,BUICK LE SABRE,2
CHEVROLET,CHEVROLET LACETTI,2
CHRYSLER,CHRYSLER NEW YORKER,2
CITROEN,CITROEN ID,2
CITROEN,CITROEN VISA,2
DAF,DAF MODEL MISSING,2
DAIHATSU,DAIHATSU CHARADE,2
DAIHATSU,DAIHATSU SIRION,2
DAIMLER,DAIMLER LIMOUSINE,2
DAIMLER,DAIMLER SOVEREIGN,2
DATSUN,DATSUN 260,2
DATSUN,DATSUN CHERRY,2
DENNIS,DENNIS MODEL MISSING,2
DODGE,DODGE RAM 1500,2
ENTERPRISE BUS,ENTERPRISE BUS MODEL MISSING,2
FERRARI,FERRARI 599,2
FERRARI,FERRARI FF,2
FERRARI,FERRARI GTC4,2
FERRARI,FERRARI SA APERTA,2
FIAT,FIAT 1500,2
FIAT,FIAT MIRAFIORI,2
FORD,FORD CORSAIR,2
FORD,FORD KA+,2
FORD,FORD PREFECT,2
GARELLI,GARELLI MODEL MISSING,2
GAZ,GAZ MODEL MISSING,2
HILLMAN,HILLMAN SUPER MINX,2
HONDA,HONDA INSPIRE,2
HYMER,HYMER B CLASS,2
HYUNDAI,HYUNDAI S-COUPE,2
HYUNDAI,HYUNDAI X2,2
INFINITI,INFINITI G37,2
JAGUAR,JAGUAR 420,2
KARRIER,KARRIER MODEL MISSING,2
LAND ROVER,LAND ROVER 110,2
LINCOLN,LINCOLN TOWN CAR,2
LOTUS,LOTUS ELITE,2
LOTUS,LOTUS ESPRIT,2
LOTUS,LOTUS SEVEN,2
MASERATI,MASERATI BITURBO,2
MASERATI,MASERATI SPYDER,2
MAZDA,MAZDA PREMACY,2
MCLAREN,MCLAREN 675LT,2
MCLAREN,MCLAREN ELVA,2
MCLAREN,MCLAREN SENNA,2
MERCEDES,MERCEDES 320,2
MERCEDES,MERCEDES SLC CLASS,2
MG,MG GS,2
MINI,MINI ROADSTER,2
MK SPORTSCARS,MK SPORTSCARS MODEL MISSING,2
NISSAN,NISSAN 300,2
OPEL,OPEL OLYMPIA,2
PERODUA,PERODUA MODEL MISSING,2
PEUGEOT,PEUGEOT 304,2
PEUGEOT,PEUGEOT 306,2
PIAGGIO,PIAGGIO MODEL MISSING,2
PORSCHE,PORSCHE 968,2
RENAULT,RENAULT 14,2
SAAB,SAAB 99,2
SEAT,SEAT MARBELLA,2
SEAT,SEAT MII,2
SIMCA,SIMCA 1000,2
SKODA,SKODA ROOMSTER,2
SUBARU,SUBARU BRZ,2
SUBARU,SUBARU JUSTY,2
SUBARU,SUBARU WRX,2
SUNBEAM,SUNBEAM RAPIER,2
SUZUKI,SUZUKI CELERIO,2
TOYOTA,TOYOTA ARISTO,2
TOYOTA,TOYOTA CELSIOR,2
TOYOTA,TOYOTA CRESSIDA,2
TOYOTA,TOYOTA VERSO,2
TOYOTA,TOYOTA WILL VI,2
VAUXHALL,VAUXHALL ADAM,2
VOLKSWAGEN,VOLKSWAGEN 411,2
VOLKSWAGEN,VOLKSWAGEN FOX,2
VOLVO,VOLVO 145,2
VOLVO,VOLVO 1800,2
VOLVO,VOLVO 740,2
VOLVO,VOLVO 940,2
VOLVO,VOLVO S70,2
WACKER NEUSON,WACKER NEUSON MODEL MISSING,2
WARTBURG,WARTBURG TOURIST,2
ZENOS,ZENOS E10,2
AION,AION MODEL MISSING,1
BYD,BYD E6,1
BYD,BYD MODEL MISSING,1
CADILLAC,CADILLAC OPTIQ,1
CADILLAC,CADILLAC VISTIQ,1
FORD,FORD AUTO SLEEPERS,1
LYNK & CO,LYNK & CO MODEL MISSING,1
MERCEDES,MERCEDES ECITAN,1
MERCEDES-BENZ,MERCEDES-BENZ ECITAN,1
MICROCAR,MICROCAR MODEL MISSING,1
MITSUBISHI,MITSUBISHI L200,1
ORA,ORA 07 GT 4X4,1
ORA,ORA 07 PRO,1
VICTORY,VICTORY V92,1
VOGELE,VOGELE MODEL MISSING,1
AM GENERAL,AM GENERAL MODEL MISSING,1
CHEVROLET,CHEVROLET CRUZE,1
CHEVROLET,CHEVROLET ORLANDO,1
CITROEN,CITROEN AX,1
DATSUN,DATSUN CEDRIC,1
FIAT,FIAT BRAVO,1
FIAT,FIAT DETHLEFFS,1
FIAT,FIAT SEDICI,1
FORD,FORD SWIFT,1
GREAT WALL,GREAT WALL STEED,1
ISUZU,ISUZU D-MAX,1
ISUZU TRUCKS,ISUZU TRUCKS GRAFTER,1
KIA,KIA OPTIMA,1
MERCEDES,MERCEDES 508,1
MITSUBISHI,MITSUBISHI CHALLENGER,1
MITSUBISHI,MITSUBISHI L300,1
NISSAN,NISSAN PATHFINDER,1
NISSAN,NISSAN TERRANO,1
ORA,ORA MODEL MISSING,1
PEUGEOT,PEUGEOT 407,1
PEUGEOT,PEUGEOT BIPPER,1
SEAT,SEAT AROSA,1
SMC,SMC MODEL MISSING,1
SUNLIGHT,SUNLIGHT MODEL MISSING,1
VAUXHALL,VAUXHALL BELMONT,1
VAUXHALL,VAUXHALL MERIVA,1
VOLKSWAGEN,VOLKSWAGEN KOMBI,1
VOLKSWAGEN,VOLKSWAGEN PHAETON,1
VOLVO,VOLVO C70,1
HONDA,HONDA FR-V,1
AEON,AEON PULSAR,1
DAIHATSU,DAIHATSU SPORTRAK,1
FORD,FORD CHAUSSON,1
HONDA,HONDA CONCERTO,1
HONDA,HONDA NC750,1
HONDA,HONDA PF50MR2,1
HONDA,HONDA SHUTTLE,1
HYUNDAI,HYUNDAI ACCENT,1
JAGUAR LAND ROVER,JAGUAR LAND ROVER MODEL MISSING,1
JAWA,JAWA JAZZ,1
MAN/VW,MAN/VW MODEL MISSING,1
MITSUBISHI FUSO,MITSUBISHI FUSO MODEL MISSING,1
OMODA,OMODA 9,1
OVER,OVER MODEL MISSING,1
SANTANA,SANTANA MODEL MISSING,1
MOTOR JIKOV,MOTOR JIKOV MJF 50 MOPED,1
OTHER AGRIC/CONSTRUCTIONAL,OTHER AGRIC/CONSTRUCTIONAL MODEL MISSING,1
ABARTH,ABARTH PUNTO,1
ABARTH,ABARTH SPIDER,1
ACCESS,ACCESS MODEL MISSING,1
ACURA,ACURA TL,1
AJS,AJS MODEL MISSING,1
ALFA ROMEO,ALFA ROMEO 145,1
ALFA ROMEO,ALFA ROMEO 156,1
ALFA ROMEO,ALFA ROMEO 164,1
ALFA ROMEO,ALFA ROMEO 166,1
ALFA ROMEO,ALFA ROMEO 4C,1
ALFA ROMEO,ALFA ROMEO ALFA 6,1
ALFA ROMEO,ALFA ROMEO GTA,1
ALFA ROMEO,ALFA ROMEO SZ,1
ALPINE,ALPINE MODEL MISSING,1
APIX ROTARY,APIX ROTARY MODEL MISSING,1
ARTEGA,ARTEGA MODEL MISSING,1
ASKOLL,ASKOLL MODEL MISSING,1
ASQUITH,ASQUITH MODEL MISSING,1
ASTON MARTIN,ASTON MARTIN ONE-77,1
ASTON MARTIN,ASTON MARTIN ZAGATO,1
AUDI,AUDI 200,1
AUDI,AUDI RS2,1
AUSTIN,AUSTIN 1100,1
AUSTIN,AUSTIN 1300,1
AUSTIN,AUSTIN 1800,1
AUSTIN,AUSTIN 3 LITRE,1
AUSTIN,AUSTIN A30,1
AUSTIN,AUSTIN ALLEGRO,1
AUSTIN,AUSTIN METRO,1
AUSTIN,AUSTIN MONTEGO,1
AUSTIN,AUSTIN PRINCESS,1
AUSTIN-MORRIS,AUSTIN-MORRIS MINI,1
AUSTIN-MORRIS,AUSTIN-MORRIS MODEL MISSING,1
AVTOVAZ,AVTOVAZ MODEL MISSING,1
BARONI,BARONI MODEL MISSING,1
BENTLEY,BENTLEY EIGHT,1
BENTLEY,BENTLEY TURBO,1
BIMOTA,BIMOTA MODEL MISSING,1
BLUROC,BLUROC MODEL MISSING,1
BMW,BMW 3.0 L,1
BMW,BMW 3.0 S,1
BMW,BMW 3.0 SI,1
BMW,BMW 3.3 L,1
BMW,BMW 3000,1
BMW,BMW ALPINA B12,1
BMW,BMW ALPINA D10,1
BMW,BMW M635 CSI,1
BMW,BMW R 45,1
BMW,BMW Z1,1
BOND,BOND MODEL MISSING,1
BRISTOL,BRISTOL 400,1
BRISTOL,BRISTOL 406,1
BRISTOL,BRISTOL 411,1
BUICK,BUICK ENCORE AUTO,1
CAN-AM,CAN-AM TRAXTER,1
CASE,CASE MODEL MISSING,1
CHEVROLET,CHEVROLET AVEO,1
CHEVROLET,CHEVROLET KALOS,1
CHEVROLET,CHEVROLET SPARK,1
CHEVROLET GMC,CHEVROLET GMC BISCAYNE,1
CHEVROLET GMC,CHEVROLET GMC TAHOE,1
CHEVROLET GMC,CHEVROLET GMC VEGA,1
CHRYSLER,CHRYSLER 300,1
CHRYSLER,CHRYSLER CHARGER,1
CHRYSLER,CHRYSLER CROSSFIRE,1
CHRYSLER,CHRYSLER PT CRUISER,1
CHRYSLER,CHRYSLER VOYAGER,1
CITROEN,CITROEN D SPECIAL,1
CITROEN,CITROEN DS5,1
CITROEN,CITROEN GS,1
CITROEN,CITROEN GSX,1
CITROEN,CITROEN PLURIEL,1
CITROEN,CITROEN XANTIA,1
CITROEN,CITROEN XSARA,1
CORVETTE,CORVETTE Z06,1
DAIHATSU,DAIHATSU MATERIA,1
DAIHATSU,DAIHATSU TERIOS,1
DAIMLER,DAIMLER 3.6,1
DAIMLER,DAIMLER 5.3,1
DAIMLER,DAIMLER MAJESTIC,1
DAIMLER,DAIMLER SUPER V8,1
DAIMLER,DAIMLER V8,1
DATSUN,DATSUN 100A,1
DATSUN,DATSUN 120,1
DATSUN,DATSUN 160,1
DATSUN,DATSUN SKYLINE,1
DIAMOND,DIAMOND MODEL MISSING,1
DODGE,DODGE DURANGO,1
DODGE,DODGE JOURNEY,1
ESKUTA,ESKUTA MODEL MISSING,1
EXPLORER,EXPLORER MODEL MISSING,1
FERRARI,FERRARI 575,1
FERRARI,FERRARI CALIFORNIA,1
FIAT,FIAT 1100,1
FIAT,FIAT 125,1
FIAT,FIAT 132,1
FIAT,FIAT COUPE,1
FIAT,FIAT FIORINO,1
FIAT,FIAT STRADA,1
FIAT,FIAT TOPOLINO,1
FODEN,FODEN MODEL MISSING,1
FORD,FORD RS 200,1
FORD,FORD ZODIAC,1
FOREST RIVER,FOREST RIVER MODEL MISSING,1
FSO CARS,FSO CARS 125,1
FSO CARS,FSO CARS POLONEZ,1
GINETTA,GINETTA MODEL MISSING,1
GOUPIL,GOUPIL MODEL MISSING,1
HAKO,HAKO MODEL MISSING,1
HARLEY-DAVIDSON,HARLEY-DAVIDSON FAT BOY,1
HILLMAN,HILLMAN MINX,1
HONDA,HONDA GL1200A,1
HONDA,HONDA N,1
HONDA,HONDA NC50,1
HONDA,HONDA TOURING,1
HONDA,HONDA TRX250R,1
HUMBER,HUMBER HAWK,1
HYUNDAI,HYUNDAI AMICA,1
HYUNDAI,HYUNDAI COUPE,1
HYUNDAI,HYUNDAI GENESIS,1
HYUNDAI,HYUNDAI GETZ,1
HYUNDAI,HYUNDAI SONATA,1
INFINITI,INFINITI Q50,1
INFINITI,INFINITI QX30,1
INFINITI,INFINITI QX70,1
IVECO,IVECO MODEL MISSING,1
JAGUAR,JAGUAR 3.8,1
JAGUAR,JAGUAR MK IX,1
JAGUAR,JAGUAR MK VII,1
JCB,JCB MODEL MISSING,1
KEEWAY,KEEWAY LAND CRUISER,1
KTM,KTM MODEL MISSING,1
KTM,KTM X-BOW,1
LADA,LADA 1200,1
LADA,LADA RIVA,1
LADA,LADA SAMARA,1
LAMBORGHINI,LAMBORGHINI AVENTADOR,1
LANCIA,LANCIA BERLINA,1
LANCIA,LANCIA GAMMA,1
LANCIA,LANCIA THEMA,1
LANCIA,LANCIA Y10,1
LEXUS,LEXUS LFA,1
LEYLAND DAF,LEYLAND DAF MODEL MISSING,1
LOTUS,LOTUS CORTINA,1
MASERATI,MASERATI 3200,1
MASERATI,MASERATI BORA,1
MASERATI,MASERATI GRANSPORT,1
MASERATI,MASERATI MC PURA,1
MASERATI,MASERATI SHAMAL,1
MAYBACH,MAYBACH 62,1
MAZDA,MAZDA 1300,1
MAZDA,MAZDA CX-7,1
MAZDA,MAZDA EUNOS,1
MAZDA,MAZDA R SERIES,1
MAZDA,MAZDA RX-8,1
MCC,MCC MODEL MISSING,1
MCLAREN,MCLAREN 570S,1
MCLAREN,MCLAREN 765LT,1
MECALAC,MECALAC MODEL MISSING,1
MERCEDES,MERCEDES 308,1
MERCEDES,MERCEDES CLC CLASS,1
MERCEDES,MERCEDES M8,1
MERCEDES,MERCEDES SLR MCLAREN,1
MG,MG MAGNETTE,1
MG,MG MGF,1
MINI,MINI CHALLENGE,1
MINI,MINI GT,1
MITSUBISHI,MITSUBISHI LEGNUM,1
MOSKVICH,MOSKVICH 408,1
MOTOR JIKOV,MOTOR JIKOV MODEL MISSING,1
MUTT,MUTT MODEL MISSING,1
NISSAN,NISSAN ALMERA,1
NISSAN,NISSAN INFINITI,1
NISSAN,NISSAN MAXIMA,1
NISSAN,NISSAN NAVARA,1
NISSAN,NISSAN NV400,1
NISSAN,NISSAN VANETTE,1
NOBLE,NOBLE MODEL MISSING,1
NSU,NSU 1200,1
NSU,NSU RO80,1
OLDSMOBILE,OLDSMOBILE TORONADO,1
OPEL,OPEL AGILA,1
OPEL,OPEL MONZA,1
PENTA,PENTA MODEL MISSING,1
PERODUA,PERODUA MYVI,1
PEUGEOT,PEUGEOT 104,1
PEUGEOT,PEUGEOT 204,1
PEUGEOT,PEUGEOT 405,1
PEUGEOT,PEUGEOT 604,1
POLARIS,POLARIS MODEL MISSING,1
PORSCHE,PORSCHE GT,1
QUADDY,QUADDY MODEL MISSING,1
RELIANT,RELIANT REGAL,1
RENAULT,RENAULT 12,1
RENAULT,RENAULT 18,1
RENAULT,RENAULT 19,1
RENAULT,RENAULT CARAVELLE,1
RENAULT,RENAULT GRAND ESPACE,1
RENAULT,RENAULT GTA,1
RIEJU,RIEJU MODEL MISSING,1
ROLLS ROYCE,ROLLS ROYCE PARK WARD,1
ROLLS ROYCE,ROLLS ROYCE SILVER SERAPH,1
ROVER,ROVER 200 SERIES,1
ROVER,ROVER 600 SERIES,1
ROVER,ROVER 800 SERIES,1
ROVER,ROVER 90,1
ROVER,ROVER 95,1
ROYAL ENFIELD,ROYAL ENFIELD MODEL MISSING,1
SAAB,SAAB 900,1
SAAB,SAAB 9000,1
SAAB,SAAB 97,1
SD,SD MODEL MISSING,1
SEAT,SEAT ALTEA,1
SEAT,SEAT TOLEDO,1
SIMCA,SIMCA 1100,1
SKODA,SKODA 120,1
SUNBEAM,SUNBEAM IMP,1
SUZUKI,SUZUKI BALENO,1
SUZUKI,SUZUKI LJ,1
SUZUKI,SUZUKI SJ,1
SUZUKI,SUZUKI SPLASH,1
TAISHAN,TAISHAN MODEL MISSING,1
TALBOT,TALBOT SAMBA,1
TEREX,TEREX TV1200,1
TGB,TGB MODEL MISSING,1
TOYOTA,TOYOTA 1000,1
TOYOTA,TOYOTA 2000,1
TOYOTA,TOYOTA AVALON,1
TOYOTA,TOYOTA LUCIDA,1
TRIUMPH,TRIUMPH 2.5,1
TRIUMPH,TRIUMPH BONNEVILLE,1
TRIUMPH,TRIUMPH TRIDENT,1
TVR,TVR CHIMAERA,1
TVR,TVR GRIFFITH,1
TVR,TVR TAMORA,1
TVR,TVR TASMIN,1
TVR,TVR TUSCAN,1
TYM,TYM MODEL MISSING,1
UMM,UMM MODEL MISSING,1
UNI CARRIERS,UNI CARRIERS MODEL MISSING,1
URAL,URAL MODEL MISSING,1
VAUXHALL,VAUXHALL AGILA,1
VAUXHALL,VAUXHALL CALIBRA,1
VAUXHALL,VAUXHALL CRESTA,1
VAUXHALL,VAUXHALL OMEGA,1
VAUXHALL,VAUXHALL VELOX,1
VELOSOLEX,VELOSOLEX MODEL MISSING,1
VELOSOLEX,VELOSOLEX S 3800,1
VENTURI,VENTURI MODEL MISSING,1
VESPA (DOUGLAS),VESPA (DOUGLAS) MODEL MISSING,1
VOLGA,VOLGA MODEL MISSING,1
VOLKSWAGEN,VOLKSWAGEN 1200,1
VOLKSWAGEN,VOLKSWAGEN 1303,1
VOLKSWAGEN,VOLKSWAGEN 1500,1
VOLKSWAGEN,VOLKSWAGEN AMAROK,1
VOLKSWAGEN,VOLKSWAGEN CC,1
VOLKSWAGEN,VOLKSWAGEN MICROBUS,1
VOLKSWAGEN,VOLKSWAGEN SANTANA,1
VOLKSWAGEN,VOLKSWAGEN TL,1
VOLKSWAGEN,VOLKSWAGEN URBAN,1
VOLKSWAGEN,VOLKSWAGEN VENTO,1
VOLTA TRUCKS,VOLTA TRUCKS MODEL MISSING,1
VOLVO,VOLVO 142,1
VOLVO,VOLVO 262,1
VOLVO,VOLVO 264,1
VOLVO,VOLVO 360,1
VOLVO,VOLVO 440,1
WOLSELEY,WOLSELEY 6/110,1
WOLSELEY,WOLSELEY HORNET,1
ZURN HARVESTING,ZURN HARVESTING MODEL MISSING,1
POLESTAR,POLESTAR 1,1
