year,quarter,brand,count
2019,1,FORD,68668
2019,1,VOLKSWAGEN,60350
2019,1,VAUXHALL,55300
2019,1,MERCEDES,52108
2019,1,BMW,47240
2019,1,AUDI,41994
2019,1,TOYOTA,33809
2019,1,NISSAN,30009
2019,1,KIA,29985
2019,1,PEUGEOT,25289
2019,1,HYUNDAI,24787
2019,1,LAND ROVER,24113
2019,1,SKODA,22061
2019,1,SEAT,20680
2019,1,RENAULT,19164
2019,1,MINI,18194
2019,1,CITROEN,17857
2019,1,VOLVO,16349
2019,1,HONDA,15683
2019,1,MAZDA,13154
2019,1,SUZUKI,11974
2019,1,JAGUAR,11555
2019,1,FIAT,11041
2019,1,DACIA,10863
2019,1,MITSUBISHI,5786
2019,1,LEXUS,4412
2019,1,MG,3122
2019,1,PORSCHE,2549
2019,1,SMART,1710
2019,1,JEEP,1604
2019,1,ABARTH,1223
2019,1,SUBARU,1074
2019,1,ALFA ROMEO,1070
2019,1,DS,975
2019,1,SSANGYONG,730
2019,1,TESLA,646
2019,1,ASTON MARTIN,552
2019,1,BENTLEY,534
2019,1,FERRARI,334
2019,1,MASERATI,307
2019,1,MCLAREN,267
2019,1,LAMBORGHINI,205
2019,1,OTHER BRITISH,204
2019,1,ROLLS ROYCE,152
2019,1,INFINITI,95
2019,1,LOTUS,85
2019,1,CATERHAM,69
2019,1,CHEVROLET,67
2019,1,DODGE,63
2019,1,CHEVROLET GMC,53
2019,1,MORGAN,46
2019,1,ALPINE,44
2019,1,TRIUMPH,40
2019,1,COLEMAN MILNE,33
2019,1,AUSTIN HEALEY,30
2019,1,LANCIA,30
2019,1,OPEL,30
2019,1,CHRYSLER,26
2019,1,AUSTIN,25
2019,1,CADILLAC,17
2019,1,LINCOLN,16
2019,1,DATSUN,15
2019,1,ROVER,15
2019,1,PONTIAC,13
2019,1,BUICK,12
2019,1,SAAB,10
2019,1,MORRIS,8
2019,1,MERCURY,7
2019,1,PLYMOUTH,7
2019,1,OLDSMOBILE,6
2019,1,DAIMLER,5
2019,1,SUNBEAM,5
2019,1,WESTFIELD,5
2019,1,ACURA,4
2019,1,CORVETTE,4
2019,1,DAIHATSU,4
2019,1,HUMMER,4
2019,1,DE TOMASO,3
2019,1,FSO CARS,3
2019,1,HOLDEN,3
2019,1,LADA,3
2019,1,TVR,3
2019,1,AIXAM,2
2019,1,ARIEL,2
2019,1,GINETTA,2
2019,1,HARLEY-DAVIDSON,2
2019,1,MAYBACH,2
2019,1,RILEY,2
2019,1,SINGER,2
2019,1,AC,1
2019,1,AM GENERAL,1
2019,1,BOND,1
2019,1,BRISTOL,1
2019,1,CAPRI,1
2019,1,DAVID BROWN,1
2019,1,HILLMAN,1
2019,1,HUMBER,1
2019,1,ISUZU,1
2019,1,IVECO,1
2019,1,JENSEN,1
2019,1,MARCOS,1
2019,1,MAXUS,1
2019,1,RALEIGH,1
2019,1,RELIANT,1
2019,1,TALBOT,1
2019,1,WARTBURG,1
2019,2,FORD,60619
2019,2,VOLKSWAGEN,52274
2019,2,BMW,43617
2019,2,MERCEDES,41435
2019,2,VAUXHALL,39625
2019,2,AUDI,39399
2019,2,TOYOTA,26553
2019,2,NISSAN,23951
2019,2,KIA,23291
2019,2,HYUNDAI,21188
2019,2,PEUGEOT,19444
2019,2,SKODA,19385
2019,2,LAND ROVER,18592
2019,2,SEAT,17207
2019,2,MINI,15156
2019,2,VOLVO,13890
2019,2,RENAULT,12896
2019,2,CITROEN,11839
2019,2,HONDA,9811
2019,2,JAGUAR,8735
2019,2,MAZDA,8494
2019,2,SUZUKI,8334
2019,2,DACIA,7649
2019,2,FIAT,6901
2019,2,PORSCHE,4514
2019,2,MITSUBISHI,4304
2019,2,MG,3294
2019,2,LEXUS,3020
2019,2,JEEP,1741
2019,2,SMART,1443
2019,2,TESLA,976
2019,2,ALFA ROMEO,886
2019,2,DS,757
2019,2,SUBARU,664
2019,2,ABARTH,639
2019,2,BENTLEY,495
2019,2,FERRARI,382
2019,2,ASTON MARTIN,380
2019,2,SSANGYONG,380
2019,2,MASERATI,262
2019,2,MCLAREN,224
2019,2,LAMBORGHINI,183
2019,2,OTHER BRITISH,164
2019,2,LOTUS,134
2019,2,ROLLS ROYCE,118
2019,2,INFINITI,105
2019,2,CHEVROLET,85
2019,2,CHEVROLET GMC,64
2019,2,MORGAN,63
2019,2,DODGE,61
2019,2,CATERHAM,60
2019,2,TRIUMPH,49
2019,2,ALPINE,44
2019,2,OPEL,38
2019,2,LINCOLN,28
2019,2,CADILLAC,23
2019,2,CHRYSLER,22
2019,2,DATSUN,22
2019,2,LANCIA,19
2019,2,ROVER,19
2019,2,AUSTIN HEALEY,18
2019,2,AUSTIN,14
2019,2,BUICK,14
2019,2,PONTIAC,14
2019,2,MERCURY,9
2019,2,WESTFIELD,9
2019,2,PLYMOUTH,8
2019,2,ARIEL,7
2019,2,COLEMAN MILNE,6
2019,2,DAIHATSU,6
2019,2,HUMMER,6
2019,2,SAAB,6
2019,2,CORVETTE,5
2019,2,ISUZU,5
2019,2,JENSEN,5
2019,2,OLDSMOBILE,5
2019,2,SUNBEAM,5
2019,2,BUGATTI,4
2019,2,IVECO,4
2019,2,MORRIS,4
2019,2,ACURA,3
2019,2,DAIMLER,3
2019,2,HOLDEN,3
2019,2,PROTON,3
2019,2,GINETTA,2
2019,2,HILLMAN,2
2019,2,HUMBER,2
2019,2,LADA,2
2019,2,LEYLAND,2
2019,2,LEYLAND DAF,2
2019,2,RILEY,2
2019,2,AEON,1
2019,2,ALPINA,1
2019,2,ARIIC,1
2019,2,AUSTIN-MORRIS,1
2019,2,BAJAJ,1
2019,2,BRISTOL,1
2019,2,DE TOMASO,1
2019,2,FSO CARS,1
2019,2,GENERAL MOTORS,1
2019,2,IRIS.BUS,1
2019,2,LAMBRETTA,1
2019,2,MAGIRUS DEUTZ,1
2019,2,MOSKVICH,1
2019,2,POLSKI-FIAT,1
2019,2,PULSE,1
2019,2,RENAULT TRUCKS,1
2019,2,SINGER,1
2019,2,TALBOT,1
2019,2,THINK,1
2019,2,TVR,1
2019,3,FORD,60883
2019,3,MERCEDES,47760
2019,3,VOLKSWAGEN,46964
2019,3,VAUXHALL,42772
2019,3,BMW,41860
2019,3,TOYOTA,32742
2019,3,AUDI,32271
2019,3,KIA,26958
2019,3,NISSAN,22959
2019,3,HYUNDAI,22746
2019,3,PEUGEOT,20843
2019,3,LAND ROVER,19019
2019,3,MINI,17535
2019,3,SEAT,17215
2019,3,SKODA,17146
2019,3,RENAULT,15866
2019,3,VOLVO,14546
2019,3,CITROEN,13062
2019,3,MAZDA,12017
2019,3,HONDA,11306
2019,3,JAGUAR,9900
2019,3,SUZUKI,9410
2019,3,FIAT,7226
2019,3,DACIA,6762
2019,3,TESLA,5974
2019,3,LEXUS,5415
2019,3,MITSUBISHI,3881
2019,3,PORSCHE,3343
2019,3,MG,3137
2019,3,JEEP,1714
2019,3,DS,1012
2019,3,ABARTH,990
2019,3,ALFA ROMEO,978
2019,3,SUBARU,834
2019,3,SMART,693
2019,3,SSANGYONG,557
2019,3,BENTLEY,475
2019,3,ASTON MARTIN,447
2019,3,FERRARI,287
2019,3,MASERATI,237
2019,3,OTHER BRITISH,187
2019,3,MCLAREN,155
2019,3,LAMBORGHINI,152
2019,3,ROLLS ROYCE,137
2019,3,CHEVROLET,103
2019,3,INFINITI,87
2019,3,LOTUS,80
2019,3,MORGAN,59
2019,3,CHEVROLET GMC,53
2019,3,ALPINE,51
2019,3,DODGE,51
2019,3,CATERHAM,42
2019,3,COLEMAN MILNE,39
2019,3,CHRYSLER,36
2019,3,TRIUMPH,36
2019,3,OPEL,32
2019,3,CADILLAC,30
2019,3,LINCOLN,27
2019,3,LANCIA,26
2019,3,AUSTIN,23
2019,3,DATSUN,23
2019,3,ROVER,22
2019,3,AUSTIN HEALEY,21
2019,3,PLYMOUTH,18
2019,3,WESTFIELD,14
2019,3,PONTIAC,12
2019,3,OLDSMOBILE,9
2019,3,SAAB,9
2019,3,DAIMLER,8
2019,3,HUMMER,8
2019,3,MORRIS,8
2019,3,ARIEL,7
2019,3,BUICK,6
2019,3,MERCURY,6
2019,3,CORVETTE,5
2019,3,RENAULT TRUCKS,5
2019,3,GENERAL MOTORS,4
2019,3,JENSEN,4
2019,3,DAIHATSU,3
2019,3,JIALING,3
2019,3,LADA,3
2019,3,ZENOS,3
2019,3,AC,2
2019,3,ACURA,2
2019,3,AEON,2
2019,3,BUGATTI,2
2019,3,CLASSIC CUSTOM,2
2019,3,DFSK,2
2019,3,HUMBER,2
2019,3,ISUZU,2
2019,3,RELIANT,2
2019,3,SUKIDA,2
2019,3,SUNBEAM,2
2019,3,WARTBURG,2
2019,3,WOLSELEY,2
2019,3,BOND,1
2019,3,FSO CARS,1
2019,3,HOLDEN,1
2019,3,IVECO,1
2019,3,LAMBRETTA,1
2019,3,MH MOTORCYCLES,1
2019,3,MITSUBISHI FUSO,1
2019,3,MK SPORTSCARS,1
2019,3,MOBILVETTA,1
2019,3,MOSKVICH,1
2019,3,PEGASO,1
2019,3,PINZGAUER,1
2019,3,PROTON,1
2019,3,PS MOTOR MANET,1
2019,3,R-VISION,1
2019,3,RILEY,1
2019,3,SCARAB,1
2019,3,SIMCA,1
2019,3,SINGER,1
2019,3,TALBOT,1
2019,3,TVR,1
2019,3,WEIDEMANN,1
2019,3,ZASTAVA,1
2019,4,FORD,48841
2019,4,VOLKSWAGEN,44604
2019,4,BMW,38077
2019,4,MERCEDES,31582
2019,4,AUDI,25879
2019,4,VAUXHALL,23226
2019,4,TOYOTA,21479
2019,4,NISSAN,17990
2019,4,KIA,17156
2019,4,SKODA,16288
2019,4,LAND ROVER,16268
2019,4,PEUGEOT,16197
2019,4,HYUNDAI,14640
2019,4,MINI,14162
2019,4,SEAT,13858
2019,4,VOLVO,11938
2019,4,RENAULT,11243
2019,4,CITROEN,8344
2019,4,HONDA,7956
2019,4,JAGUAR,6996
2019,4,MAZDA,6911
2019,4,DACIA,5593
2019,4,TESLA,5577
2019,4,PORSCHE,5393
2019,4,SUZUKI,5330
2019,4,FIAT,5148
2019,4,MG,3763
2019,4,LEXUS,2891
2019,4,MITSUBISHI,2735
2019,4,DS,1490
2019,4,JEEP,1373
2019,4,SUBARU,1135
2019,4,ALFA ROMEO,650
2019,4,ASTON MARTIN,564
2019,4,ABARTH,553
2019,4,BENTLEY,505
2019,4,SSANGYONG,284
2019,4,FERRARI,250
2019,4,MASERATI,193
2019,4,SMART,151
2019,4,OTHER BRITISH,128
2019,4,MCLAREN,110
2019,4,ROLLS ROYCE,107
2019,4,LAMBORGHINI,106
2019,4,DODGE,67
2019,4,MORGAN,56
2019,4,CATERHAM,53
2019,4,LOTUS,47
2019,4,CHEVROLET GMC,44
2019,4,CHEVROLET,43
2019,4,COLEMAN MILNE,35
2019,4,ALPINE,34
2019,4,OPEL,24
2019,4,LANCIA,23
2019,4,TRIUMPH,23
2019,4,AUSTIN HEALEY,22
2019,4,CHRYSLER,22
2019,4,DATSUN,22
2019,4,ROVER,22
2019,4,LINCOLN,21
2019,4,INFINITI,19
2019,4,CADILLAC,16
2019,4,PONTIAC,16
2019,4,AUSTIN,15
2019,4,DAIHATSU,10
2019,4,BUICK,9
2019,4,MORRIS,9
2019,4,SAAB,9
2019,4,ARIEL,8
2019,4,HUMMER,7
2019,4,CORVETTE,5
2019,4,OLDSMOBILE,5
2019,4,DAIMLER,4
2019,4,PLYMOUTH,4
2019,4,BUGATTI,3
2019,4,MAYBACH,3
2019,4,MERCURY,3
2019,4,WESTFIELD,3
2019,4,AC,2
2019,4,AEON,2
2019,4,CAN-AM,2
2019,4,DE TOMASO,2
2019,4,LADA,2
2019,4,R-VISION,2
2019,4,SINGER,2
2019,4,SUNBEAM,2
2019,4,TATA,2
2019,4,TVR,2
2019,4,WARTBURG,2
2019,4,ACURA,1
2019,4,BEDFORD,1
2019,4,FSO CARS,1
2019,4,GENERAL MOTORS,1
2019,4,HOLDEN,1
2019,4,ISUZU,1
2019,4,JENSEN,1
2019,4,KOENIGSEGG,1
2019,4,LEYLAND,1
2019,4,MAN,1
2019,4,MOBILVETTA,1
2019,4,NSU,1
2019,4,POLSKI-FIAT,1
2019,4,SAVIEM,1
2019,4,SIMCA,1
2019,4,TALBOT,1
2019,4,ZENOS,1
2020,1,VOLKSWAGEN,45684
2020,1,FORD,44308
2020,1,BMW,34531
2020,1,MERCEDES,34041
2020,1,AUDI,30806
2020,1,TOYOTA,29707
2020,1,VAUXHALL,26957
2020,1,NISSAN,24098
2020,1,KIA,22348
2020,1,LAND ROVER,20495
2020,1,SKODA,17400
2020,1,SEAT,15737
2020,1,PEUGEOT,14994
2020,1,HYUNDAI,13787
2020,1,MINI,13028
2020,1,VOLVO,12245
2020,1,RENAULT,10049
2020,1,HONDA,9817
2020,1,CITROEN,9187
2020,1,JAGUAR,8193
2020,1,MAZDA,7270
2020,1,FIAT,6287
2020,1,SUZUKI,6257
2020,1,TESLA,5700
2020,1,MG,5487
2020,1,DACIA,5046
2020,1,LEXUS,4488
2020,1,MITSUBISHI,3926
2020,1,PORSCHE,2868
2020,1,JEEP,1061
2020,1,DS,685
2020,1,ALFA ROMEO,678
2020,1,ABARTH,613
2020,1,BENTLEY,500
2020,1,SSANGYONG,484
2020,1,SUBARU,401
2020,1,FERRARI,355
2020,1,ASTON MARTIN,319
2020,1,SMART,248
2020,1,MASERATI,177
2020,1,MCLAREN,175
2020,1,LAMBORGHINI,163
2020,1,OTHER BRITISH,143
2020,1,ROLLS ROYCE,116
2020,1,MORGAN,61
2020,1,CHEVROLET,58
2020,1,CATERHAM,57
2020,1,LOTUS,57
2020,1,DODGE,54
2020,1,ALPINE,40
2020,1,CHEVROLET GMC,37
2020,1,OPEL,31
2020,1,TRIUMPH,27
2020,1,AUSTIN HEALEY,26
2020,1,CADILLAC,26
2020,1,COLEMAN MILNE,24
2020,1,AUSTIN,20
2020,1,CHRYSLER,19
2020,1,LANCIA,14
2020,1,LINCOLN,14
2020,1,DATSUN,13
2020,1,ARIEL,10
2020,1,PLYMOUTH,10
2020,1,ROVER,10
2020,1,BUICK,9
2020,1,MORRIS,8
2020,1,SAAB,8
2020,1,HUMMER,5
2020,1,INFINITI,5
2020,1,PONTIAC,5
2020,1,WESTFIELD,5
2020,1,BUGATTI,4
2020,1,GINETTA,4
2020,1,HOLDEN,4
2020,1,LADA,4
2020,1,MERCURY,4
2020,1,SUNBEAM,4
2020,1,DAIHATSU,3
2020,1,DAIMLER,3
2020,1,DFSK,3
2020,1,JENSEN,3
2020,1,OLDSMOBILE,3
2020,1,RILEY,3
2020,1,TVR,3
2020,1,BRISTOL,2
2020,1,CORVETTE,2
2020,1,MARCOS,2
2020,1,SIMCA,2
2020,1,SINGER,2
2020,1,TALBOT,2
2020,1,WEIDEMANN,2
2020,1,AC,1
2020,1,ACURA,1
2020,1,AUSTIN-MORRIS,1
2020,1,BMC,1
2020,1,CAETANO,1
2020,1,DAF,1
2020,1,FSO CARS,1
2020,1,GEM,1
2020,1,GENERAL MOTORS,1
2020,1,HAOTIAN,1
2020,1,HUMBER,1
2020,1,ISUZU,1
2020,1,LEYLAND REDLINE,1
2020,1,MOSKVICH,1
2020,1,NSU,1
2020,1,PANTHER,1
2020,1,PIAGGIO,1
2020,1,PRAGA,1
2020,1,PROTON,1
2020,1,SUNLIGHT,1
2020,1,TATA,1
2020,1,UAZ,1
2020,1,VANDEN PLAS,1
2020,1,WACKER NEUSON,1
2020,1,WARTBURG,1
2020,1,WOLSELEY,1
2020,1,X-SPORT,1
2020,1,YAMAHA,1
2020,2,FORD,16044
2020,2,VOLKSWAGEN,14014
2020,2,TOYOTA,12756
2020,2,BMW,12437
2020,2,MERCEDES,11937
2020,2,VAUXHALL,10768
2020,2,AUDI,9804
2020,2,NISSAN,6690
2020,2,KIA,6616
2020,2,PEUGEOT,6384
2020,2,SKODA,5740
2020,2,LAND ROVER,5684
2020,2,VOLVO,5644
2020,2,RENAULT,5355
2020,2,MINI,5287
2020,2,SEAT,4617
2020,2,TESLA,4480
2020,2,HYUNDAI,3903
2020,2,JAGUAR,2693
2020,2,CITROEN,2460
2020,2,DACIA,2358
2020,2,MG,2259
2020,2,FIAT,2219
2020,2,HONDA,1877
2020,2,MAZDA,1594
2020,2,SUZUKI,1528
2020,2,LEXUS,1497
2020,2,PORSCHE,1335
2020,2,MITSUBISHI,869
2020,2,JEEP,547
2020,2,ALFA ROMEO,305
2020,2,ABARTH,284
2020,2,DS,201
2020,2,SSANGYONG,186
2020,2,SMART,181
2020,2,FERRARI,166
2020,2,BENTLEY,157
2020,2,ASTON MARTIN,99
2020,2,LAMBORGHINI,92
2020,2,SUBARU,87
2020,2,MASERATI,63
2020,2,ROLLS ROYCE,44
2020,2,MCLAREN,32
2020,2,MORGAN,27
2020,2,OTHER BRITISH,27
2020,2,ALPINE,20
2020,2,LOTUS,20
2020,2,DODGE,19
2020,2,COLEMAN MILNE,18
2020,2,CHEVROLET,14
2020,2,AUSTIN HEALEY,12
2020,2,CHEVROLET GMC,9
2020,2,OPEL,9
2020,2,CADILLAC,7
2020,2,CATERHAM,7
2020,2,CHRYSLER,7
2020,2,TRIUMPH,6
2020,2,ARIEL,5
2020,2,LEVC,5
2020,2,MERCURY,5
2020,2,AUSTIN,4
2020,2,LANCIA,4
2020,2,PONTIAC,4
2020,2,DATSUN,3
2020,2,LINCOLN,3
2020,2,PLYMOUTH,3
2020,2,JENSEN,2
2020,2,MORRIS,2
2020,2,SAAB,2
2020,2,SUNBEAM,2
2020,2,HILLMAN,1
2020,2,HUMMER,1
2020,2,INFINITI,1
2020,2,ISUZU,1
2020,2,MAXUS,1
2020,2,OLDSMOBILE,1
2020,2,ROVER,1
2020,2,WARTBURG,1
2020,2,WESTFIELD,1
2020,2,ZHENHUA,1
2020,3,FORD,58730
2020,3,VOLKSWAGEN,52331
2020,3,AUDI,40157
2020,3,MERCEDES,39371
2020,3,BMW,38387
2020,3,TOYOTA,35359
2020,3,VAUXHALL,34660
2020,3,KIA,28182
2020,3,NISSAN,24553
2020,3,PEUGEOT,20875
2020,3,SKODA,20782
2020,3,HYUNDAI,20208
2020,3,RENAULT,19971
2020,3,LAND ROVER,19885
2020,3,MINI,15575
2020,3,SEAT,14765
2020,3,VOLVO,14618
2020,3,HONDA,11260
2020,3,CITROEN,10681
2020,3,MAZDA,10186
2020,3,DACIA,8974
2020,3,SUZUKI,8662
2020,3,JAGUAR,8103
2020,3,FIAT,7568
2020,3,TESLA,6877
2020,3,MG,6573
2020,3,LEXUS,5378
2020,3,PORSCHE,4703
2020,3,MITSUBISHI,3101
2020,3,JEEP,1855
2020,3,ABARTH,922
2020,3,DS,889
2020,3,ALFA ROMEO,633
2020,3,SSANGYONG,615
2020,3,SMART,585
2020,3,SUBARU,557
2020,3,BENTLEY,512
2020,3,FERRARI,353
2020,3,ASTON MARTIN,287
2020,3,POLESTAR,252
2020,3,MASERATI,204
2020,3,OTHER BRITISH,139
2020,3,LAMBORGHINI,133
2020,3,ROLLS ROYCE,120
2020,3,MCLAREN,112
2020,3,LOTUS,64
2020,3,MORGAN,58
2020,3,CHEVROLET GMC,52
2020,3,DODGE,52
2020,3,TRIUMPH,43
2020,3,CHEVROLET,39
2020,3,CATERHAM,37
2020,3,ALPINE,26
2020,3,AUSTIN HEALEY,23
2020,3,LINCOLN,19
2020,3,ROVER,19
2020,3,CHRYSLER,18
2020,3,OPEL,17
2020,3,AUSTIN,16
2020,3,COLEMAN MILNE,15
2020,3,PONTIAC,15
2020,3,CADILLAC,14
2020,3,LANCIA,14
2020,3,SAAB,13
2020,3,BUICK,11
2020,3,MORRIS,11
2020,3,ARIEL,10
2020,3,SUNBEAM,10
2020,3,CORVETTE,8
2020,3,DATSUN,8
2020,3,INFINITI,8
2020,3,DAIMLER,6
2020,3,PLYMOUTH,6
2020,3,BUGATTI,5
2020,3,HUMMER,5
2020,3,MERCURY,5
2020,3,OLDSMOBILE,5
2020,3,DAIHATSU,4
2020,3,JENSEN,4
2020,3,LADA,4
2020,3,WESTFIELD,4
2020,3,GENERAL MOTORS,3
2020,3,IVECO,3
2020,3,TVR,3
2020,3,DE TOMASO,2
2020,3,DFSK,2
2020,3,REWACO,2
2020,3,TOMOS,2
2020,3,WARTBURG,2
2020,3,AM GENERAL,1
2020,3,BRITISH TRACKSTAR,1
2020,3,BSA,1
2020,3,FSO CARS,1
2020,3,GINETTA,1
2020,3,HOLDEN,1
2020,3,JIALING,1
2020,3,KYMCO,1
2020,3,LEYLAND CARS,1
2020,3,MAGIRUS DEUTZ,1
2020,3,MAYBACH,1
2020,3,NSU,1
2020,3,OTHER AGRIC/CONSTRUCTIONAL,1
2020,3,OVER,1
2020,3,PANTHER,1
2020,3,PIAGGIO,1
2020,3,PINZGAUER,1
2020,3,RILEY,1
2020,3,SANTANA,1
2020,3,SCORPA,1
2020,3,SIMCA,1
2020,3,STEYR,1
2020,3,TALBOT,1
2020,3,UM,1
2020,3,VOLGA,1
2020,3,WEIDEMANN,1
2020,3,WOLSELEY,1
2020,3,ZASTAVA,1
2020,4,VOLKSWAGEN,38103
2020,4,FORD,35314
2020,4,BMW,31129
2020,4,AUDI,27566
2020,4,MERCEDES,26503
2020,4,VAUXHALL,23533
2020,4,TOYOTA,21166
2020,4,NISSAN,18700
2020,4,PEUGEOT,14916
2020,4,SKODA,14687
2020,4,VOLVO,14369
2020,4,LAND ROVER,13976
2020,4,KIA,13390
2020,4,MINI,12303
2020,4,SEAT,10467
2020,4,HYUNDAI,9634
2020,4,TESLA,7732
2020,4,RENAULT,7714
2020,4,JAGUAR,7376
2020,4,PORSCHE,5758
2020,4,CITROEN,5740
2020,4,HONDA,5033
2020,4,MG,4210
2020,4,MAZDA,4066
2020,4,FIAT,3616
2020,4,SUZUKI,3325
2020,4,DACIA,2440
2020,4,LEXUS,2394
2020,4,MITSUBISHI,1569
2020,4,JEEP,1350
2020,4,ALFA ROMEO,620
2020,4,DS,615
2020,4,POLESTAR,599
2020,4,ABARTH,482
2020,4,SUBARU,454
2020,4,BENTLEY,383
2020,4,SMART,341
2020,4,ASTON MARTIN,273
2020,4,FERRARI,242
2020,4,SSANGYONG,200
2020,4,OTHER BRITISH,176
2020,4,MASERATI,173
2020,4,CUPRA,162
2020,4,LAMBORGHINI,127
2020,4,ROLLS ROYCE,89
2020,4,MCLAREN,79
2020,4,LOTUS,78
2020,4,DODGE,67
2020,4,CHEVROLET GMC,59
2020,4,COLEMAN MILNE,44
2020,4,CHEVROLET,40
2020,4,CATERHAM,37
2020,4,MORGAN,37
2020,4,TRIUMPH,32
2020,4,AUSTIN HEALEY,29
2020,4,LANCIA,28
2020,4,OPEL,25
2020,4,AUSTIN,24
2020,4,DATSUN,23
2020,4,ALPINE,22
2020,4,CADILLAC,21
2020,4,ROVER,17
2020,4,LINCOLN,15
2020,4,CHRYSLER,12
2020,4,WESTFIELD,12
2020,4,PLYMOUTH,10
2020,4,ARIEL,9
2020,4,BUICK,9
2020,4,MORRIS,9
2020,4,PONTIAC,9
2020,4,DAIMLER,8
2020,4,LADA,8
2020,4,SUNBEAM,8
2020,4,ACURA,7
2020,4,BUGATTI,7
2020,4,CORVETTE,7
2020,4,HUMMER,6
2020,4,MERCURY,6
2020,4,SAAB,6
2020,4,DAIHATSU,5
2020,4,RILEY,5
2020,4,AC,4
2020,4,DE TOMASO,4
2020,4,OLDSMOBILE,4
2020,4,EBRO,3
2020,4,HILLMAN,3
2020,4,LEYLAND,3
2020,4,ACCESS,2
2020,4,AEON,2
2020,4,BEDFORD,2
2020,4,INFINITI,2
2020,4,JENSEN,2
2020,4,JIALING,2
2020,4,RENAULT TRUCKS,2
2020,4,ALPINA,1
2020,4,BOB CAT,1
2020,4,BSA,1
2020,4,CAGIVA,1
2020,4,ETRUSCO,1
2020,4,FSO CARS,1
2020,4,GINETTA,1
2020,4,HARLEY-DAVIDSON,1
2020,4,HOLDEN,1
2020,4,IVECO,1
2020,4,MARCOS,1
2020,4,MAYBACH,1
2020,4,MITSUBISHI FUSO,1
2020,4,MOBILVETTA,1
2020,4,MOKE AUTOMIBILI,1
2020,4,NSU,1
2020,4,POLSKI-FIAT,1
2020,4,RELIANT,1
2020,4,RUF,1
2020,4,SINGER,1
2020,4,SPYKER,1
2020,4,STROMER,1
2020,4,TVR,1
2020,4,WARTBURG,1
2020,4,WEIDEMANN,1
2020,4,WIESMANN,1
2020,4,WOLSELEY,1
2021,1,VOLKSWAGEN,36764
2021,1,FORD,36496
2021,1,BMW,32221
2021,1,MERCEDES,32076
2021,1,AUDI,29573
2021,1,TOYOTA,25865
2021,1,VAUXHALL,25010
2021,1,NISSAN,22016
2021,1,LAND ROVER,20849
2021,1,KIA,20195
2021,1,PEUGEOT,15887
2021,1,SKODA,14389
2021,1,VOLVO,14115
2021,1,HYUNDAI,13497
2021,1,SEAT,11514
2021,1,MINI,10786
2021,1,CITROEN,8652
2021,1,RENAULT,8142
2021,1,TESLA,7234
2021,1,MG,6220
2021,1,MAZDA,5444
2021,1,JAGUAR,5312
2021,1,HONDA,4906
2021,1,SUZUKI,3907
2021,1,LEXUS,3417
2021,1,FIAT,3395
2021,1,DACIA,3267
2021,1,PORSCHE,3061
2021,1,MITSUBISHI,1990
2021,1,CUPRA,924
2021,1,POLESTAR,922
2021,1,JEEP,915
2021,1,ABARTH,520
2021,1,SUBARU,480
2021,1,DS,416
2021,1,SMART,402
2021,1,ALFA ROMEO,376
2021,1,BENTLEY,327
2021,1,FERRARI,305
2021,1,ASTON MARTIN,287
2021,1,SSANGYONG,241
2021,1,OTHER BRITISH,181
2021,1,LAMBORGHINI,172
2021,1,MASERATI,158
2021,1,MCLAREN,139
2021,1,ROLLS ROYCE,99
2021,1,DODGE,75
2021,1,CATERHAM,63
2021,1,LOTUS,61
2021,1,CHEVROLET,48
2021,1,CHEVROLET GMC,44
2021,1,MORGAN,43
2021,1,ALPINE,42
2021,1,TRIUMPH,40
2021,1,AUSTIN,28
2021,1,AUSTIN HEALEY,26
2021,1,OPEL,23
2021,1,CHRYSLER,20
2021,1,LINCOLN,20
2021,1,LANCIA,18
2021,1,DATSUN,16
2021,1,CADILLAC,15
2021,1,ROVER,13
2021,1,SUNBEAM,13
2021,1,COLEMAN MILNE,11
2021,1,PLYMOUTH,11
2021,1,SAAB,11
2021,1,ARIEL,9
2021,1,BUICK,9
2021,1,LADA,7
2021,1,HUMMER,6
2021,1,MORRIS,6
2021,1,PONTIAC,6
2021,1,WESTFIELD,6
2021,1,DAIMLER,5
2021,1,OLDSMOBILE,5
2021,1,CORVETTE,4
2021,1,DAIHATSU,4
2021,1,TATA,4
2021,1,MOSKVICH,3
2021,1,TALBOT,3
2021,1,ACURA,2
2021,1,BSA,2
2021,1,BUGATTI,2
2021,1,DE TOMASO,2
2021,1,HILLMAN,2
2021,1,HUMBER,2
2021,1,ISUZU,2
2021,1,JAWA,2
2021,1,MERCURY,2
2021,1,SIMCA,2
2021,1,TOMOS,2
2021,1,WOLSELEY,2
2021,1,AC,1
2021,1,ACCESS,1
2021,1,ADRIA,1
2021,1,AM GENERAL,1
2021,1,BMC,1
2021,1,BOND,1
2021,1,BREMACH,1
2021,1,DAF,1
2021,1,DONKERVOORT,1
2021,1,GARELLI,1
2021,1,GENERAL MOTORS,1
2021,1,HARLEY-DAVIDSON,1
2021,1,INDCAR,1
2021,1,IVECO,1
2021,1,JCB,1
2021,1,JENSEN,1
2021,1,KAISAR,1
2021,1,MAN,1
2021,1,MAYBACH,1
2021,1,MGXPOWER,1
2021,1,PANTHER,1
2021,1,PEGASO,1
2021,1,PERODUA,1
2021,1,PINZGAUER,1
2021,1,R-VISION,1
2021,1,RENAULT TRUCKS,1
2021,1,RUF,1
2021,1,SANTANA,1
2021,1,SPYKER,1
2021,1,UAZ,1
2021,1,WEIDEMANN,1
2021,1,YUAN,1
2021,1,ZENOS,1
2021,2,VOLKSWAGEN,49560
2021,2,FORD,38866
2021,2,AUDI,38541
2021,2,BMW,33642
2021,2,TOYOTA,29497
2021,2,VAUXHALL,28697
2021,2,MERCEDES,27390
2021,2,KIA,24896
2021,2,SKODA,18786
2021,2,PEUGEOT,18663
2021,2,HYUNDAI,18242
2021,2,NISSAN,16221
2021,2,LAND ROVER,15823
2021,2,SEAT,14638
2021,2,VOLVO,13279
2021,2,MINI,11840
2021,2,MAZDA,8398
2021,2,HONDA,8281
2021,2,CITROEN,8268
2021,2,RENAULT,7671
2021,2,TESLA,7541
2021,2,MG,7468
2021,2,JAGUAR,6867
2021,2,SUZUKI,6859
2021,2,FIAT,6578
2021,2,LEXUS,3767
2021,2,DACIA,3597
2021,2,PORSCHE,2981
2021,2,MITSUBISHI,2428
2021,2,CUPRA,2238
2021,2,JEEP,1321
2021,2,ABARTH,752
2021,2,POLESTAR,720
2021,2,SUBARU,608
2021,2,ALFA ROMEO,448
2021,2,DS,442
2021,2,SMART,397
2021,2,BENTLEY,384
2021,2,SSANGYONG,377
2021,2,FERRARI,360
2021,2,ASTON MARTIN,314
2021,2,MASERATI,185
2021,2,OTHER BRITISH,169
2021,2,LAMBORGHINI,144
2021,2,MCLAREN,120
2021,2,ROLLS ROYCE,81
2021,2,LOTUS,78
2021,2,MORGAN,75
2021,2,ALPINE,60
2021,2,CATERHAM,50
2021,2,CHEVROLET,49
2021,2,DODGE,49
2021,2,CHEVROLET GMC,47
2021,2,GENESIS,28
2021,2,TRIUMPH,28
2021,2,AUSTIN HEALEY,25
2021,2,OPEL,25
2021,2,CHRYSLER,19
2021,2,PONTIAC,18
2021,2,AUSTIN,15
2021,2,COLEMAN MILNE,15
2021,2,LANCIA,15
2021,2,WESTFIELD,14
2021,2,ARIEL,13
2021,2,MORRIS,13
2021,2,DATSUN,12
2021,2,ROVER,11
2021,2,CADILLAC,9
2021,2,LINCOLN,9
2021,2,CORVETTE,8
2021,2,PLYMOUTH,7
2021,2,DAIMLER,6
2021,2,BUICK,5
2021,2,HUMMER,4
2021,2,MERCURY,4
2021,2,SAAB,4
2021,2,SUNBEAM,4
2021,2,BUGATTI,3
2021,2,DE TOMASO,3
2021,2,LADA,3
2021,2,LEYLAND CARS,3
2021,2,PINZGAUER,3
2021,2,RILEY,3
2021,2,ACCESS,2
2021,2,AM GENERAL,2
2021,2,EAGLE,2
2021,2,GINETTA,2
2021,2,HOLDEN,2
2021,2,JENSEN,2
2021,2,NORTON,2
2021,2,OLDSMOBILE,2
2021,2,TVR,2
2021,2,AC,1
2021,2,ACURA,1
2021,2,AIE,1
2021,2,BMC,1
2021,2,BSA,1
2021,2,DAIHATSU,1
2021,2,FSO CARS,1
2021,2,INFINITI,1
2021,2,ISUZU,1
2021,2,IVECO,1
2021,2,JIALING,1
2021,2,MASAI,1
2021,2,MOBILVETTA,1
2021,2,MOKE AUTOMIBILI,1
2021,2,NSU,1
2021,2,RELIANT,1
2021,2,SINGER,1
2021,2,VOLGA,1
2021,2,WEIDEMANN,1
2021,2,WOLSELEY,1
2021,2,ZHENHUA,1
2021,3,VOLKSWAGEN,36530
2021,3,TOYOTA,32766
2021,3,KIA,28802
2021,3,AUDI,28443
2021,3,BMW,28340
2021,3,FORD,25043
2021,3,HYUNDAI,21313
2021,3,MERCEDES,19657
2021,3,VAUXHALL,18939
2021,3,NISSAN,16575
2021,3,SKODA,13696
2021,3,SEAT,11576
2021,3,PEUGEOT,11493
2021,3,HONDA,10310
2021,3,LAND ROVER,10133
2021,3,VOLVO,9448
2021,3,MG,9404
2021,3,MAZDA,8449
2021,3,MINI,8278
2021,3,TESLA,7382
2021,3,RENAULT,7338
2021,3,CITROEN,7304
2021,3,SUZUKI,7149
2021,3,FIAT,6400
2021,3,DACIA,6353
2021,3,LEXUS,4873
2021,3,JAGUAR,3882
2021,3,PORSCHE,2331
2021,3,CUPRA,2270
2021,3,JEEP,1775
2021,3,SUBARU,987
2021,3,DS,870
2021,3,POLESTAR,784
2021,3,ABARTH,698
2021,3,MITSUBISHI,640
2021,3,SSANGYONG,510
2021,3,ALFA ROMEO,468
2021,3,BENTLEY,426
2021,3,FERRARI,281
2021,3,ASTON MARTIN,263
2021,3,SMART,263
2021,3,MASERATI,207
2021,3,OTHER BRITISH,156
2021,3,LAMBORGHINI,128
2021,3,ROLLS ROYCE,98
2021,3,LOTUS,76
2021,3,GENESIS,70
2021,3,DODGE,67
2021,3,CHEVROLET,60
2021,3,CHEVROLET GMC,60
2021,3,MCLAREN,56
2021,3,ALPINE,43
2021,3,TRIUMPH,43
2021,3,MORGAN,41
2021,3,CATERHAM,32
2021,3,OPEL,26
2021,3,DATSUN,25
2021,3,AUSTIN HEALEY,23
2021,3,LANCIA,23
2021,3,AUSTIN,21
2021,3,CHRYSLER,18
2021,3,COLEMAN MILNE,16
2021,3,LINCOLN,16
2021,3,ROVER,16
2021,3,CADILLAC,14
2021,3,PLYMOUTH,14
2021,3,PONTIAC,14
2021,3,MORRIS,11
2021,3,BUICK,10
2021,3,ARIEL,9
2021,3,DAIHATSU,8
2021,3,SAAB,8
2021,3,MERCURY,7
2021,3,DFSK,6
2021,3,WESTFIELD,6
2021,3,DAIMLER,5
2021,3,LADA,5
2021,3,HOLDEN,4
2021,3,INFINITI,4
2021,3,SUNBEAM,4
2021,3,ACURA,3
2021,3,BUGATTI,3
2021,3,FSO CARS,3
2021,3,HUMBER,3
2021,3,NSU,3
2021,3,RILEY,3
2021,3,CORVETTE,2
2021,3,GENERAL MOTORS,2
2021,3,HILLMAN,2
2021,3,HUMMER,2
2021,3,JENSEN,2
2021,3,LAMBRETTA,2
2021,3,LEYLAND,2
2021,3,OLDSMOBILE,2
2021,3,PINZGAUER,2
2021,3,WOLSELEY,2
2021,3,AC,1
2021,3,BRISTOL,1
2021,3,BSA,1
2021,3,CARBODIES,1
2021,3,COLT,1
2021,3,DE TOMASO,1
2021,3,GAZ,1
2021,3,GINETTA,1
2021,3,HINO,1
2021,3,HYMER,1
2021,3,ISUZU,1
2021,3,IVECO,1
2021,3,JIALING,1
2021,3,KOENIGSEGG,1
2021,3,LEYLAND CARS,1
2021,3,LONSDALE,1
2021,3,MAGIRUS DEUTZ,1
2021,3,MARCOS,1
2021,3,MAYBACH,1
2021,3,MOKE AUTOMIBILI,1
2021,3,PROTON,1
2021,3,R-VISION,1
2021,3,SINGER,1
2021,3,TATA,1
2021,3,TVR,1
2021,3,WEIDEMANN,1
2021,4,VOLKSWAGEN,27305
2021,4,BMW,23556
2021,4,AUDI,22061
2021,4,TOYOTA,20753
2021,4,MERCEDES,19918
2021,4,VAUXHALL,19194
2021,4,NISSAN,17600
2021,4,FORD,17582
2021,4,HYUNDAI,16786
2021,4,KIA,16735
2021,4,MINI,14968
2021,4,PEUGEOT,14888
2021,4,TESLA,12713
2021,4,VOLVO,12042
2021,4,SKODA,8952
2021,4,MG,7683
2021,4,LAND ROVER,7387
2021,4,RENAULT,6939
2021,4,CITROEN,5900
2021,4,PORSCHE,5750
2021,4,SEAT,5537
2021,4,HONDA,4957
2021,4,DACIA,4288
2021,4,FIAT,4196
2021,4,MAZDA,4107
2021,4,JAGUAR,3449
2021,4,SUZUKI,3085
2021,4,CUPRA,2156
2021,4,LEXUS,1878
2021,4,POLESTAR,1669
2021,4,SUBARU,683
2021,4,JEEP,673
2021,4,DS,636
2021,4,SMART,481
2021,4,ALFA ROMEO,468
2021,4,BENTLEY,460
2021,4,SSANGYONG,411
2021,4,ABARTH,309
2021,4,ASTON MARTIN,242
2021,4,MASERATI,236
2021,4,FERRARI,225
2021,4,OTHER BRITISH,167
2021,4,MITSUBISHI,118
2021,4,LAMBORGHINI,116
2021,4,CHEVROLET,88
2021,4,DODGE,79
2021,4,MCLAREN,77
2021,4,LOTUS,75
2021,4,ROLLS ROYCE,74
2021,4,MORGAN,61
2021,4,ALPINE,59
2021,4,CHEVROLET GMC,59
2021,4,GENESIS,40
2021,4,TRIUMPH,39
2021,4,CATERHAM,28
2021,4,AUSTIN HEALEY,27
2021,4,AUSTIN,24
2021,4,OPEL,24
2021,4,CADILLAC,23
2021,4,LADA,21
2021,4,CHRYSLER,18
2021,4,BUICK,16
2021,4,ROVER,16
2021,4,LANCIA,15
2021,4,LINCOLN,15
2021,4,PONTIAC,15
2021,4,COLEMAN MILNE,13
2021,4,DFSK,12
2021,4,DATSUN,10
2021,4,WESTFIELD,10
2021,4,DAIMLER,9
2021,4,ARIEL,8
2021,4,DAIHATSU,7
2021,4,HUMMER,7
2021,4,OLDSMOBILE,7
2021,4,SAAB,7
2021,4,ISUZU,6
2021,4,MORRIS,6
2021,4,LEYLAND,5
2021,4,SUNBEAM,5
2021,4,MOKE AUTOMIBILI,4
2021,4,AC,3
2021,4,INFINITI,3
2021,4,MERCURY,3
2021,4,PLYMOUTH,3
2021,4,RILEY,3
2021,4,WOLSELEY,3
2021,4,COLT,2
2021,4,DE TOMASO,2
2021,4,POLSKI-FIAT,2
2021,4,ROYAL ENFIELD,2
2021,4,ACURA,1
2021,4,AEON,1
2021,4,AGRIFAC,1
2021,4,AM GENERAL,1
2021,4,BEDFORD,1
2021,4,BMC,1
2021,4,CAPRI,1
2021,4,CORVETTE,1
2021,4,DAF,1
2021,4,EBRO,1
2021,4,FSO CARS,1
2021,4,GARELLI,1
2021,4,GILERA,1
2021,4,GINETTA,1
2021,4,GREAT WALL,1
2021,4,HAMMERHEAD,1
2021,4,HILLMAN,1
2021,4,HOLDEN,1
2021,4,INDCAR,1
2021,4,KAWASAKI-KL,1
2021,4,KTM,1
2021,4,MAXUS,1
2021,4,MGB,1
2021,4,MOBILVETTA,1
2021,4,NOBLE,1
2021,4,NORTON VILLIERS TRIUMPH,1
2021,4,PINZGAUER,1
2021,4,PRAGA,1
2021,4,SIMSON,1
2021,4,TALBOT,1
2021,4,TRIGANO,1
2021,4,UAZ,1
2021,4,VOLGA,1
2021,4,YUAN,1
2021,4,ZASTAVA,1
2022,1,KIA,32060
2022,1,TOYOTA,31028
2022,1,FORD,30260
2022,1,BMW,28312
2022,1,AUDI,27425
2022,1,VOLKSWAGEN,27233
2022,1,MERCEDES,25117
2022,1,VAUXHALL,23999
2022,1,HYUNDAI,19756
2022,1,NISSAN,17135
2022,1,PEUGEOT,16631
2022,1,TESLA,15581
2022,1,MG,13880
2022,1,VOLVO,11345
2022,1,MINI,11175
2022,1,LAND ROVER,10866
2022,1,SKODA,10607
2022,1,RENAULT,8661
2022,1,CITROEN,7509
2022,1,HONDA,7412
2022,1,SEAT,6843
2022,1,MAZDA,6794
2022,1,FIAT,6077
2022,1,DACIA,5386
2022,1,SUZUKI,5375
2022,1,PORSCHE,4336
2022,1,JAGUAR,3454
2022,1,LEXUS,3166
2022,1,CUPRA,1901
2022,1,POLESTAR,1441
2022,1,DS,707
2022,1,JEEP,657
2022,1,BENTLEY,509
2022,1,ALFA ROMEO,454
2022,1,SMART,440
2022,1,SUBARU,438
2022,1,SSANGYONG,406
2022,1,ASTON MARTIN,385
2022,1,FERRARI,284
2022,1,ABARTH,280
2022,1,LAMBORGHINI,226
2022,1,MASERATI,201
2022,1,OTHER BRITISH,145
2022,1,ROLLS ROYCE,128
2022,1,MITSUBISHI,112
2022,1,GENESIS,90
2022,1,ALPINE,78
2022,1,LOTUS,72
2022,1,CHEVROLET,66
2022,1,MORGAN,65
2022,1,CATERHAM,62
2022,1,CHEVROLET GMC,59
2022,1,DODGE,58
2022,1,MCLAREN,49
2022,1,TRIUMPH,31
2022,1,AUSTIN HEALEY,21
2022,1,CADILLAC,21
2022,1,CHRYSLER,21
2022,1,COLEMAN MILNE,19
2022,1,ROVER,18
2022,1,LANCIA,17
2022,1,PONTIAC,17
2022,1,ARIEL,15
2022,1,OPEL,15
2022,1,AUSTIN,12
2022,1,LINCOLN,12
2022,1,LADA,9
2022,1,MORRIS,8
2022,1,BUICK,7
2022,1,DAIHATSU,7
2022,1,DATSUN,7
2022,1,PLYMOUTH,7
2022,1,SAAB,7
2022,1,BUGATTI,4
2022,1,DAIMLER,4
2022,1,INFINITI,4
2022,1,JENSEN,4
2022,1,WESTFIELD,4
2022,1,CORVETTE,3
2022,1,GENERAL MOTORS,3
2022,1,HUMMER,3
2022,1,AC,2
2022,1,ACURA,2
2022,1,BYD,2
2022,1,DE TOMASO,2
2022,1,HOUSEHAM,2
2022,1,LEYLAND,2
2022,1,LEYLAND CARS,2
2022,1,LIGIER,2
2022,1,MERCURY,2
2022,1,MITSUBISHI FUSO,2
2022,1,POLSKI-FIAT,2
2022,1,RILEY,2
2022,1,TVR,2
2022,1,ZASTAVA,2
2022,1,AJS,1
2022,1,FODEN,1
2022,1,HOLDEN,1
2022,1,ISUZU,1
2022,1,JIALING,1
2022,1,KOENIGSEGG,1
2022,1,MOKE AUTOMIBILI,1
2022,1,MOSKVICH,1
2022,1,OLDSMOBILE,1
2022,1,OTHER ITALIAN,1
2022,1,PUCH,1
2022,1,R-VISION,1
2022,1,SIMCA,1
2022,1,SUNBEAM,1
2022,1,THWAITES,1
2022,1,UAZ,1
2022,1,WOLSELEY,1
2022,1,ZENOS,1
2022,1,ZHENHUA,1
2022,2,FORD,31502
2022,2,VOLKSWAGEN,30301
2022,2,AUDI,26877
2022,2,BMW,25904
2022,2,KIA,25333
2022,2,TOYOTA,25166
2022,2,VAUXHALL,23953
2022,2,HYUNDAI,21126
2022,2,MERCEDES,20936
2022,2,NISSAN,16175
2022,2,PEUGEOT,15553
2022,2,LAND ROVER,12564
2022,2,SKODA,12291
2022,2,MG,11269
2022,2,MINI,11173
2022,2,VOLVO,8236
2022,2,CITROEN,7554
2022,2,DACIA,6690
2022,2,HONDA,6517
2022,2,RENAULT,6326
2022,2,SEAT,5993
2022,2,TESLA,5730
2022,2,FIAT,5400
2022,2,MAZDA,4988
2022,2,SUZUKI,4577
2022,2,PORSCHE,4146
2022,2,JAGUAR,3497
2022,2,CUPRA,3167
2022,2,LEXUS,1741
2022,2,POLESTAR,1394
2022,2,DS,868
2022,2,JEEP,804
2022,2,ABARTH,701
2022,2,BENTLEY,543
2022,2,ALFA ROMEO,422
2022,2,SSANGYONG,382
2022,2,SMART,361
2022,2,SUBARU,354
2022,2,FERRARI,309
2022,2,ASTON MARTIN,256
2022,2,MASERATI,227
2022,2,GENESIS,211
2022,2,LAMBORGHINI,197
2022,2,OTHER BRITISH,159
2022,2,ROLLS ROYCE,131
2022,2,ALPINE,93
2022,2,MITSUBISHI,81
2022,2,MORGAN,68
2022,2,CHEVROLET,59
2022,2,MCLAREN,59
2022,2,CHEVROLET GMC,56
2022,2,LOTUS,54
2022,2,DODGE,44
2022,2,CATERHAM,43
2022,2,OPEL,24
2022,2,AUSTIN HEALEY,21
2022,2,LANCIA,21
2022,2,AUSTIN,20
2022,2,TRIUMPH,20
2022,2,CADILLAC,19
2022,2,CHRYSLER,14
2022,2,DATSUN,13
2022,2,MORRIS,12
2022,2,LADA,11
2022,2,ROVER,11
2022,2,ARIEL,10
2022,2,PONTIAC,10
2022,2,COLEMAN MILNE,9
2022,2,PLYMOUTH,8
2022,2,SUNBEAM,8
2022,2,WESTFIELD,8
2022,2,DAIHATSU,5
2022,2,DAIMLER,5
2022,2,LINCOLN,5
2022,2,MERCURY,5
2022,2,SAAB,5
2022,2,BUGATTI,3
2022,2,BUICK,3
2022,2,DFSK,3
2022,2,JIALING,3
2022,2,MAN,3
2022,2,MITSUBISHI FUSO,3
2022,2,AC,2
2022,2,CZ,2
2022,2,GREAT WALL,2
2022,2,HOUSEHAM,2
2022,2,JENSEN,2
2022,2,MOBILVETTA,2
2022,2,OLDSMOBILE,2
2022,2,WARTBURG,2
2022,2,ACURA,1
2022,2,CAN-AM,1
2022,2,CHARGE,1
2022,2,COLT,1
2022,2,CORVETTE,1
2022,2,FSO CARS,1
2022,2,GARELLI,1
2022,2,GENERAL MOTORS,1
2022,2,GINETTA,1
2022,2,HUMMER,1
2022,2,INDCAR,1
2022,2,ISUZU,1
2022,2,IVECO,1
2022,2,LEXMOTO,1
2022,2,MASAI,1
2022,2,MOKE AUTOMIBILI,1
2022,2,RALEIGH,1
2022,2,RILEY,1
2022,2,SAIC,1
2022,2,SANTANA,1
2022,2,SINGER,1
2022,2,TALBOT,1
2022,2,TVR,1
2022,2,VESPA (DOUGLAS),1
2022,2,VOLGA,1
2022,2,WOLSELEY,1
2022,2,YAMAHA,1
2022,2,ZASTAVA,1
2022,3,VOLKSWAGEN,37276
2022,3,FORD,34455
2022,3,TOYOTA,32814
2022,3,AUDI,26574
2022,3,BMW,26464
2022,3,KIA,25538
2022,3,HYUNDAI,23197
2022,3,NISSAN,22346
2022,3,MERCEDES,19895
2022,3,VAUXHALL,18293
2022,3,SKODA,13392
2022,3,MG,13231
2022,3,LAND ROVER,11344
2022,3,PEUGEOT,11054
2022,3,TESLA,10942
2022,3,MINI,10020
2022,3,DACIA,9145
2022,3,CITROEN,7776
2022,3,RENAULT,7374
2022,3,HONDA,7283
2022,3,VOLVO,7128
2022,3,MAZDA,7113
2022,3,CUPRA,5436
2022,3,SEAT,4229
2022,3,SUZUKI,4156
2022,3,FIAT,4075
2022,3,PORSCHE,3639
2022,3,JAGUAR,3555
2022,3,LEXUS,2383
2022,3,DS,1182
2022,3,POLESTAR,1095
2022,3,JEEP,707
2022,3,ALFA ROMEO,555
2022,3,SUBARU,517
2022,3,SSANGYONG,436
2022,3,BENTLEY,391
2022,3,GENESIS,267
2022,3,ASTON MARTIN,260
2022,3,FERRARI,256
2022,3,SMART,221
2022,3,MASERATI,166
2022,3,OTHER BRITISH,156
2022,3,ROLLS ROYCE,149
2022,3,LAMBORGHINI,114
2022,3,ABARTH,112
2022,3,MITSUBISHI,92
2022,3,MCLAREN,73
2022,3,CHEVROLET,54
2022,3,ALPINE,52
2022,3,DODGE,51
2022,3,MORGAN,43
2022,3,CHEVROLET GMC,36
2022,3,TRIUMPH,28
2022,3,CATERHAM,24
2022,3,OPEL,22
2022,3,AUSTIN,18
2022,3,CHRYSLER,18
2022,3,LANCIA,18
2022,3,AUSTIN HEALEY,16
2022,3,DATSUN,11
2022,3,ARIEL,8
2022,3,DAIHATSU,8
2022,3,PONTIAC,8
2022,3,ROVER,8
2022,3,BUICK,7
2022,3,CADILLAC,7
2022,3,COLEMAN MILNE,7
2022,3,LINCOLN,7
2022,3,LOTUS,7
2022,3,MORRIS,7
2022,3,SAAB,7
2022,3,SUNBEAM,5
2022,3,ACURA,4
2022,3,DAIMLER,4
2022,3,HUMMER,4
2022,3,LADA,4
2022,3,PLYMOUTH,4
2022,3,JENSEN,3
2022,3,MERCURY,3
2022,3,WESTFIELD,3
2022,3,AC,2
2022,3,CORVETTE,2
2022,3,DE TOMASO,2
2022,3,GENERAL MOTORS,2
2022,3,HOLDEN,2
2022,3,INFINITI,2
2022,3,LEYLAND CARS,2
2022,3,MOKE AUTOMIBILI,2
2022,3,OLDSMOBILE,2
2022,3,PERODUA,2
2022,3,ZENOS,2
2022,3,AGRIFAC,1
2022,3,BEDFORD,1
2022,3,BRISTOL,1
2022,3,BUGATTI,1
2022,3,CAGIVA,1
2022,3,HOUSEHAM,1
2022,3,HUMBER,1
2022,3,KOENIGSEGG,1
2022,3,LONSDALE,1
2022,3,MAN,1
2022,3,MARCOS,1
2022,3,MASAI,1
2022,3,NOBLE,1
2022,3,OTHER AGRIC/CONSTRUCTIONAL,1
2022,3,PILOTE,1
2022,3,PINZGAUER,1
2022,3,R-VISION,1
2022,3,RELIANT,1
2022,3,RILEY,1
2022,3,RUF,1
2022,3,SAKURA,1
2022,3,SETRA,1
2022,3,SIMCA,1
2022,3,TALBOT,1
2022,3,WACKER NEUSON,1
2022,3,WOLSELEY,1
2022,3,YAMAHA,1
2022,3,ZASTAVA,1
2022,4,VOLKSWAGEN,40641
2022,4,FORD,32463
2022,4,AUDI,30389
2022,4,BMW,29370
2022,4,TOYOTA,27160
2022,4,NISSAN,24542
2022,4,TESLA,22423
2022,4,VAUXHALL,17746
2022,4,KIA,17056
2022,4,HYUNDAI,16372
2022,4,MERCEDES,15827
2022,4,MINI,13657
2022,4,SKODA,13088
2022,4,MG,12352
2022,4,VOLVO,10638
2022,4,RENAULT,10167
2022,4,LAND ROVER,9516
2022,4,PEUGEOT,9215
2022,4,MAZDA,6696
2022,4,PORSCHE,6373
2022,4,DACIA,5940
2022,4,CITROEN,5672
2022,4,HONDA,5410
2022,4,SEAT,5201
2022,4,FIAT,4332
2022,4,CUPRA,3917
2022,4,LEXUS,3482
2022,4,POLESTAR,3420
2022,4,SUZUKI,3308
2022,4,JAGUAR,2164
2022,4,DS,940
2022,4,SUBARU,620
2022,4,JEEP,538
2022,4,BENTLEY,482
2022,4,GENESIS,435
2022,4,ABARTH,434
2022,4,SSANGYONG,330
2022,4,ALFA ROMEO,305
2022,4,ASTON MARTIN,282
2022,4,FERRARI,232
2022,4,SMART,187
2022,4,OTHER BRITISH,142
2022,4,ROLLS ROYCE,124
2022,4,MASERATI,108
2022,4,LAMBORGHINI,101
2022,4,CHEVROLET,97
2022,4,LOTUS,96
2022,4,MCLAREN,85
2022,4,MITSUBISHI,70
2022,4,ALPINE,63
2022,4,DODGE,54
2022,4,CATERHAM,46
2022,4,CHEVROLET GMC,46
2022,4,MORGAN,45
2022,4,GREAT WALL,40
2022,4,COLEMAN MILNE,28
2022,4,ORA,28
2022,4,OPEL,24
2022,4,AUSTIN,23
2022,4,LANCIA,16
2022,4,TRIUMPH,15
2022,4,AUSTIN HEALEY,12
2022,4,CADILLAC,12
2022,4,ARIEL,9
2022,4,CHRYSLER,9
2022,4,DATSUN,8
2022,4,CORVETTE,6
2022,4,LADA,6
2022,4,LINCOLN,6
2022,4,PONTIAC,6
2022,4,ROVER,6
2022,4,DAIHATSU,5
2022,4,MORRIS,5
2022,4,SUNBEAM,4
2022,4,JENSEN,3
2022,4,MAN,3
2022,4,RENAULT TRUCKS,3
2022,4,SAAB,3
2022,4,WESTFIELD,3
2022,4,BUICK,2
2022,4,HOUSEHAM,2
2022,4,INFINITI,2
2022,4,ISUZU,2
2022,4,IVECO,2
2022,4,MERCURY,2
2022,4,PLYMOUTH,2
2022,4,TALBOT,2
2022,4,WOLSELEY,2
2022,4,ACURA,1
2022,4,ARO,1
2022,4,CAPRI,1
2022,4,DAF,1
2022,4,DAIMLER,1
2022,4,DE TOMASO,1
2022,4,DFSK,1
2022,4,ERF,1
2022,4,FORDSON,1
2022,4,GENERAL MOTORS,1
2022,4,HILLMAN,1
2022,4,HUMMER,1
2022,4,KAZUMA,1
2022,4,KOENIGSEGG,1
2022,4,LAMBRETTA,1
2022,4,LEYLAND,1
2022,4,MAXUS,1
2022,4,MGB,1
2022,4,OLDSMOBILE,1
2022,4,PINZGAUER,1
2022,4,POLSKI-FIAT,1
2022,4,REVA,1
2022,4,ROADLESS,1
2022,4,STROMER,1
2022,4,TVR,1
2022,4,WARTBURG,1
2023,1,VOLKSWAGEN,42065
2023,1,FORD,36824
2023,1,TOYOTA,34736
2023,1,AUDI,32971
2023,1,KIA,32303
2023,1,NISSAN,26562
2023,1,BMW,26244
2023,1,HYUNDAI,24127
2023,1,MERCEDES,23970
2023,1,VAUXHALL,22892
2023,1,MG,20705
2023,1,SKODA,17044
2023,1,LAND ROVER,15970
2023,1,PEUGEOT,15128
2023,1,TESLA,13360
2023,1,VOLVO,12073
2023,1,MINI,12061
2023,1,SEAT,9805
2023,1,CITROEN,9614
2023,1,MAZDA,8793
2023,1,HONDA,8672
2023,1,RENAULT,8584
2023,1,DACIA,7532
2023,1,SUZUKI,6907
2023,1,PORSCHE,6103
2023,1,FIAT,5962
2023,1,CUPRA,5283
2023,1,POLESTAR,3521
2023,1,JAGUAR,3429
2023,1,LEXUS,2577
2023,1,JEEP,1063
2023,1,DS,802
2023,1,SUBARU,667
2023,1,BENTLEY,506
2023,1,SSANGYONG,419
2023,1,ALFA ROMEO,385
2023,1,GENESIS,361
2023,1,ASTON MARTIN,326
2023,1,LOTUS,325
2023,1,MASERATI,318
2023,1,FERRARI,271
2023,1,LAMBORGHINI,252
2023,1,ORA,214
2023,1,ROLLS ROYCE,168
2023,1,OTHER BRITISH,163
2023,1,ABARTH,102
2023,1,ALPINE,87
2023,1,CATERHAM,84
2023,1,MITSUBISHI,80
2023,1,SMART,72
2023,1,MCLAREN,58
2023,1,DODGE,49
2023,1,MORGAN,47
2023,1,CHEVROLET,40
2023,1,BYD,34
2023,1,CHEVROLET GMC,27
2023,1,INEOS,20
2023,1,COLEMAN MILNE,16
2023,1,DFSK,16
2023,1,LANCIA,16
2023,1,TRIUMPH,16
2023,1,OPEL,15
2023,1,ARIEL,14
2023,1,AUSTIN,14
2023,1,CADILLAC,11
2023,1,CHRYSLER,10
2023,1,AUSTIN HEALEY,9
2023,1,MORRIS,7
2023,1,PONTIAC,7
2023,1,LINCOLN,6
2023,1,MAN,6
2023,1,MERCEDES-BENZ,6
2023,1,ROVER,6
2023,1,DATSUN,5
2023,1,LEVC,5
2023,1,BUICK,4
2023,1,SAAB,4
2023,1,ACURA,3
2023,1,BLATA,3
2023,1,BUGATTI,3
2023,1,MAXUS,3
2023,1,MERCURY,3
2023,1,WESTFIELD,3
2023,1,CORVETTE,2
2023,1,HOLDEN,2
2023,1,HOUSEHAM,2
2023,1,INFINITI,2
2023,1,JENSEN,2
2023,1,MOKE AUTOMIBILI,2
2023,1,PLYMOUTH,2
2023,1,RELIANT,2
2023,1,SIMCA,2
2023,1,TALBOT,2
2023,1,AC,1
2023,1,AUSTIN-MORRIS,1
2023,1,DAEWOO,1
2023,1,DAIMLER,1
2023,1,DE TOMASO,1
2023,1,FSO CARS,1
2023,1,GINETTA,1
2023,1,HUMMER,1
2023,1,ISUZU,1
2023,1,LADA,1
2023,1,LEYLAND,1
2023,1,LONSDALE,1
2023,1,MAEVING,1
2023,1,MAHINDRA,1
2023,1,MOBILVETTA,1
2023,1,OLDSMOBILE,1
2023,1,PERODUA,1
2023,1,PRAGA,1
2023,1,REVA,1
2023,1,SINGER,1
2023,1,SUNBEAM,1
2023,1,TVR,1
2023,1,VESPA (DOUGLAS),1
2023,1,VOLGA,1
2023,1,WARTBURG,1
2023,1,WEIDEMANN,1
2023,2,VOLKSWAGEN,39755
2023,2,FORD,36284
2023,2,AUDI,35751
2023,2,TOYOTA,27525
2023,2,BMW,26771
2023,2,VAUXHALL,26658
2023,2,KIA,26479
2023,2,HYUNDAI,22271
2023,2,NISSAN,19963
2023,2,MERCEDES,19303
2023,2,MG,18969
2023,2,SKODA,17395
2023,2,PEUGEOT,15467
2023,2,VOLVO,13176
2023,2,TESLA,12789
2023,2,LAND ROVER,12350
2023,2,MINI,10862
2023,2,RENAULT,9030
2023,2,DACIA,7826
2023,2,MAZDA,7465
2023,2,HONDA,6846
2023,2,PORSCHE,6289
2023,2,SEAT,6224
2023,2,CUPRA,6132
2023,2,CITROEN,6047
2023,2,SUZUKI,5361
2023,2,LEXUS,4166
2023,2,JAGUAR,3574
2023,2,FIAT,3473
2023,2,POLESTAR,3342
2023,2,DS,732
2023,2,SUBARU,636
2023,2,JEEP,618
2023,2,GENESIS,452
2023,2,INEOS,445
2023,2,SSANGYONG,445
2023,2,BENTLEY,435
2023,2,ALFA ROMEO,363
2023,2,LOTUS,361
2023,2,FERRARI,285
2023,2,ASTON MARTIN,278
2023,2,LAMBORGHINI,239
2023,2,MASERATI,230
2023,2,ABARTH,189
2023,2,OTHER BRITISH,137
2023,2,ROLLS ROYCE,110
2023,2,MCLAREN,93
2023,2,SMART,88
2023,2,ALPINE,86
2023,2,ORA,84
2023,2,MITSUBISHI,78
2023,2,BYD,74
2023,2,CHEVROLET,53
2023,2,MORGAN,45
2023,2,CATERHAM,37
2023,2,MAN,33
2023,2,DODGE,27
2023,2,RENAULT TRUCKS,19
2023,2,CHRYSLER,17
2023,2,OPEL,15
2023,2,CHEVROLET GMC,14
2023,2,AUSTIN HEALEY,11
2023,2,AUSTIN,10
2023,2,LANCIA,10
2023,2,CADILLAC,9
2023,2,TRIUMPH,9
2023,2,MERCEDES-BENZ,8
2023,2,MAXUS,7
2023,2,ROVER,7
2023,2,SAAB,7
2023,2,DAIHATSU,5
2023,2,DATSUN,5
2023,2,MOKE AUTOMIBILI,5
2023,2,PONTIAC,5
2023,2,ARIEL,4
2023,2,COLEMAN MILNE,4
2023,2,MORRIS,4
2023,2,HUMMER,3
2023,2,WESTFIELD,3
2023,2,BUICK,2
2023,2,CORVETTE,2
2023,2,DFSK,2
2023,2,MAHINDRA,2
2023,2,AC,1
2023,2,ACURA,1
2023,2,AVANTI,1
2023,2,BOND,1
2023,2,BRABUS,1
2023,2,CLASSIC CUSTOM,1
2023,2,CLAYTON,1
2023,2,DAIMLER,1
2023,2,GENERAL MOTORS,1
2023,2,GOUPIL,1
2023,2,HILLMAN,1
2023,2,HOUSEHAM,1
2023,2,HUMBER,1
2023,2,ISUZU,1
2023,2,IVECO,1
2023,2,JENSEN,1
2023,2,LADA,1
2023,2,LEYLAND,1
2023,2,LINCOLN,1
2023,2,LONDON TAXIS INT,1
2023,2,MASSEY FERGUSON,1
2023,2,MERCURY,1
2023,2,MGB,1
2023,2,MITSUBISHI FUSO,1
2023,2,NOBLE,1
2023,2,OLDSMOBILE,1
2023,2,PANTHER,1
2023,2,PINZGAUER,1
2023,2,PLYMOUTH,1
2023,2,RENEGADE,1
2023,2,SIMCA,1
2023,2,SUNBEAM,1
2023,2,SYM,1
2023,2,YUAN,1
2023,3,VOLKSWAGEN,45419
2023,3,FORD,39691
2023,3,AUDI,36539
2023,3,TOYOTA,33564
2023,3,KIA,31172
2023,3,VAUXHALL,26565
2023,3,BMW,26405
2023,3,NISSAN,25159
2023,3,MERCEDES,24566
2023,3,HYUNDAI,22954
2023,3,MG,22047
2023,3,SKODA,19098
2023,3,PEUGEOT,16092
2023,3,TESLA,13597
2023,3,RENAULT,12903
2023,3,VOLVO,12530
2023,3,LAND ROVER,11962
2023,3,MINI,10206
2023,3,MAZDA,8873
2023,3,SUZUKI,8580
2023,3,SEAT,8421
2023,3,CITROEN,8160
2023,3,CUPRA,7333
2023,3,HONDA,7064
2023,3,DACIA,6051
2023,3,PORSCHE,5481
2023,3,LEXUS,5292
2023,3,FIAT,4912
2023,3,JAGUAR,3506
2023,3,POLESTAR,3253
2023,3,SUBARU,859
2023,3,JEEP,838
2023,3,ALFA ROMEO,454
2023,3,DS,449
2023,3,LOTUS,437
2023,3,SSANGYONG,406
2023,3,ABARTH,388
2023,3,BENTLEY,379
2023,3,ORA,370
2023,3,BYD,337
2023,3,INEOS,306
2023,3,FERRARI,267
2023,3,ASTON MARTIN,256
2023,3,GENESIS,228
2023,3,MASERATI,187
2023,3,SMART,187
2023,3,LAMBORGHINI,178
2023,3,OTHER BRITISH,129
2023,3,ROLLS ROYCE,126
2023,3,MITSUBISHI,79
2023,3,ALPINE,76
2023,3,CHEVROLET,66
2023,3,MCLAREN,58
2023,3,CHEVROLET GMC,38
2023,3,AUSTIN,28
2023,3,DODGE,28
2023,3,MORGAN,27
2023,3,RENAULT TRUCKS,23
2023,3,CATERHAM,22
2023,3,TRIUMPH,19
2023,3,AUSTIN HEALEY,18
2023,3,CHRYSLER,18
2023,3,LANCIA,17
2023,3,CADILLAC,15
2023,3,OPEL,15
2023,3,MORRIS,10
2023,3,DATSUN,9
2023,3,ARIEL,6
2023,3,LINCOLN,6
2023,3,BUICK,5
2023,3,DAIHATSU,5
2023,3,MAEVING,5
2023,3,MAXUS,5
2023,3,HUMMER,4
2023,3,MERCEDES-BENZ,4
2023,3,MERCURY,4
2023,3,ROVER,4
2023,3,SUNBEAM,4
2023,3,HOUSEHAM,3
2023,3,MOBILVETTA,3
2023,3,MOKE AUTOMIBILI,3
2023,3,PONTIAC,3
2023,3,SAAB,3
2023,3,ACURA,2
2023,3,BUGATTI,2
2023,3,HILLMAN,2
2023,3,HOLDEN,2
2023,3,HONCHING,2
2023,3,INFINITI,2
2023,3,JENSEN,2
2023,3,LADA,2
2023,3,LEVC,2
2023,3,MAN,2
2023,3,PLYMOUTH,2
2023,3,TALBOT,2
2023,3,ZHENHUA,2
2023,3,AC,1
2023,3,ALPINA,1
2023,3,AM GENERAL,1
2023,3,AUSTIN-MORRIS,1
2023,3,AVTOVAZ,1
2023,3,COLEMAN MILNE,1
2023,3,CORVETTE,1
2023,3,DE TOMASO,1
2023,3,EBRO,1
2023,3,GENERAL MOTORS,1
2023,3,HUMBER,1
2023,3,ISUZU TRUCKS,1
2023,3,JAWA,1
2023,3,KEEWAY,1
2023,3,KOENIGSEGG,1
2023,3,LAMBRETTA,1
2023,3,LEYLAND,1
2023,3,MAGIRUS DEUTZ,1
2023,3,MAHINDRA,1
2023,3,MARCOS,1
2023,3,MECALAC,1
2023,3,MOTOR JIKOV,1
2023,3,OLDSMOBILE,1
2023,3,RUF,1
2023,3,SAVIEM,1
2023,3,SD,1
2023,3,TVR,1
2023,3,TYM,1
2023,3,WESTFIELD,1
2023,4,VOLKSWAGEN,40571
2023,4,BMW,34054
2023,4,AUDI,34046
2023,4,FORD,32617
2023,4,TOYOTA,29825
2023,4,VAUXHALL,24489
2023,4,MERCEDES,21297
2023,4,NISSAN,20741
2023,4,MG,19288
2023,4,HYUNDAI,17843
2023,4,KIA,17824
2023,4,SKODA,16888
2023,4,PEUGEOT,15961
2023,4,MINI,14595
2023,4,LAND ROVER,13966
2023,4,VOLVO,13269
2023,4,RENAULT,12516
2023,4,TESLA,9857
2023,4,SEAT,7885
2023,4,CITROEN,7222
2023,4,DACIA,7183
2023,4,CUPRA,7023
2023,4,PORSCHE,6548
2023,4,HONDA,6126
2023,4,SUZUKI,5807
2023,4,MAZDA,5715
2023,4,JAGUAR,4166
2023,4,LEXUS,4034
2023,4,POLESTAR,2427
2023,4,FIAT,2401
2023,4,BYD,716
2023,4,JEEP,716
2023,4,SUBARU,705
2023,4,LOTUS,477
2023,4,ALFA ROMEO,445
2023,4,DS,416
2023,4,SMART,416
2023,4,SSANGYONG,399
2023,4,GENESIS,339
2023,4,BENTLEY,317
2023,4,OTHER BRITISH,250
2023,4,ORA,244
2023,4,FERRARI,225
2023,4,ASTON MARTIN,206
2023,4,ABARTH,185
2023,4,MASERATI,177
2023,4,INEOS,139
2023,4,LAMBORGHINI,120
2023,4,FISKER,119
2023,4,ROLLS ROYCE,110
2023,4,MITSUBISHI,94
2023,4,MCLAREN,57
2023,4,ALPINE,48
2023,4,CHEVROLET,43
2023,4,DODGE,41
2023,4,CATERHAM,39
2023,4,MORGAN,30
2023,4,CHEVROLET GMC,23
2023,4,AUSTIN,22
2023,4,TRIUMPH,18
2023,4,MERCEDES-BENZ,15
2023,4,OPEL,14
2023,4,RENAULT TRUCKS,14
2023,4,LANCIA,13
2023,4,DATSUN,12
2023,4,BUICK,10
2023,4,ARIEL,9
2023,4,CHRYSLER,9
2023,4,DAIHATSU,9
2023,4,MORRIS,9
2023,4,ROVER,8
2023,4,AUSTIN HEALEY,7
2023,4,COLEMAN MILNE,6
2023,4,PONTIAC,5
2023,4,HOLDEN,4
2023,4,WESTFIELD,4
2023,4,ACURA,3
2023,4,BUGATTI,3
2023,4,CADILLAC,3
2023,4,LADA,3
2023,4,MAEVING,3
2023,4,REVA,3
2023,4,SAAB,3
2023,4,AC,2
2023,4,HOUSEHAM,2
2023,4,HUMMER,2
2023,4,JENSEN,2
2023,4,LINCOLN,2
2023,4,MOBILVETTA,2
2023,4,PLYMOUTH,2
2023,4,SAVIEM,2
2023,4,SUNBEAM,2
2023,4,ACCESS,1
2023,4,ALPINA,1
2023,4,ASQUITH,1
2023,4,BRISTOL,1
2023,4,COLT,1
2023,4,CORVETTE,1
2023,4,CZ,1
2023,4,DAIMLER,1
2023,4,FSO CARS,1
2023,4,GREAT WALL,1
2023,4,HILLMAN,1
2023,4,JAGUAR LAND ROVER,1
2023,4,JCB,1
2023,4,LEYLAND,1
2023,4,LEYLAND CARS,1
2023,4,MAXUS,1
2023,4,MERCURY,1
2023,4,OLDSMOBILE,1
2023,4,OTHER AGRIC/CONSTRUCTIONAL,1
2023,4,PERODUA,1
2023,4,PINZGAUER,1
2023,4,RIEJU,1
2023,4,RILEY,1
2023,4,TALBOT,1
2023,4,TVR,1
2023,4,VELOSOLEX,1
2023,4,YAMAHA,1
2023,4,ZASTAVA,1
2024,1,VOLKSWAGEN,43161
2024,1,BMW,37381
2024,1,NISSAN,34299
2024,1,AUDI,33137
2024,1,KIA,33066
2024,1,FORD,32840
2024,1,TOYOTA,30931
2024,1,MERCEDES,29046
2024,1,VAUXHALL,28792
2024,1,HYUNDAI,23515
2024,1,MG,23167
2024,1,PEUGEOT,21389
2024,1,LAND ROVER,18900
2024,1,SKODA,18544
2024,1,RENAULT,14776
2024,1,VOLVO,13871
2024,1,HONDA,13421
2024,1,MINI,12641
2024,1,TESLA,11777
2024,1,SEAT,11196
2024,1,CITROEN,9447
2024,1,DACIA,8289
2024,1,SUZUKI,7710
2024,1,MAZDA,7538
2024,1,CUPRA,7018
2024,1,JAGUAR,6837
2024,1,FIAT,5322
2024,1,PORSCHE,4917
2024,1,LEXUS,3920
2024,1,JEEP,2529
2024,1,POLESTAR,1300
2024,1,BYD,1278
2024,1,SUBARU,1032
2024,1,KGM,605
2024,1,SMART,529
2024,1,ASTON MARTIN,431
2024,1,ORA,422
2024,1,DS,372
2024,1,ALFA ROMEO,352
2024,1,BENTLEY,336
2024,1,FERRARI,291
2024,1,LOTUS,282
2024,1,ABARTH,276
2024,1,LAMBORGHINI,260
2024,1,GENESIS,203
2024,1,MASERATI,159
2024,1,ALPINE,149
2024,1,ROLLS ROYCE,148
2024,1,FISKER,117
2024,1,RENAULT TRUCKS,115
2024,1,OTHER BRITISH,104
2024,1,MITSUBISHI,96
2024,1,INEOS,71
2024,1,MCLAREN,64
2024,1,DODGE,36
2024,1,CATERHAM,35
2024,1,CHEVROLET,34
2024,1,MORGAN,31
2024,1,CHEVROLET GMC,26
2024,1,DFSK,26
2024,1,AUSTIN,19
2024,1,CHRYSLER,18
2024,1,MERCEDES-BENZ,16
2024,1,CADILLAC,15
2024,1,OPEL,13
2024,1,TRIUMPH,13
2024,1,ARIEL,11
2024,1,LANCIA,10
2024,1,AUSTIN HEALEY,9
2024,1,PONTIAC,8
2024,1,BUICK,7
2024,1,DAIHATSU,7
2024,1,DATSUN,6
2024,1,LINCOLN,6
2024,1,MAN,6
2024,1,ROVER,6
2024,1,SUNBEAM,6
2024,1,HOUSEHAM,5
2024,1,INFINITI,5
2024,1,LADA,5
2024,1,MORRIS,5
2024,1,SAAB,5
2024,1,PLYMOUTH,4
2024,1,BUGATTI,3
2024,1,GORDON MURRAY,3
2024,1,ISUZU,3
2024,1,MERCURY,3
2024,1,OLDSMOBILE,3
2024,1,WESTFIELD,3
2024,1,AC,2
2024,1,ACURA,2
2024,1,ALPINA,2
2024,1,JENSEN,2
2024,1,SSANGYONG,2
2024,1,AEON,1
2024,1,BEDFORD,1
2024,1,BOND,1
2024,1,BSA,1
2024,1,DAIMLER,1
2024,1,EBRO,1
2024,1,FODEN,1
2024,1,FSO CARS,1
2024,1,GREAT WALL,1
2024,1,HILLMAN,1
2024,1,HUMBER,1
2024,1,KOENIGSEGG,1
2024,1,LAMBRETTA,1
2024,1,LEYLAND,1
2024,1,LONSDALE,1
2024,1,MAGIRUS DEUTZ,1
2024,1,MAHINDRA,1
2024,1,MAXUS,1
2024,1,MAYBACH,1
2024,1,MOBILVETTA,1
2024,1,MOKE AUTOMIBILI,1
2024,1,MUTT,1
2024,1,NSU,1
2024,1,RILEY,1
2024,1,SIMCA,1
2024,1,STEYR,1
2024,1,TALBOT,1
2024,1,TATA,1
2024,1,TVR,1
2024,1,URAL,1
2024,1,VELOSOLEX,1
2024,1,VICTORY,1
2024,1,WARTBURG,1
2024,1,WOLSELEY,1
2024,1,ZASTAVA,1
2024,2,VOLKSWAGEN,43810
2024,2,BMW,33630
2024,2,AUDI,33487
2024,2,TOYOTA,28676
2024,2,KIA,27319
2024,2,FORD,24528
2024,2,MERCEDES,23514
2024,2,HYUNDAI,22902
2024,2,NISSAN,22326
2024,2,MG,20904
2024,2,SKODA,19119
2024,2,VOLVO,16998
2024,2,VAUXHALL,16785
2024,2,LAND ROVER,14503
2024,2,RENAULT,13992
2024,2,PEUGEOT,13284
2024,2,TESLA,11276
2024,2,SEAT,10228
2024,2,MINI,8728
2024,2,DACIA,7818
2024,2,CUPRA,6973
2024,2,MAZDA,6710
2024,2,CITROEN,6510
2024,2,HONDA,6497
2024,2,SUZUKI,5965
2024,2,PORSCHE,4248
2024,2,LEXUS,4210
2024,2,JAGUAR,4005
2024,2,FIAT,2882
2024,2,BYD,1626
2024,2,POLESTAR,1444
2024,2,JEEP,1300
2024,2,SUBARU,635
2024,2,ALFA ROMEO,572
2024,2,SMART,533
2024,2,ORA,474
2024,2,KGM,376
2024,2,BENTLEY,348
2024,2,GENESIS,343
2024,2,LOTUS,337
2024,2,FERRARI,309
2024,2,LAMBORGHINI,248
2024,2,ASTON MARTIN,241
2024,2,DS,209
2024,2,RENAULT TRUCKS,170
2024,2,ABARTH,165
2024,2,OTHER BRITISH,162
2024,2,MASERATI,127
2024,2,ROLLS ROYCE,107
2024,2,MCLAREN,96
2024,2,INEOS,76
2024,2,ALPINE,71
2024,2,MITSUBISHI,62
2024,2,FISKER,51
2024,2,MERCEDES-BENZ,44
2024,2,CHEVROLET,37
2024,2,DODGE,37
2024,2,CATERHAM,33
2024,2,MORGAN,30
2024,2,CHEVROLET GMC,22
2024,2,TRIUMPH,18
2024,2,CADILLAC,16
2024,2,OPEL,15
2024,2,PONTIAC,15
2024,2,CHRYSLER,14
2024,2,AUSTIN HEALEY,12
2024,2,DATSUN,12
2024,2,MORRIS,10
2024,2,ARIEL,9
2024,2,DAIHATSU,9
2024,2,GORDON MURRAY,9
2024,2,LANCIA,9
2024,2,LINCOLN,9
2024,2,MAXUS,7
2024,2,AUSTIN,6
2024,2,COLEMAN MILNE,6
2024,2,DAIMLER,6
2024,2,ROVER,6
2024,2,SAAB,6
2024,2,BUICK,4
2024,2,JENSEN,4
2024,2,MERCURY,4
2024,2,MOKE AUTOMIBILI,4
2024,2,SUNBEAM,4
2024,2,YAMAHA,4
2024,2,ACURA,3
2024,2,PLYMOUTH,3
2024,2,HUMMER,2
2024,2,HYMER,2
2024,2,LEYLAND CARS,2
2024,2,LONSDALE,2
2024,2,MAN,2
2024,2,OLDSMOBILE,2
2024,2,SIMCA,2
2024,2,SINGER,2
2024,2,TALBOT,2
2024,2,WOLSELEY,2
2024,2,AC,1
2024,2,BARONI,1
2024,2,BIMOTA,1
2024,2,BUGATTI,1
2024,2,CZ,1
2024,2,HOLDEN,1
2024,2,HOUSEHAM,1
2024,2,HUMBER,1
2024,2,LADA,1
2024,2,MAHINDRA,1
2024,2,MARCOS,1
2024,2,MGB,1
2024,2,PERODUA,1
2024,2,R-VISION,1
2024,2,SAVIEM,1
2024,2,SKYWELL,1
2024,2,UNI CARRIERS,1
2024,2,VESPA (DOUGLAS),1
2024,2,VOLTA TRUCKS,1
2024,2,WESTFIELD,1
2024,2,ZHENHUA,1
2024,3,VOLKSWAGEN,46834
2024,3,AUDI,33689
2024,3,TOYOTA,32253
2024,3,KIA,32103
2024,3,FORD,29254
2024,3,MERCEDES,27867
2024,3,BMW,27535
2024,3,NISSAN,26585
2024,3,HYUNDAI,26279
2024,3,SKODA,20791
2024,3,VOLVO,19005
2024,3,VAUXHALL,18224
2024,3,MG,17800
2024,3,LAND ROVER,16304
2024,3,PEUGEOT,16300
2024,3,RENAULT,14297
2024,3,TESLA,13146
2024,3,HONDA,10272
2024,3,SEAT,9920
2024,3,CUPRA,8993
2024,3,MINI,8932
2024,3,MAZDA,8761
2024,3,CITROEN,7499
2024,3,SUZUKI,7273
2024,3,DACIA,6846
2024,3,LEXUS,4634
2024,3,PORSCHE,3821
2024,3,FIAT,3706
2024,3,POLESTAR,3629
2024,3,JAGUAR,3570
2024,3,JEEP,2412
2024,3,BYD,2359
2024,3,OMODA,1129
2024,3,MERCEDES-BENZ,1065
2024,3,SUBARU,721
2024,3,SMART,668
2024,3,LOTUS,506
2024,3,KGM,448
2024,3,ABARTH,443
2024,3,DS,413
2024,3,ALFA ROMEO,399
2024,3,BENTLEY,312
2024,3,GENESIS,295
2024,3,ASTON MARTIN,249
2024,3,FERRARI,227
2024,3,LAMBORGHINI,184
2024,3,ORA,182
2024,3,OTHER BRITISH,151
2024,3,MASERATI,122
2024,3,ROLLS ROYCE,109
2024,3,INEOS,102
2024,3,ALPINE,76
2024,3,RENAULT TRUCKS,74
2024,3,MITSUBISHI,72
2024,3,MCLAREN,53
2024,3,CATERHAM,40
2024,3,CHEVROLET,30
2024,3,MORGAN,29
2024,3,DODGE,28
2024,3,MAN,28
2024,3,AUSTIN,24
2024,3,CHEVROLET GMC,19
2024,3,OPEL,19
2024,3,TRIUMPH,15
2024,3,AUSTIN HEALEY,14
2024,3,LANCIA,14
2024,3,DATSUN,13
2024,3,CHRYSLER,11
2024,3,CADILLAC,9
2024,3,BUICK,8
2024,3,LINCOLN,6
2024,3,ROVER,6
2024,3,SAAB,6
2024,3,ARIEL,5
2024,3,TATA,5
2024,3,BUGATTI,4
2024,3,DAIHATSU,4
2024,3,GORDON MURRAY,4
2024,3,MAXUS,4
2024,3,MORRIS,4
2024,3,SUNBEAM,4
2024,3,ACURA,3
2024,3,DAIMLER,3
2024,3,GREAT WALL,3
2024,3,JENSEN,3
2024,3,WESTFIELD,3
2024,3,AC,2
2024,3,CORVETTE,2
2024,3,GWM,2
2024,3,HOLDEN,2
2024,3,HUMBER,2
2024,3,MERCURY,2
2024,3,PLYMOUTH,2
2024,3,PONTIAC,2
2024,3,SKYWELL,2
2024,3,SSANGYONG,2
2024,3,AEON,1
2024,3,ALPINA,1
2024,3,BRISTOL,1
2024,3,CAN-AM,1
2024,3,CHAMP,1
2024,3,DAF,1
2024,3,DE TOMASO,1
2024,3,DENNIS,1
2024,3,GAZ,1
2024,3,HOUSEHAM,1
2024,3,ISUZU,1
2024,3,KARRIER,1
2024,3,LADA,1
2024,3,LEYLAND CARS,1
2024,3,LONDON TAXIS INT,1
2024,3,MAGIRUS DEUTZ,1
2024,3,MARCOS,1
2024,3,MAYBACH,1
2024,3,MOBILVETTA,1
2024,3,MOKE AUTOMIBILI,1
2024,3,OVER,1
2024,3,ROYAL ENFIELD,1
2024,3,SIMCA,1
2024,3,WACKER NEUSON,1
2024,3,ZHENHUA,1
2024,4,VOLKSWAGEN,39395
2024,4,BMW,29026
2024,4,TOYOTA,25520
2024,4,AUDI,24855
2024,4,FORD,24586
2024,4,MERCEDES,21486
2024,4,SKODA,20562
2024,4,NISSAN,20195
2024,4,KIA,19800
2024,4,MG,19181
2024,4,HYUNDAI,19152
2024,4,PEUGEOT,18092
2024,4,VOLVO,17517
2024,4,MINI,16915
2024,4,VAUXHALL,15905
2024,4,RENAULT,15199
2024,4,TESLA,14190
2024,4,LAND ROVER,12516
2024,4,DACIA,8393
2024,4,CUPRA,7544
2024,4,CITROEN,7218
2024,4,PORSCHE,7202
2024,4,MAZDA,5719
2024,4,SEAT,5602
2024,4,HONDA,4425
2024,4,LEXUS,4073
2024,4,BYD,3529
2024,4,JEEP,2967
2024,4,FIAT,2647
2024,4,JAGUAR,2602
2024,4,OMODA,2503
2024,4,SUZUKI,2383
2024,4,POLESTAR,2335
2024,4,MERCEDES-BENZ,1473
2024,4,LOTUS,578
2024,4,SUBARU,547
2024,4,ALFA ROMEO,443
2024,4,GENESIS,360
2024,4,BENTLEY,343
2024,4,SMART,262
2024,4,ASTON MARTIN,241
2024,4,JAECOO,199
2024,4,KGM,190
2024,4,FERRARI,185
2024,4,DS,161
2024,4,OTHER BRITISH,141
2024,4,ABARTH,138
2024,4,LAMBORGHINI,118
2024,4,INEOS,116
2024,4,ROLLS ROYCE,99
2024,4,ORA,86
2024,4,MASERATI,80
2024,4,ALPINE,77
2024,4,MITSUBISHI,58
2024,4,MCLAREN,50
2024,4,DODGE,45
2024,4,MAXUS,41
2024,4,MORGAN,30
2024,4,CHEVROLET,28
2024,4,CATERHAM,24
2024,4,CHEVROLET GMC,23
2024,4,MAN,20
2024,4,RENAULT TRUCKS,20
2024,4,AUSTIN,13
2024,4,OPEL,13
2024,4,CADILLAC,11
2024,4,TRIUMPH,11
2024,4,AUSTIN HEALEY,10
2024,4,LANCIA,8
2024,4,MORRIS,7
2024,4,ROVER,7
2024,4,PONTIAC,6
2024,4,XPENG,6
2024,4,ARIEL,5
2024,4,DAIHATSU,5
2024,4,LONDON TAXIS INT,5
2024,4,DATSUN,4
2024,4,SKYWELL,4
2024,4,BUGATTI,3
2024,4,CHRYSLER,3
2024,4,DAIMLER,3
2024,4,INFINITI,3
2024,4,OLDSMOBILE,3
2024,4,ACURA,2
2024,4,BUICK,2
2024,4,FISKER,2
2024,4,GENERAL MOTORS,2
2024,4,GORDON MURRAY,2
2024,4,HOLDEN,2
2024,4,LEYLAND CARS,2
2024,4,MERCURY,2
2024,4,MOKE AUTOMIBILI,2
2024,4,RUF,2
2024,4,SAAB,2
2024,4,TATA,2
2024,4,AC,1
2024,4,COLEMAN MILNE,1
2024,4,CORVETTE,1
2024,4,DENNIS,1
2024,4,GREAT WALL,1
2024,4,HILLMAN,1
2024,4,HOUSEHAM,1
2024,4,HUMBER,1
2024,4,ISUZU,1
2024,4,IVECO,1
2024,4,KOENIGSEGG,1
2024,4,LADA,1
2024,4,LAMBRETTA,1
2024,4,LINCOLN,1
2024,4,MCC,1
2024,4,MK SPORTSCARS,1
2024,4,MOBILVETTA,1
2024,4,NOBLE,1
2024,4,NSU,1
2024,4,R-VISION,1
2024,4,RILEY,1
2024,4,SANTANA,1
2024,4,SAVIEM,1
2024,4,SIMCA,1
2024,4,SMC,1
2024,4,SSANGYONG,1
2024,4,SUNBEAM,1
2024,4,SUNLIGHT,1
2024,4,TEREX,1
2024,4,TVR,1
2024,4,UMM,1
2024,4,WESTFIELD,1
2024,4,YUAN,1
2024,4,ZENOS,1
2025,1,VOLKSWAGEN,55016
2025,1,BMW,36359
2025,1,FORD,35016
2025,1,KIA,34957
2025,1,TOYOTA,29856
2025,1,PEUGEOT,28723
2025,1,AUDI,28553
2025,1,NISSAN,28504
2025,1,VAUXHALL,27655
2025,1,MERCEDES,25249
2025,1,HYUNDAI,24886
2025,1,MG,24655
2025,1,SKODA,22772
2025,1,LAND ROVER,21354
2025,1,VOLVO,19279
2025,1,RENAULT,17864
2025,1,MINI,13084
2025,1,TESLA,12490
2025,1,MAZDA,11059
2025,1,CUPRA,10044
2025,1,HONDA,9821
2025,1,BYD,9276
2025,1,DACIA,9239
2025,1,SEAT,6992
2025,1,SUZUKI,6129
2025,1,PORSCHE,5373
2025,1,CITROEN,4569
2025,1,LEXUS,4446
2025,1,FIAT,4157
2025,1,JEEP,4118
2025,1,POLESTAR,3707
2025,1,JAECOO,3235
2025,1,OMODA,3200
2025,1,MERCEDES-BENZ,2650
2025,1,JAGUAR,1801
2025,1,SUBARU,944
2025,1,ALFA ROMEO,762
2025,1,LOTUS,655
2025,1,KGM,513
2025,1,SMART,494
2025,1,GENESIS,419
2025,1,BENTLEY,381
2025,1,ASTON MARTIN,347
2025,1,LAMBORGHINI,286
2025,1,FERRARI,276
2025,1,DS,199
2025,1,LEAPMOTOR,193
2025,1,ABARTH,135
2025,1,ROLLS ROYCE,122
2025,1,MASERATI,108
2025,1,OTHER BRITISH,96
2025,1,MCLAREN,85
2025,1,RENAULT TRUCKS,69
2025,1,MITSUBISHI,64
2025,1,ORA,64
2025,1,INEOS,55
2025,1,CHEVROLET,44
2025,1,ALPINE,43
2025,1,MAXUS,39
2025,1,GWM,37
2025,1,XPENG,37
2025,1,MORGAN,33
2025,1,CATERHAM,23
2025,1,DODGE,23
2025,1,TRIUMPH,16
2025,1,CHEVROLET GMC,13
2025,1,ARIEL,12
2025,1,CADILLAC,12
2025,1,LANCIA,12
2025,1,AUSTIN,11
2025,1,CHRYSLER,11
2025,1,DATSUN,10
2025,1,FISKER,8
2025,1,LINCOLN,8
2025,1,AUSTIN HEALEY,7
2025,1,MORRIS,7
2025,1,ROVER,7
2025,1,SKYWELL,7
2025,1,BUICK,6
2025,1,DAIHATSU,4
2025,1,DAIMLER,3
2025,1,GORDON MURRAY,3
2025,1,HUMMER,3
2025,1,LADA,3
2025,1,OPEL,3
2025,1,SAAB,3
2025,1,SUNBEAM,3
2025,1,TATA,3
2025,1,AC,2
2025,1,ACURA,2
2025,1,ALPINA,2
2025,1,HOLDEN,2
2025,1,JENSEN,2
2025,1,LEVC,2
2025,1,MAN,2
2025,1,MAYBACH,2
2025,1,MGB,2
2025,1,OLDSMOBILE,2
2025,1,PONTIAC,2
2025,1,TALBOT,2
2025,1,WESTFIELD,2
2025,1,ARTEGA,1
2025,1,BUGATTI,1
2025,1,CORVETTE,1
2025,1,HAKO,1
2025,1,HILLMAN,1
2025,1,HONCHING,1
2025,1,HOUSEHAM,1
2025,1,INFINITI,1
2025,1,ISUZU,1
2025,1,KTM,1
2025,1,LEYLAND CARS,1
2025,1,LONDON TAXIS INT,1
2025,1,LONSDALE,1
2025,1,MERCURY,1
2025,1,MOBILVETTA,1
2025,1,MOKE AUTOMIBILI,1
2025,1,PLYMOUTH,1
2025,1,RELIANT,1
2025,1,SAVIEM,1
2025,1,TAISHAN,1
2025,1,ZASTAVA,1
2025,1,ZHENHUA,1
2025,2,VOLKSWAGEN,42868
2025,2,BMW,30674
2025,2,KIA,26821
2025,2,AUDI,26517
2025,2,FORD,25867
2025,2,HYUNDAI,23892
2025,2,TOYOTA,23804
2025,2,NISSAN,21972
2025,2,SKODA,21414
2025,2,PEUGEOT,19992
2025,2,VAUXHALL,19401
2025,2,MERCEDES,18187
2025,2,MG,17993
2025,2,RENAULT,15574
2025,2,VOLVO,15189
2025,2,LAND ROVER,14248
2025,2,TESLA,10258
2025,2,BYD,10118
2025,2,CUPRA,9138
2025,2,MINI,8991
2025,2,MAZDA,7889
2025,2,DACIA,6850
2025,2,SEAT,5393
2025,2,HONDA,5183
2025,2,JAECOO,5167
2025,2,CITROEN,4986
2025,2,POLESTAR,4643
2025,2,LEXUS,4424
2025,2,PORSCHE,4252
2025,2,SUZUKI,3795
2025,2,OMODA,3747
2025,2,MERCEDES-BENZ,2897
2025,2,JEEP,2554
2025,2,FIAT,2120
2025,2,DS,751
2025,2,ALFA ROMEO,594
2025,2,SUBARU,548
2025,2,GENESIS,372
2025,2,LEAPMOTOR,349
2025,2,KGM,322
2025,2,SMART,293
2025,2,BENTLEY,291
2025,2,ALPINE,279
2025,2,ASTON MARTIN,235
2025,2,LAMBORGHINI,214
2025,2,FERRARI,194
2025,2,LOTUS,173
2025,2,OTHER BRITISH,132
2025,2,XPENG,129
2025,2,ROLLS ROYCE,109
2025,2,GWM,91
2025,2,INEOS,90
2025,2,JAGUAR,77
2025,2,MITSUBISHI,76
2025,2,MASERATI,72
2025,2,ABARTH,65
2025,2,MCLAREN,45
2025,2,CATERHAM,35
2025,2,RENAULT TRUCKS,35
2025,2,CHEVROLET GMC,32
2025,2,DODGE,31
2025,2,CHEVROLET,30
2025,2,MAXUS,29
2025,2,MORGAN,21
2025,2,AUSTIN,16
2025,2,FISKER,15
2025,2,OPEL,14
2025,2,LEVC,13
2025,2,CHRYSLER,11
2025,2,DATSUN,11
2025,2,AUSTIN HEALEY,10
2025,2,CADILLAC,10
2025,2,TRIUMPH,10
2025,2,ARIEL,8
2025,2,LANCIA,8
2025,2,ROVER,8
2025,2,DAIHATSU,7
2025,2,MORRIS,7
2025,2,MAN,6
2025,2,DAIMLER,5
2025,2,MERCURY,5
2025,2,PONTIAC,5
2025,2,SKYWELL,5
2025,2,GORDON MURRAY,4
2025,2,KOENIGSEGG,4
2025,2,SAAB,4
2025,2,WESTFIELD,4
2025,2,LADA,3
2025,2,ZURN HARVESTING,3
2025,2,ACURA,2
2025,2,BUGATTI,2
2025,2,HOLDEN,2
2025,2,INFINITI,2
2025,2,JENSEN,2
2025,2,LEYLAND CARS,2
2025,2,PLYMOUTH,2
2025,2,SUNBEAM,2
2025,2,BUICK,1
2025,2,CASE,1
2025,2,DE TOMASO,1
2025,2,DIAMOND,1
2025,2,GAZ,1
2025,2,HUMMER,1
2025,2,LINCOLN,1
2025,2,MGB,1
2025,2,MOBILVETTA,1
2025,2,ORA,1
2025,2,PIAGGIO,1
2025,2,PINZGAUER,1
2025,2,POLARIS,1
2025,2,R-VISION,1
2025,2,SSANGYONG,1
2025,2,STEYR,1
2025,2,VENTURI,1
2025,2,WOLSELEY,1
2025,2,ZENOS,1
2025,3,VOLKSWAGEN,48744
2025,3,AUDI,32025
2025,3,BMW,31751
2025,3,FORD,31323
2025,3,KIA,31235
2025,3,TOYOTA,29104
2025,3,HYUNDAI,26180
2025,3,NISSAN,23207
2025,3,MG,22797
2025,3,SKODA,22440
2025,3,PEUGEOT,22109
2025,3,MERCEDES,20290
2025,3,VAUXHALL,19812
2025,3,VOLVO,18400
2025,3,BYD,15947
2025,3,RENAULT,15592
2025,3,LAND ROVER,13180
2025,3,MINI,12371
2025,3,TESLA,12244
2025,3,CUPRA,11661
2025,3,JAECOO,9790
2025,3,HONDA,8297
2025,3,MAZDA,8170
2025,3,OMODA,7285
2025,3,DACIA,6771
2025,3,SEAT,6390
2025,3,MERCEDES-BENZ,5575
2025,3,SUZUKI,5191
2025,3,CITROEN,4514
2025,3,LEXUS,4443
2025,3,POLESTAR,4329
2025,3,PORSCHE,4172
2025,3,JEEP,2721
2025,3,FIAT,2065
2025,3,CHERY,1307
2025,3,LEAPMOTOR,995
2025,3,ALFA ROMEO,936
2025,3,SUBARU,627
2025,3,ALPINE,577
2025,3,SMART,530
2025,3,KGM,455
2025,3,XPENG,344
2025,3,BENTLEY,303
2025,3,LOTUS,292
2025,3,ASTON MARTIN,273
2025,3,GWM,226
2025,3,GENESIS,215
2025,3,LAMBORGHINI,162
2025,3,JAGUAR,133
2025,3,FERRARI,128
2025,3,INEOS,113
2025,3,MASERATI,106
2025,3,OTHER BRITISH,99
2025,3,ROLLS ROYCE,90
2025,3,RENAULT TRUCKS,63
2025,3,ABARTH,62
2025,3,MITSUBISHI,62
2025,3,CHEVROLET,55
2025,3,MCLAREN,42
2025,3,DS,34
2025,3,MORGAN,34
2025,3,CHANGAN,20
2025,3,DODGE,20
2025,3,CADILLAC,14
2025,3,CATERHAM,14
2025,3,CHEVROLET GMC,14
2025,3,AUSTIN,13
2025,3,LANCIA,13
2025,3,TRIUMPH,13
2025,3,DATSUN,12
2025,3,GORDON MURRAY,12
2025,3,OPEL,12
2025,3,FISKER,10
2025,3,CHRYSLER,9
2025,3,SKYWELL,9
2025,3,ROVER,8
2025,3,MORRIS,7
2025,3,ARIEL,6
2025,3,AUSTIN HEALEY,6
2025,3,LINCOLN,6
2025,3,MAXUS,6
2025,3,ACURA,4
2025,3,DAIHATSU,4
2025,3,LADA,4
2025,3,WESTFIELD,4
2025,3,BUICK,3
2025,3,DAIMLER,3
2025,3,LEYLAND CARS,3
2025,3,PONTIAC,3
2025,3,COLT,2
2025,3,DE TOMASO,2
2025,3,GENERAL MOTORS,2
2025,3,HUMMER,2
2025,3,KOENIGSEGG,2
2025,3,AC,1
2025,3,AUSTIN-MORRIS,1
2025,3,BUGATTI,1
2025,3,CORVETTE,1
2025,3,ESKUTA,1
2025,3,GINETTA,1
2025,3,HOLDEN,1
2025,3,INFINITI,1
2025,3,KTM,1
2025,3,LEYLAND DAF,1
2025,3,LONDON TAXIS INT,1
2025,3,MAN,1
2025,3,MAYBACH,1
2025,3,MOTOR JIKOV,1
2025,3,NSU,1
2025,3,OLDSMOBILE,1
2025,3,PERODUA,1
2025,3,PLYMOUTH,1
2025,3,QUADDY,1
2025,3,R-VISION,1
2025,3,SAAB,1
2025,3,SUNBEAM,1
2025,3,TVR,1
2025,3,WELLS,1
2025,3,WOLSELEY,1
2025,3,ZASTAVA,1
2025,4,VOLKSWAGEN,39979
2025,4,FORD,27790
2025,4,AUDI,27545
2025,4,BMW,27065
2025,4,TOYOTA,23411
2025,4,KIA,20121
2025,4,MG,19788
2025,4,NISSAN,19178
2025,4,HYUNDAI,18208
2025,4,VOLVO,17323
2025,4,SKODA,17232
2025,4,RENAULT,16917
2025,4,BYD,15729
2025,4,VAUXHALL,15592
2025,4,MINI,13180
2025,4,LAND ROVER,12698
2025,4,PEUGEOT,12462
2025,4,MERCEDES,11951
2025,4,TESLA,10588
2025,4,CUPRA,10506
2025,4,JAECOO,10060
2025,4,DACIA,7088
2025,4,CITROEN,6762
2025,4,OMODA,5634
2025,4,PORSCHE,5236
2025,4,MERCEDES-BENZ,4751
2025,4,MAZDA,4646
2025,4,SEAT,4420
2025,4,SUZUKI,4409
2025,4,POLESTAR,4335
2025,4,CHERY,4224
2025,4,HONDA,3520
2025,4,LEXUS,3311
2025,4,LEAPMOTOR,2738
2025,4,JEEP,1324
2025,4,ALPINE,821
2025,4,ALFA ROMEO,814
2025,4,FIAT,786
2025,4,SUBARU,550
2025,4,SHINERAY,479
2025,4,SMART,478
2025,4,XPENG,394
2025,4,CHANGAN,342
2025,4,LOTUS,333
2025,4,BENTLEY,286
2025,4,KGM,284
2025,4,ASTON MARTIN,257
2025,4,GENESIS,219
2025,4,FERRARI,126
2025,4,GWM,123
2025,4,JAGUAR,107
2025,4,MASERATI,100
2025,4,ROLLS ROYCE,100
2025,4,OTHER BRITISH,93
2025,4,MITSUBISHI,75
2025,4,INEOS,60
2025,4,LAMBORGHINI,59
2025,4,CHEVROLET,42
2025,4,MCLAREN,38
2025,4,DS,33
2025,4,DODGE,32
2025,4,MORGAN,32
2025,4,ABARTH,29
2025,4,CHEVROLET GMC,20
2025,4,FISKER,18
2025,4,RENAULT TRUCKS,18
2025,4,CADILLAC,16
2025,4,LANCIA,13
2025,4,AUSTIN,12
2025,4,TRIUMPH,12
2025,4,SKYWELL,11
2025,4,CHRYSLER,9
2025,4,DAIHATSU,9
2025,4,ROVER,8
2025,4,AUSTIN HEALEY,7
2025,4,CATERHAM,7
2025,4,GORDON MURRAY,7
2025,4,MAXUS,7
2025,4,OPEL,7
2025,4,PLYMOUTH,7
2025,4,DATSUN,6
2025,4,LADA,5
2025,4,PONTIAC,5
2025,4,SSANGYONG,5
2025,4,ARIEL,4
2025,4,CORVETTE,4
2025,4,DAIMLER,4
2025,4,SAAB,4
2025,4,BUGATTI,3
2025,4,LEYLAND CARS,3
2025,4,MORRIS,3
2025,4,OLDSMOBILE,3
2025,4,SUNBEAM,3
2025,4,THINK,3
2025,4,BUICK,2
2025,4,ENTERPRISE BUS,2
2025,4,GARELLI,2
2025,4,HUMMER,2
2025,4,LINCOLN,2
2025,4,RILEY,2
2025,4,TATA,2
2025,4,ZHENHUA,2
2025,4,ACURA,1
2025,4,AJS,1
2025,4,BSA,1
2025,4,COLT,1
2025,4,CZ,1
2025,4,DFSK,1
2025,4,FOREST RIVER,1
2025,4,HONCHING,1
2025,4,HOUSEHAM,1
2025,4,INFINITI,1
2025,4,LEYLAND,1
2025,4,LONDON TAXIS INT,1
2025,4,LYNK & CO,1
2025,4,MAN,1
2025,4,MOBILVETTA,1
2025,4,MOSKVICH,1
2025,4,NSU,1
2025,4,PENTA,1
2025,4,REVA,1
2025,4,SAVIEM,1
2025,4,SIMCA,1
2025,4,TALBOT,1
2025,4,TGB,1
2025,4,TVR,1
2025,4,WELLS,1
2025,4,WESTFIELD,1
2026,1,VOLKSWAGEN,49458
2026,1,BMW,34891
2026,1,KIA,34655
2026,1,FORD,33114
2026,1,AUDI,31289
2026,1,TOYOTA,30295
2026,1,VAUXHALL,27929
2026,1,PEUGEOT,25301
2026,1,NISSAN,25059
2026,1,SKODA,24540
2026,1,HYUNDAI,24219
2026,1,MG,24061
2026,1,LAND ROVER,21786
2026,1,BYD,21339
2026,1,MERCEDES,20871
2026,1,VOLVO,19570
2026,1,JAECOO,18931
2026,1,RENAULT,18867
2026,1,MINI,14217
2026,1,CUPRA,11841
2026,1,TESLA,11752
2026,1,MAZDA,10620
2026,1,CITROEN,9606
2026,1,SUZUKI,9153
2026,1,OMODA,9088
2026,1,HONDA,8590
2026,1,MERCEDES-BENZ,8499
2026,1,DACIA,8426
2026,1,CHERY,8089
2026,1,SEAT,4854
2026,1,PORSCHE,4572
2026,1,POLESTAR,4151
2026,1,LEXUS,4123
2026,1,JEEP,3813
2026,1,LEAPMOTOR,3102
2026,1,FIAT,1748
2026,1,SHINERAY,1595
2026,1,SUBARU,780
2026,1,ALFA ROMEO,763
2026,1,CHANGAN,751
2026,1,ALPINE,704
2026,1,SMART,591
2026,1,KGM,578
2026,1,BENTLEY,432
2026,1,XPENG,353
2026,1,ASTON MARTIN,338
2026,1,GENESIS,293
2026,1,LOTUS,240
2026,1,LAMBORGHINI,177
2026,1,JAGUAR,150
2026,1,FERRARI,130
2026,1,MASERATI,112
2026,1,ROLLS ROYCE,112
2026,1,GWM,110
2026,1,ABARTH,96
2026,1,INEOS,94
2026,1,OTHER BRITISH,80
2026,1,MITSUBISHI,73
2026,1,MCLAREN,52
2026,1,RENAULT TRUCKS,48
2026,1,DS,47
2026,1,MORGAN,43
2026,1,CHEVROLET,31
2026,1,DODGE,26
2026,1,CATERHAM,23
2026,1,CHEVROLET GMC,20
2026,1,CADILLAC,15
2026,1,SKYWELL,15
2026,1,MAN,14
2026,1,CHRYSLER,13
2026,1,TRIUMPH,12
2026,1,AUSTIN,11
2026,1,GORDON MURRAY,11
2026,1,LANCIA,9
2026,1,DAIHATSU,7
2026,1,OPEL,6
2026,1,AUSTIN HEALEY,5
2026,1,PONTIAC,5
2026,1,ARIEL,4
2026,1,DATSUN,4
2026,1,BUICK,3
2026,1,LADA,3
2026,1,LINCOLN,3
2026,1,MERCURY,3
2026,1,ROVER,3
2026,1,SUNBEAM,3
2026,1,BUGATTI,2
2026,1,DAIMLER,2
2026,1,FISKER,2
2026,1,HOLDEN,2
2026,1,ISUZU,2
2026,1,MAHINDRA,2
2026,1,MAYBACH,2
2026,1,SAAB,2
2026,1,SINGER,2
2026,1,TVR,2
2026,1,AION,1
2026,1,ASKOLL,1
2026,1,BEDFORD,1
2026,1,CORVETTE,1
2026,1,DE TOMASO,1
2026,1,HARLEY-DAVIDSON,1
2026,1,HILLMAN,1
2026,1,HUMMER,1
2026,1,JENSEN,1
2026,1,MAN/VW,1
2026,1,MITSUBISHI FUSO,1
2026,1,MOBILVETTA,1
2026,1,MORRIS,1
2026,1,OLDSMOBILE,1
2026,1,PLYMOUTH,1
2026,1,RILEY,1
2026,1,SSANGYONG,1
2026,1,TALBOT,1
2026,1,VOGELE,1
2026,1,WELLS,1
2026,1,YUAN,1
2026,2,VOLKSWAGEN,45545
2026,2,BMW,30067
2026,2,AUDI,29895
2026,2,KIA,28164
2026,2,FORD,25680
2026,2,MG,24733
2026,2,TOYOTA,24592
2026,2,SKODA,22155
2026,2,VAUXHALL,21318
2026,2,HYUNDAI,21212
2026,2,RENAULT,17408
2026,2,NISSAN,17340
2026,2,VOLVO,16786
2026,2,PEUGEOT,16769
2026,2,BYD,16434
2026,2,TESLA,15982
2026,2,MINI,15683
2026,2,JAECOO,15246
2026,2,LAND ROVER,13741
2026,2,MERCEDES,13363
2026,2,CUPRA,10178
2026,2,CHERY,9934
2026,2,OMODA,9736
2026,2,MERCEDES-BENZ,9100
2026,2,CITROEN,6897
2026,2,DACIA,6744
2026,2,SUZUKI,5619
2026,2,PORSCHE,5153
2026,2,POLESTAR,4935
2026,2,SHINERAY,4907
2026,2,HONDA,4701
2026,2,MAZDA,4405
2026,2,LEXUS,4029
2026,2,SEAT,3981
2026,2,LEAPMOTOR,3675
2026,2,JEEP,2595
2026,2,FIAT,2245
2026,2,ALPINE,1186
2026,2,ALFA ROMEO,917
2026,2,CHANGAN,825
2026,2,SMART,587
2026,2,SUBARU,441
2026,2,XPENG,414
2026,2,LOTUS,352
2026,2,GENESIS,335
2026,2,BENTLEY,311
2026,2,ASTON MARTIN,296
2026,2,KGM,265
2026,2,ABARTH,232
2026,2,FERRARI,207
2026,2,LAMBORGHINI,172
2026,2,MASERATI,158
2026,2,MITSUBISHI,132
2026,2,OTHER BRITISH,117
2026,2,AION,101
2026,2,ROLLS ROYCE,91
2026,2,SKYWELL,75
2026,2,DS,66
2026,2,JAGUAR,61
2026,2,INEOS,59
2026,2,CATERHAM,53
2026,2,MORGAN,52
2026,2,RENAULT TRUCKS,50
2026,2,CHEVROLET,44
2026,2,MCLAREN,39
2026,2,GWM,35
2026,2,DODGE,21
2026,2,CHEVROLET GMC,16
2026,2,DAIHATSU,14
2026,2,LANCIA,12
2026,2,MAN,12
2026,2,OPEL,11
2026,2,ARIEL,9
2026,2,AUSTIN,9
2026,2,CHRYSLER,9
2026,2,TRIUMPH,8
2026,2,CADILLAC,7
2026,2,ROVER,7
2026,2,AUSTIN HEALEY,6
2026,2,BUICK,6
2026,2,DATSUN,6
2026,2,LINCOLN,6
2026,2,PONTIAC,6
2026,2,MAXUS,5
2026,2,HUMMER,4
2026,2,MORRIS,4
2026,2,SSANGYONG,4
2026,2,ACURA,3
2026,2,CORVETTE,3
2026,2,LADA,3
2026,2,MOBILVETTA,3
2026,2,AC,2
2026,2,DAIMLER,2
2026,2,HOLDEN,2
2026,2,HOUSEHAM,2
2026,2,INFINITI,2
2026,2,RILEY,2
2026,2,SAAB,2
2026,2,SAVIEM,2
2026,2,AEON,1
2026,2,APIX ROTARY,1
2026,2,BEDFORD,1
2026,2,BLUROC,1
2026,2,BRISTOL,1
2026,2,BUGATTI,1
2026,2,CHAMP,1
2026,2,DAF,1
2026,2,EXPLORER,1
2026,2,FISKER,1
2026,2,GENERAL MOTORS,1
2026,2,GORDON MURRAY,1
2026,2,GOUPIL,1
2026,2,ISUZU,1
2026,2,JENSEN,1
2026,2,KARRIER,1
2026,2,KOENIGSEGG,1
2026,2,MAHINDRA,1
2026,2,MERCURY,1
2026,2,MGB,1
2026,2,MICROCAR,1
2026,2,MK SPORTSCARS,1
2026,2,NSU,1
2026,2,OLDSMOBILE,1
2026,2,PIAGGIO,1
2026,2,PLYMOUTH,1
2026,2,R-VISION,1
2026,2,STEYR,1
2026,2,TALBOT,1
2026,2,TVR,1
2026,2,VOLGA,1
2026,2,WACKER NEUSON,1
2026,2,WARTBURG,1
2026,2,WESTFIELD,1
2026,2,WOLSELEY,1
2026,2,YUAN,1
2026,2,ZURN HARVESTING,1
