year,month,brand,model,count
2026,9,TESLA,MODEL Y,1809
2026,9,TESLA,MODEL 3,1043
2026,9,TOYOTA,TOYOTA YARIS CROSS,668
2026,9,TOYOTA,TOYOTA AYGO X,546
2026,9,KIA,EV3,501
2026,9,KIA,EV2,499
2026,9,KIA,PICANTO,494
2026,9,HYUNDAI,KONA,476
2026,9,SKODA,ELROQ 85,431
2026,9,RENAULT,RENAULT 5 E-TECH ELECTRIC,423
2026,9,VOLVO,EX30,416
2026,9,TOYOTA,TOYOTA C-HR,411
2026,9,RENAULT,CLIO,398
2026,9,VOLVO,EX40,398
2026,9,SKODA,ELROQ 60,379
2026,9,KIA,EV5,379
2026,9,HYUNDAI,INSTER,377
2026,9,BMW,IX1 EDRIVE20,302
2026,9,SKODA,KODIAQ,291
2026,9,SKODA,ENYAQ 85,275
2026,9,BMW,IX3 40,274
2026,9,KIA,SPORTAGE,265
2026,9,CUPRA,RAVAL 155KW,258
2026,9,FORD,PUMA,253
2026,9,BYD,BYD ATTO 2  DM-I,247
2026,9,PEUGEOT,2008,246
2026,9,SUZUKI,SWIFT,240
2026,9,FORD,KUGA,227
2026,9,BYD,BYD SEAL U DM-I,219
2026,9,TOYOTA,TOYOTA YARIS,216
2026,9,RENAULT,CAPTUR (E-TECH HYBRID),212
2026,9,VOLKSWAGEN,ID.4 PRO 210KW,208
2026,9,LEAPMOTOR,B10,205
2026,9,VOLKSWAGEN,TIGUAN,194
2026,9,KIA,NIRO,191
2026,9,TOYOTA,TOYOTA COROLLA,178
2026,9,TOYOTA,URBAN CRUISER,177
2026,9,SEAT,IBIZA,174
2026,9,BMW,IX3 50 XDRIVE,162
2026,9,RENAULT,SYMBIOZ,157
2026,9,PEUGEOT,208,153
2026,9,VOLVO,XC60,150
2026,9,OPEL,CORSA,148
2026,9,RENAULT,TWINGO E-TECH ELECTRIC,139
2026,9,MAZDA,MAZDA CX-6E,135
2026,9,PEUGEOT,3008,134
2026,9,RENAULT,SCENIC E-TECH ELECTRIC,133
2026,9,VOLKSWAGEN,T-ROC,133
2026,9,HYUNDAI,TUCSON,132
2026,9,VOLKSWAGEN,POLO,128
2026,9,MINI,COUNTRYMAN E,128
2026,9,OPEL,FRONTERA,128
2026,9,KIA,EV4,127
2026,9,BMW,X3 30E XDRIVE,123
2026,9,TOYOTA,TOYOTA RAV4,122
2026,9,JEEP,AVENGER,114
2026,9,MERCEDES-BENZ,GLA 250 E,114
2026,9,LEAPMOTOR,T03,113
2026,9,MERCEDES-BENZ,CLA 250+,112
2026,9,BYD,ATTO 3 EVO,108
2026,9,SKODA,KAMIQ,106
2026,9,LYNK&CO,LYNK & CO 01,104
2026,9,VOLKSWAGEN,ID.7 TOURER PRO,104
2026,9,BYD,DOLPHIN G,104
2026,9,DACIA,BIGSTER,103
2026,9,SUZUKI,VITARA,103
2026,9,VOLKSWAGEN,TAYRON,100
2026,9,PEUGEOT,5008,100
2026,9,BMW,X5 XDRIVE50E,100
2026,9,BMW,120,99
2026,9,ZEEKR,7GT,98
2026,9,RENAULT,RENAULT 4 E-TECH ELECTRIC,95
2026,9,SKODA,OCTAVIA,94
2026,9,MERCEDES-BENZ,GLC 400 4MATIC WITH EQ TE,94
2026,9,FORD,EXPLORER,94
2026,9,XPENG,G6,93
2026,9,JEEP,COMPASS,90
2026,9,GEELY,STARRAY EM-I,90
2026,9,AUDI,A3 SPORTBACK PHEV 150,88
2026,9,DACIA,JOGGER,88
2026,9,POLESTAR,POLESTAR 4,87
2026,9,AUDI,Q4 E-TRON PERFORMANCE,84
2026,9,MAZDA,MAZDA CX-5,83
2026,9,KIA,STONIC,83
2026,9,RENAULT,AUSTRAL,82
2026,9,BMW,330E,81
2026,9,DACIA,DUSTER,81
2026,9,DACIA,SANDERO,79
2026,9,MITSUBISHI,MITSUBISHI OUTLANDER,78
2026,9,SUBARU,CROSSTREK,78
2026,9,CITROEN,C3,77
2026,9,MINI,ACEMAN SE,76
2026,9,VOLVO,V60,75
2026,9,VOLVO,EC40,75
2026,9,VOLKSWAGEN,GOLF,73
2026,9,AUDI,Q3 200KW TFSI E,73
2026,9,NISSAN,NISSAN QASHQAI,73
2026,9,VOLVO,XC90,72
2026,9,MAZDA,MAZDA2 HYBRID,72
2026,9,LEAPMOTOR,C10,72
2026,9,MERCEDES-BENZ,GLB 250+,71
2026,9,PEUGEOT,408,71
2026,9,OPEL,GRANDLAND,68
2026,9,BMW,X1 XDRIVE25E,68
2026,9,MAZDA,MAZDA 6E,68
2026,9,BMW,I5 EDRIVE40,67
2026,9,MERCEDES-BENZ,CLA 200,67
2026,9,CITROEN,E-C3,64
2026,9,TOYOTA,TOYOTA BZ4X TOURING,64
2026,9,CITROEN,E-C3 AIRCROSS,63
2026,9,HYUNDAI,IONIQ5,63
2026,9,ZEEKR,7X,62
2026,9,SUZUKI,E VITARA,62
2026,9,VOLKSWAGEN,ID.7 TOURER PRO S,61
2026,9,SKODA,FABIA,61
2026,9,POLESTAR,POLESTAR 2,61
2026,9,MERCEDES-BENZ,GLC 300 E 4MATIC,60
2026,9,PEUGEOT,308,59
2026,9,MG,MG3 HYBRID+,59
2026,9,RENAULT,CAPTUR E-TECH HYBRID,59
2026,9,TOYOTA,TOYOTA BZ4X,57
2026,9,AUDI,Q5 270KW TFSI E,56
2026,9,CITROEN,C5 AIRCROSS,56
2026,9,MINI,COOPER SE,54
2026,9,VOLKSWAGEN,ID. POLO 155KW,54
2026,9,MITSUBISHI,ASX,53
2026,9,HYUNDAI,I20,53
2026,9,LAND ROVER,RANGE ROVER SPORT,53
2026,9,MERCEDES-BENZ,C 300 E,53
2026,9,JAECOO,JAECOO5 HYBRID,52
2026,9,JAECOO,JAECOO7 PHEV,52
2026,9,MAZDA,MAZDA CX-30,52
2026,9,VOLKSWAGEN,ID.4 PURE 140 KW,51
2026,9,OMODA,OMODA5 EV,51
2026,9,MERCEDES-BENZ,A 250 E,51
2026,9,LEAPMOTOR,B05,50
2026,9,VOLVO,XC40,50
2026,9,BYD,BYD SEAL U,49
2026,9,MG,MG S6 EV,48
2026,9,JAECOO,JAECOO5 EV,48
2026,9,AUDI,A5 AVANT 220KW TFSI E,47
2026,9,KIA,K4,47
2026,9,NISSAN,NISSAN MICRA,46
2026,9,MG,MG4 EV URBAN,45
2026,9,OPEL,ASTRA SPORTS TOURER,45
2026,9,CUPRA,TERRAMAR E-HYBRID,45
2026,9,SKODA,EPIQ 155KW,44
2026,9,BYD,BYD DOLPHIN SURF,43
2026,9,RENAULT,ESPACE,43
2026,9,AUDI,Q3 SB 200KW TFSI E,43
2026,9,MAZDA,MAZDA CX-60,43
2026,9,XPENG,G9,42
2026,9,SUZUKI,S-CROSS,42
2026,9,FORD,CAPRI,42
2026,9,SKODA,SUPERB,40
2026,9,CUPRA,TAVASCAN,39
2026,9,BYD,BYD SEAL,39
2026,9,FORD,TOURNEO CONNECT,39
2026,9,MAZDA,MAZDA3,38
2026,9,BMW,IX2 EDRIVE20,38
2026,9,AUDI,Q5 220KW TFSI E,37
2026,9,BMW,530E,37
2026,9,LEAPMOTOR,B03X,37
2026,9,ALFA ROMEO,ALFA ROMEO JUNIOR,37
2026,9,MERCEDES-BENZ,E 300 E,37
2026,9,OPEL,MOKKA,37
2026,9,BMW,I4 EDRIVE35,37
2026,9,OMODA,OMODA 9,36
2026,9,MG,MG S9 PHEV,36
2026,9,RENAULT,MEGANE E-TECH ELECTRIC,36
2026,9,NISSAN,NISSAN JUKE,35
2026,9,LYNK&CO,LYNK & CO 08,35
2026,9,NISSAN,NISSAN LEAF,34
2026,9,FIAT,500,34
2026,9,BYD,SEAL 6 DM-I TOURING,33
2026,9,BYD,BYD ATTO 2,33
2026,9,BMW,I4 EDRIVE40,32
2026,9,MITSUBISHI,GRANDIS,32
2026,9,LYNK&CO,LYNK & CO 02,32
2026,9,FIAT,PANDA,32
2026,9,AUDI,Q6 SUV E-TRON,31
2026,9,FIAT,600,30
2026,9,AUDI,Q2,30
2026,9,MERCEDES-BENZ,CLA 180,30
2026,9,PORSCHE,CAYENNE E-HYBRID,29
2026,9,MERCEDES-BENZ,GLA 250 E PLUG-IN HYBRID,29
2026,9,LEXUS,LEXUS LBX,29
2026,9,VOLVO,EX30 CROSS COUNTRY,28
2026,9,HYUNDAI,SANTA FE,28
2026,9,FORD,TRANSIT CUSTOM,28
2026,9,DEEPAL,DEEPAL S05,28
2026,9,HONDA,JAZZ,27
2026,9,AUDI,Q6 SUV E-TRON PERFORMANCE,27
2026,9,SMART,#3,27
2026,9,VOLKSWAGEN,ID.3 NEO 140KW,26
2026,9,SKODA,SCALA,26
2026,9,PORSCHE,CAYENNE,26
2026,9,AUDI,Q5 SB 270KW TFSI E,25
2026,9,MITSUBISHI,ECLIPSE CROSS,25
2026,9,LAND ROVER,RANGE ROVER,25
2026,9,SKODA,ELROQ 50,25
2026,9,PORSCHE,CAYENNE TURBO,24
2026,9,CITROEN,C3 AIRCROSS,24
2026,9,SUBARU,SUBARU UNCHARTED,24
2026,9,AUDI,Q4 E-TRON QUATTRO PERF,24
2026,9,SMART,#5,24
2026,9,MG,MG S5 EV,23
2026,9,MERCEDES-BENZ,GLB 200,23
2026,9,OPEL,ASTRA,23
2026,9,SEAT,SEAT LEON SP E-HYBRID150,23
2026,9,VOLKSWAGEN,PASSAT,22
2026,9,BYD,BYD SEALION 7,22
2026,9,VOLKSWAGEN,ID.7 TOURER PURE,22
2026,9,PORSCHE,MACAN 4,22
2026,9,AUDI,A1 SPORTBACK,22
2026,9,VOLKSWAGEN,CADDY,21
2026,9,LAND ROVER,DEFENDER,21
2026,9,MERCEDES-BENZ,GLC 250 ELECTRIC,21
2026,9,VOLKSWAGEN,ID.BUZZ PRO LR 210 KW,21
2026,9,MINI,COOPER C,20
2026,9,HYUNDAI,IONIQ 9,20
2026,9,LEXUS,LEXUS RZ350E,20
2026,9,XPENG,P7+,20
2026,9,SKODA,ENYAQ 60,20
2026,9,MINI,COOPER E,20
2026,9,PORSCHE,MACAN GTS,19
2026,9,JAECOO,JAECOO8 PHEV,19
2026,9,GEELY,GEELY E2,19
2026,9,HONDA,HR-V,19
2026,9,PORSCHE,CAYENNE S,19
2026,9,SKODA,KAROQ,19
2026,9,AUDI,A3 SPORTBACK,19
2026,9,GEELY,GEELY E5,19
2026,9,KIA,PV5,19
2026,9,VOLKSWAGEN,ID.7 PRO,19
2026,9,BMW,M5,19
2026,9,SKODA,ENYAQ RS,19
2026,9,KIA,EV9,18
2026,9,OMODA,OMODA5,18
2026,9,AUDI,Q4 E-TRON,18
2026,9,DONGFENG,BOX,18
2026,9,MINI,ACEMAN E,18
2026,9,AUDI,Q4 SB E-TRON QUATTRO PERF,18
2026,9,VOLKSWAGEN,ID.3 NEO 170KW,17
2026,9,FORD,MUSTANG MACH-E,17
2026,9,AUDI,A6 AV E-TRON,17
2026,9,AUDI,Q4 SB E-TRON PERFORMANCE,17
2026,9,MERCEDES-BENZ,EQA 250+,17
2026,9,AUDI,Q5 SB 220KW TFSI E,16
2026,9,MG,MG ZS,16
2026,9,NIO,FIREFLY,16
2026,9,AUDI,RS 5 AVANT,16
2026,9,BMW,550E XDRIVE,16
2026,9,KIA,EV6,16
2026,9,AUDI,A5 LIM 220KW TFSI E,16
2026,9,BMW,220,15
2026,9,MG,MG HS HYBRID+,15
2026,9,MERCEDES-BENZ,S 580 E 4MATIC,15
2026,9,MINI,COUNTRYMAN SE ALL4,15
2026,9,ZEEKR,X,14
2026,9,AUDI,A6 SB E-TRON,14
2026,9,SEAT,ARONA,14
2026,9,MERCEDES-BENZ,C 400 4MATIC ELECTRIC,14
2026,9,BMW,X1 SDRIVE20I,14
2026,9,HONDA,CR-V,14
2026,9,MERCEDES-BENZ,SPRINTER,14
2026,9,MINI,COUNTRYMAN C,14
2026,9,AUDI,A3 LIMOUSINE,14
2026,9,RENAULT,CAPTUR,14
2026,9,MERCEDES-BENZ,GLB 250,14
2026,9,LEXUS,LEXUS NX450H+,14
2026,9,RENAULT,RAFALE,14
2026,9,CUPRA,FORMENTOR E-HYBRID,13
2026,9,CUPRA,BORN 140 KW 58/61 KWH,13
2026,9,VOLKSWAGEN,T-CROSS,13
2026,9,AUDI,A6 AVANT 270KW TFSI E,13
2026,9,VOLKSWAGEN,ID.3 NEO 125KW,12
2026,9,KIA,SORENTO,12
2026,9,VOLKSWAGEN,TRANSPORTER,12
2026,9,MAZDA,MAZDA CX-80,12
2026,9,VOLVO,EX90,12
2026,9,ZEEKR,001,11
2026,9,VOLKSWAGEN,ID.4 PRO 4MOTION 220KW,11
2026,9,FIAT,500 HYBRID,11
2026,9,HYUNDAI,BAYON,11
2026,9,SEAT,SEAT ATECA,11
2026,9,DACIA,SPRING,11
2026,9,AUDI,A6 AVANT 220KW TFSI E,11
2026,9,VOLVO,EX60,11
2026,9,CUPRA,BORN 170 KW 79/84 KWH,10
2026,9,BMW,318I,10
2026,9,LAND ROVER,RANGE ROVER EVOQUE,10
2026,9,HONDA,CIVIC,10
2026,9,AUDI,Q6 SUV E-TRON QUATTRO,10
2026,9,MERCEDES-BENZ,VITO TOURER,10
2026,9,VOLKSWAGEN,ID.BUZZ PRO KR 210 KW,9
2026,9,MERCEDES-BENZ,CLA 250,9
2026,9,VOLKSWAGEN,MULTIVAN,9
2026,9,HONDA,ZR-V,9
2026,9,MG,MG HS,9
2026,9,BMW,IX XDRIVE60,9
2026,9,PORSCHE,MACAN,8
2026,9,SUBARU,SUBARU E-OUTBACK,8
2026,9,CHERY,TIGGO 4 HYBRID,8
2026,9,VOLKSWAGEN,TAIGO,8
2026,9,PORSCHE,CAYENNE S E-HYBRID,8
2026,9,LANCIA,YPSILON,8
2026,9,CHERY,TIGGO8,8
2026,9,SEAT,SEAT LEON SP,8
2026,9,AUDI,Q8 60 TFSI E,8
2026,9,BMW,X1 XDRIVE30E,8
2026,9,SMART,#1,8
2026,9,MERCEDES-BENZ,A 250 E PLUG-IN HYBRID,8
2026,9,MERCEDES-BENZ,AMG E 53 HYBRID,8
2026,9,AUDI,A3 SPORTBACK PHEV 200,8
2026,9,TOYOTA,PROACE,8
2026,9,BMW,225E XDRIVE ACTIVE TOURER,8
2026,9,MINI,COOPER S,8
2026,9,MITSUBISHI,COLT,8
2026,9,CITROEN,C4 X,8
2026,9,CHERY,TIGGO7,8
2026,9,PORSCHE,911 TURBO S,7
2026,9,BMW,230E XDRIVE ACTIVE TOURER,7
2026,9,AUDI,Q4 SB E-TRON,7
2026,9,BMW,320I,7
2026,9,BMW,IX1 XDRIVE30,7
2026,9,MERCEDES-BENZ,GLC 400 E 4MATIC,7
2026,9,FORD,TOURNEO CUSTOM,7
2026,9,AUDI,Q6 SB E-TRON,7
2026,9,BMW,530E XDRIVE,7
2026,9,VOLKSWAGEN,ID.7 TOURER GTX,7
2026,9,VOYAH,FREE,7
2026,9,POLESTAR,POLESTAR 5,7
2026,9,ALPINE,A290,7
2026,9,BMW,420I,7
2026,9,VOLKSWAGEN,CRAFTER,7
2026,9,BMW,X2 SDRIVE20I,7
2026,9,AUDI,Q8 55 TFSI E,7
2026,9,VOLKSWAGEN,ID.7 PURE,7
2026,9,MERCEDES-BENZ,ESPRINTER,7
2026,9,HYUNDAI,IONIQ 3,6
2026,9,VOLKSWAGEN,ID.7 PRO S,6
2026,9,MERCEDES-BENZ,S 450 E,6
2026,9,CITROEN,E-C4,6
2026,9,BMW,XM 50E,6
2026,9,CUPRA,RAVAL 99KW,6
2026,9,VOLVO,ES90,6
2026,9,MG,IM 5,6
2026,9,AUDI,Q6 SB E-TRON QUATTRO,6
2026,9,MERCEDES-BENZ,EVITO TOURER,6
2026,9,BMW,M135 XDRIVE,5
2026,9,AUDI,A6 AV E-TRON PERFORMANCE,5
2026,9,ALFA ROMEO,TONALE,5
2026,9,BMW,218I ACTIVE TOURER,5
2026,9,CUPRA,CUPRA LEON E-HYBRID150,5
2026,9,BMW,I5 M60 XDRIVE,5
2026,9,PORSCHE,911 CARRERA GTS,5
2026,9,GENESIS,GV60,5
2026,9,SEAT,SEAT LEON E-HYBRID150,5
2026,9,LEXUS,LEXUS RZ500E,5
2026,9,SKODA,ELROQ RS,5
2026,9,BMW,220I,5
2026,9,PORSCHE,CAYENNE TURBO E-HYBRID,5
2026,9,RAPIDO,N/A,5
2026,9,FERRARI,296 SPECIALE,5
2026,9,MERCEDES-BENZ,GLE 400 E 4MATIC,5
2026,9,MG,IM 6,4
2026,9,BURSTNER GMBH,BT6905,4
2026,9,LEXUS,LEXUS UX300H,4
2026,9,LEXUS,LEXUS RX450H+,4
2026,9,AUDI,Q6 SB E-TRON PERFORMANCE,4
2026,9,MERCEDES-BENZ,GLB 180,4
2026,9,AUDI,Q7 55 TFSI E,4
2026,9,NISSAN,NISSAN ARIYA,4
2026,9,MERCEDES-BENZ,A 180,4
2026,9,FERRARI,FERRARI PUROSANGUE,4
2026,9,FORD,TOURNEO COURIER,4
2026,9,BMW,Z4 SDRIVE20I,4
2026,9,VOLKSWAGEN,ID.BUZZ 4MOTION LR 250 KW,4
2026,9,CITROEN,JUMPY,4
2026,9,MERCEDES-BENZ,EQE 300,4
2026,9,MERCEDES-BENZ,E 450 D 4MATIC,4
2026,9,GENESIS,GV70,4
2026,9,BMW,330E XDRIVE,4
2026,9,AUDI,A6 SB E-TRON PERFORMANCE,4
2026,9,OPEL,VIVARO,4
2026,9,BMW,X3 M50 XDRIVE,4
2026,9,MERCEDES-BENZ,AMG GLE 53 HYBRID,4
2026,9,BMW,M3 COMPETITION M XDRIVE,4
2026,9,AUDI,RS 5 LIMOUSINE,3
2026,9,BURSTNER GMBH,BC6003,3
2026,9,LAND ROVER,DISCOVERY SPORT,3
2026,9,BMW,XM LABEL,3
2026,9,CUPRA,CUPRA LEON SP E-HYBRID150,3
2026,9,LEXUS,LEXUS ES350E,3
2026,9,MERCEDES-BENZ,CLA 350 4MATIC,3
2026,9,MERCEDES-BENZ,GLE 400 E 4MATIC COUPE,3
2026,9,BMW,I4 XDRIVE40,3
2026,9,KNAUS,R11,3
2026,9,NISSAN,NISSAN X-TRAIL,3
2026,9,BMW,M440I XDRIVE,3
2026,9,MERCEDES-BENZ,CLA 250 E,3
2026,9,BMW,X1 XDRIVE23I,3
2026,9,HYUNDAI,I 30,3
2026,9,PORSCHE,911 CARRERA,3
2026,9,MG,MG4 EV,3
2026,9,WESTFALIA,N/A,3
2026,9,MAZDA,MAZDA MX-5,3
2026,9,MINI,JCW,3
2026,9,MERCEDES-BENZ,AMG GLE 53 HYBRID COUPE,3
2026,9,AUDI,A5 LIM 270KW TFSI E,3
2026,9,GENESIS,G80,3
2026,9,BMW,520I,3
2026,9,DS AUTOMOBILES,N 4,3
2026,9,PORSCHE,MACAN TURBO,3
2026,9,MERCEDES-BENZ,G 580,3
2026,9,BMW,X3 20 XDRIVE,3
2026,9,POLESTAR,POLESTAR 3,3
2026,9,MERCEDES-BENZ,EQV,3
2026,9,AUDI,E-TRON GT,3
2026,9,ADRIA,TWIN 640SGX,3
2026,9,LUCID MOTORS,LUCID GRAVITY,3
2026,9,AUDI,A5 AVANT 270KW TFSI E,3
2026,9,BMW,I5 XDRIVE40,3
2026,9,VOLKSWAGEN,ID.4 GTX 250KW,3
2026,9,DS AUTOMOBILES,N?4,3
2026,9,MERCEDES-BENZ,V-KLASSE,3
2026,9,BMW,M340I XDRIVE,3
2026,9,BMW,I4 M60 XDRIVE,3
2026,9,BENTLEY,CONTINENTAL GT S,3
2026,9,VOLKSWAGEN,CALIFORNIA,3
2026,9,PORSCHE,TAYCAN 4,2
2026,9,PORSCHE,MACAN 4S,2
2026,9,BENTLEY,BENTAYGA HYBRID,2
2026,9,JAECOO,JAECOO7,2
2026,9,BMW,223 XDRIVE,2
2026,9,BMW,330I XDRIVE,2
2026,9,MG,IM6,2
2026,9,ADRIA,TWIN 600SLB,2
2026,9,MERCEDES-BENZ,C 180,2
2026,9,ADRIA,CORAL 670DL,2
2026,9,HYMER,YELLOWSTONE,2
2026,9,FERRARI,FERRARI 12CILINDRI SPIDER,2
2026,9,AUDI,SQ6 SB E-TRON,2
2026,9,SUBARU,SOLTERRA,2
2026,9,BMW,220I ACTIVE TOURER,2
2026,9,WEINSBERG,R47,2
2026,9,DONKERVOORT,P24,2
2026,9,PORSCHE,TAYCAN,2
2026,9,PORSCHE,911 CARRERA 4 GTS,2
2026,9,MERCEDES-BENZ,GLB 350 4MATIC,2
2026,9,KG MOBILITY,KG MOBILITY TORRES EVX,2
2026,9,BMW,I3 50 XDRIVE,2
2026,9,BMW,Z4 SDRIVE30I,2
2026,9,BMW,X7 XDRIVE40I,2
2026,9,CARTHAGO,C1-TOURER T 145 RB-LE,2
2026,9,HYMER,B-MC I 680,2
2026,9,MERCEDES-BENZ,MERCEDES-MAYBACH S 580 E,2
2026,9,BMW,123 XDRIVE,2
2026,9,BMW,I7 50 XDRIVE,2
2026,9,SEAT,SEAT LEON,2
2026,9,AUDI,SQ6 SUV E-TRON,2
2026,9,CAPRON,T68C/ T457,2
2026,9,VOYAH,COURAGE,2
2026,9,AUDI,RS 3 SPORTBACK,2
2026,9,BMW,X1 M35I XDRIVE,2
2026,9,OPEL,COMBO-E LIFE,2
2026,9,AUDI,A6 ALLROAD 270KW TFSI E,2
2026,9,MERCEDES-BENZ,GLA 180,2
2026,9,MINI,JCW ACEMAN E,2
2026,9,LAMBORGHINI,URUS,2
2026,9,BMW,218I,2
2026,9,MINI,JCW COUNTRYMAN ALL4,2
2026,9,KG MOBILITY,KG MOBILITY ACTYON,2
2026,9,PORSCHE,PANAMERA TURBO S E-HYBRID,2
2026,9,BMW,X6 XDRIVE40I M SPORT,2
2026,9,HYUNDAI,"KONA, KAUAI",2
2026,9,CAPRON,V67S/ V347,2
2026,9,VOLKSWAGEN,ID BUZZ PRO LR 210 KW,2
2026,9,SUN LIVING,S-SERIES S 75SL,1
2026,9,PORSCHE,PANAMERA 4S E-HYBRID,1
2026,9,PORSCHE,PANAMERA 4 E-HYBRID,1
2026,9,CAPRON,I69L/ I449,1
2026,9,HYMER,GRAND CANYON S 600 4X4,1
2026,9,BMW,X3 40D XDRIVE,1
2026,9,HYMER,B-MC T 600,1
2026,9,HYMER,EXSIS-T 580,1
2026,9,PEUGEOT,BOXER,1
2026,9,DEEPAL,DEEPAL S07,1
2026,9,MC LOUIS,MC4 881,1
2026,9,MERCEDES-BENZ,AMG CLE 53 4MATIC,1
2026,9,WESTFALIA,COLUMBUS,1
2026,9,BMW,116,1
2026,9,KNAUS,R12,1
2026,9,BENTLEY,BENTAYGA V8,1
2026,9,RIVIAN,R1S,1
2026,9,MERCEDES-BENZ,EQE 350+,1
2026,9,CARADO,T449T,1
2026,9,VOLKSWAGEN,ATLAS SEL PREM R-LINE,1
2026,9,LMC,T25_1061,1
2026,9,HYMER,AYERS ROCK,1
2026,9,JAECOO,JAECOO8 PHEV SHS-P EXCLISIVE,1
2026,9,CARTHAGO,MALIBU VAN 600 LE,1
2026,9,KNAUS,R30,1
2026,9,RENAULT,E-TECH MASTER,1
2026,9,MERCEDES-BENZ,EQS 500 4MATIC,1
2026,9,LEXUS,LEXUS RZ550E,1
2026,9,HYUNDAI,NEXO,1
2026,9,BMW,IX2 XDRIVE30,1
2026,9,ADRIA,COMPACT DL,1
2026,9,HOBBY,PRESTIGE T 710 GE,1
2026,9,CAPRON,V66/V337,1
2026,9,KABE,KABE TMMI 810 LQB,1
2026,9,DS AUTOMOBILES,N?8,1
2026,9,BYD,DENZA Z9GT EV,1
2026,9,MERCEDES-BENZ,AMG G 63,1
2026,9,PORSCHE,911 CARRERA T,1
2026,9,MERCEDES-BENZ,EQS 450+,1
2026,9,TOYOTA,TOYOTA LAND CRUISER,1
2026,9,POESSL,SUMMIT 640,1
2026,9,MERCEDES-BENZ,GLC 300 4MATIC ELECTRIC,1
2026,9,MERCEDES-BENZ,EQB 250+,1
2026,9,CHAUSSON,640,1
2026,9,POSSL,SUMMIT 640,1
2026,9,CAPRON,T67/ T448,1
2026,9,VOLKSWAGEN,TOUAREG R,1
2026,9,HYMER,B-ML T 780,1
2026,9,CITROEN,E-C4 X,1
2026,9,CARTHAGO,MALIBU VAN 640 LE K GT,1
2026,9,CARADO,T447T,1
2026,9,LEXUS,LEXUS ES500E,1
2026,9,HYMER,GT-S 600,1
2026,9,VOLKSWAGEN,ID.3 PRO 150 KW,1
2026,9,ALPINE,A390,1
2026,9,PORSCHE,911 CARRERA S,1
2026,9,CHAUSSON,630,1
2026,9,CITROEN,E-BERLINGO,1
2026,9,ADRIA,TWIN 640SLB,1
2026,9,CARTHAGO,CHIC S-PLUS I50 LE,1
2026,9,LAIKA,ECOVIP H4109DS,1
2026,9,KNAUS,R15,1
2026,9,MAZDA,CX-5 / KM01/2BC,1
2026,9,PORSCHE,911 TARGA 4 GTS,1
2026,9,ADRIA,SONIC 700DL,1
2026,9,KNAUS,R05,1
2026,9,ADRIA,CORAL 650DL,1
2026,9,ADRIA,CORAL 670SL,1
2026,9,BMW,X4 XDRIVE30I,1
2026,9,MERCEDES-BENZ,GLC 200 4MATIC,1
2026,9,BYD,ATTO 2,1
2026,9,MERCEDES-BENZ,S 500 4MATIC,1
2026,9,AUDI,Q4 SPORTBACK 45 E-TRON,1
2026,9,CHRYSLER,PACIFICA HYBRID,1
2026,9,KABE,KABE TMRX 780,1
2026,9,SUBARU,FORESTER,1
2026,9,MERCEDES-AMG,AMG GT 63 4MATIC+,1
2026,9,MERCEDES-BENZ,GLC 300 DE 4MATIC,1
2026,9,MERCEDES-BENZ,S 580 4MATIC,1
2026,9,BMW,750E XDRIVE,1
2026,9,OMODA,OMODA9,1
2026,9,CITROEN,C5 X,1
2026,9,BMW,IX XDRIVE45,1
2026,9,SKODA,PEAQ 90,1
2026,9,TESLA,MODEL Y RWD,1
2026,9,AUDI,S6 AV E-TRON,1
2026,9,MERCEDES-BENZ,GLB 220 4MATIC,1
2026,9,CROSSCAMP,ADVTR 6.0 DF,1
2026,9,CARTHAGO,C-COMPACTLINE I 143 LE,1
2026,9,MERCEDES-AMG,AMG SL 63 S E PERFORMANCE,1
2026,9,MINI,JCW E,1
2026,9,BENTLEY,FLYING SPUR AZURE,1
2026,9,BMW,540D XDRIVE,1
2026,9,KIA,SELTOS,1
2026,9,TOYOTA,AYGO X,1
2026,9,BURSTNER GMBH,BC6403,1
2026,9,BMW,I7 M70 XDRIVE,1
2026,9,MERCEDES-BENZ,B 250 E,1
2026,9,BENTLEY,CONTINENTAL GT SPEED,1
2026,9,BMW,I7 XDRIVE60,1
2026,9,KG MOBILITY,KG MOBILITY TORRES,1
2026,9,CARTHAGO,MALIBU VAN 640 LE K COUPE,1
2026,9,BMW,430I XDRIVE,1
2026,9,DS AUTOMOBILES,N 8,1
2026,9,PEUGEOT,EXPERT,1
2026,9,NISSAN,X-TRAIL,1
2026,9,AUDI,A6 LIM 220KW TFSI E,1
2026,9,VOLKSWAGEN,GOLF GTI S 2.0T,1
2026,9,MERCEDES-BENZ,GLC400 4 MATIC / EQ TE,1
2026,9,CHAUSSON,V697 SPORT LINE,1
2026,9,POSSL,SUMMIT 600,1
2026,9,HYMER,ML-T 580 XPERIENCE,1
2026,9,MERCEDES-BENZ,EQS 450 4MATIC,1
2026,9,DREAMER,N/A,1
2026,9,BMW,X5 XDRIVE40I,1
2026,9,VOLKSWAGEN,ID.BUZZ PURE KR 140 KW,1
2026,9,BMW,X2 M35I XDRIVE,1
2026,9,CAPRON,T680/T447T,1
2026,9,MERCEDES-BENZ,E 400 E 4MATIC,1
2026,9,BENIMAR,TESSORO 481,1
2026,9,FIAT,600 HYBRID 145 SPORT,1
2026,9,CITROEN,C4,1
2026,9,CAPRON,T69LC/ T459,1
2026,9,CADILLAC,ESCALADE ESV,1
2026,9,DETHLEFFS,GB T004 / JUST VAN T004,1
2026,9,ASTON MARTIN,VANTAGE S,1
2026,9,VOLKSWAGEN,ID.BUZZ 4MOTION KR 250 KW,1
2026,9,PEUGEOT,TRAVELLER,1
2026,9,HYUNDAI,IONIQ5 N,1
2026,9,DETHLEFFS,JUST T 6812,1
2026,9,MERCEDES-BENZ,CLE 180,1
2026,9,MORELO,PALACE LINER 93 LSB,1
2026,9,RENAULT,ANTILOPE F5,1
2026,9,BMW,X5 XDRIVE30D,1
2026,9,BENTLEY,BENTAYGA AZURE HYBRID,1
2026,9,OPEL,E-VIVARO,1
2026,9,SUNLIGHT,IBEX 603D,1
2026,9,CROSSCAMP,ADVTR 6.4 EF,1
2026,9,PORSCHE,718 CAYMAN GT4 RS,1
2026,9,HONDA,PRELUDE,1
2026,9,BURSTNER GMBH,BT6916,1
2026,9,KG MOBILITY,TORRES EVX,1
2026,9,HUMMER,HUMMER EV,1
2026,9,OPEL,MOVANO,1
2026,9,BMW,230I,1
2026,9,POESSL,KW 22,1
2026,9,VOLVO,XC60 B5 8AT AWD,1
2026,9,PEUGEOT,E-RIFTER,1
2026,9,HYUNDAI,I10,1
2026,9,CAPRON,CV540,1
2026,9,HYMER,GT-S 685,1
2026,9,BMW,M4 COMPETITION M XDRIVE,1
2026,9,GENESIS,GENESIS GV60 MAGMA,1
2026,9,CAPRON,V66,1
2026,9,AUDI,Q4 45 E-TRON,1
2026,9,CAPRON,CV 602,1
2026,9,ADRIA,MATRIX MB 670SL,1
2026,9,CARTHAGO,C1-TOURER   I 141 KB-LE,1
2026,9,CARADO,T338T,1
2026,9,MERCEDES-BENZ,CLA 220 4MATIC,1
2026,9,FERRARI,FERRARI F80,1
2026,9,POESSL,SUMMIT 600,1
2026,9,MERCEDES-BENZ,E 300 E 4MATIC,1
2026,9,CARTHAGO,C1-TOURER I 149 RB-LE,1
2026,9,KNAUS,R07,1
2026,9,BENTLEY,BENTAYGA SPEED,1
2026,9,MOBILVETTA DESIGN,K-YACHT TEKNO LINE 64,1
2026,9,TOYOTA,RAV4,1
2026,9,AUDI,A6 SB E-TRON QUATTRO,1
2026,9,VOLKSWAGEN,CARAVELLE,1
2026,9,BMW,I7 60 XDRIVE,1
2026,9,WEINSBERG,R48,1
2026,9,BMW,IX M70 XDRIVE,1
2026,9,HYUNDAI,IONIQ6,1
2026,9,HYMER,YOSEMITE,1
2026,9,CAPRON,T66S/ T328,1
2026,9,ASTON MARTIN,DB12 S,1
