year,month,country,total,bev,phev,hev,other,petrol,diesel
2022,9,Austria,20735,4554,1214,3489,0,6898,4580
2022,9,Belgium,31025,3797,5048,2647,248,15199,4086
2022,9,Bulgaria,2122,77,14,32,0,1642,357
2022,9,Croatia,3486,219,78,634,104,1634,817
2022,9,Cyprus,1186,39,20,412,0,642,73
2022,9,Czechia,14898,307,318,2062,264,8389,3558
2022,9,Denmark,13009,3006,2201,2432,2,4411,957
2022,9,Estonia,1810,64,15,555,23,828,325
2022,9,Finland,6801,1463,1264,2116,97,1429,432
2022,9,France,141137,22481,11618,29531,5017,52176,20314
2022,9,Germany,224816,44389,28336,40097,1460,72375,38159
2022,9,Greece,8606,282,377,2622,323,3077,1925
2022,9,Hungary,9419,408,397,3383,41,3888,1302
2022,9,Iceland,1192,636,159,116,0,165,116
2022,9,Ireland,6318,1851,465,671,1,1906,1424
2022,9,Italy,110999,5060,3993,39840,10326,30591,21189
2022,9,Latvia,1538,99,23,459,18,682,257
2022,9,Lithuania,2216,122,0,794,0,1073,227
2022,9,Luxembourg,3572,597,359,776,0,1134,706
2022,9,Malta,406,48,106,87,0,131,34
2022,9,Netherlands,25610,6063,3198,6424,156,9521,248
2022,9,Norway,14646,11382,1670,812,2,326,454
2022,9,Poland,35819,1414,974,11417,920,17083,4011
2022,9,Portugal,12502,2150,1525,2259,347,3896,2325
2022,9,Romania,11927,1282,0,2829,1026,4975,1815
2022,9,Slovakia,5237,95,118,1155,74,2850,945
2022,9,Slovenia,3776,293,69,582,49,2033,750
2022,9,Spain,67240,3287,4174,20862,1261,25489,12167
2022,9,Sweden,22048,7777,4370,2158,710,4651,2382
2022,9,Switzerland,20947,4212,1603,4897,8,7826,2401
2022,9,United Kingdom,225269,38116,12281,72863,0,91679,10330
2022,10,Austria,16058,2660,1062,3126,1,5497,3712
2022,10,Belgium,30451,3489,5416,2425,208,14340,4573
2022,10,Bulgaria,2384,86,16,23,0,1670,589
2022,10,Croatia,3023,94,95,603,46,1423,762
2022,10,Cyprus,824,33,12,323,0,419,37
2022,10,Czechia,16282,289,344,2399,312,8685,4253
2022,10,Denmark,10846,2404,1833,2242,0,3695,672
2022,10,Estonia,1672,68,27,565,17,719,276
2022,10,Finland,6198,1238,1288,1962,95,1208,407
2022,10,France,124981,16861,11108,28913,5192,46060,16847
2022,10,Germany,208642,35781,32064,36469,1098,66676,36554
2022,10,Greece,7791,241,592,2058,344,3061,1495
2022,10,Hungary,8258,328,422,3106,44,3158,1200
2022,10,Iceland,811,301,179,130,0,78,123
2022,10,Ireland,2617,737,172,216,0,898,594
2022,10,Italy,115857,3664,5646,42323,10768,32106,21350
2022,10,Latvia,1411,109,39,412,21,612,218
2022,10,Lithuania,1711,133,0,691,0,686,201
2022,10,Luxembourg,3465,530,295,772,0,1128,740
2022,10,Malta,479,92,121,75,0,139,52
2022,10,Netherlands,28802,6413,3348,8043,172,10564,262
2022,10,Norway,12558,9723,1126,977,4,266,462
2022,10,Poland,32001,979,885,10113,683,15210,4131
2022,10,Portugal,12629,1416,1465,2058,667,4832,2191
2022,10,Romania,10541,792,0,2723,831,4701,1494
2022,10,Slovakia,7528,120,167,1569,166,4184,1322
2022,10,Slovenia,3433,192,49,487,21,1950,734
2022,10,Spain,65967,2694,3971,20608,975,26167,11552
2022,10,Sweden,22383,7940,5359,2018,528,4326,2212
2022,10,Switzerland,17185,2409,1316,4865,14,6684,1897
2022,10,United Kingdom,134344,19933,8900,42171,0,56993,6347
2023,1,Austria,18850,2745,1218,3743,1,7220,3923
2023,1,Belgium,39847,5696,7246,3266,281,18256,5102
2023,1,Bulgaria,2509,159,14,51,9,1918,358
2023,1,Croatia,3438,192,71,627,133,1732,683
2023,1,Cyprus,1275,82,29,491,0,620,53
2023,1,Czechia,17137,431,476,2793,303,9182,3952
2023,1,Denmark,10402,2201,795,2422,0,4551,433
2023,1,Estonia,1773,58,32,739,6,735,203
2023,1,Finland,7175,1862,1295,2470,53,1183,312
2023,1,France,111939,14629,10301,26030,5087,43340,12552
2023,1,Germany,179247,18136,8853,41919,1187,69922,39230
2023,1,Greece,10532,273,447,2516,240,4968,2088
2023,1,Hungary,8313,369,365,3600,99,3005,875
2023,1,Iceland,730,196,112,149,1,123,149
2023,1,Ireland,27337,3674,1960,6249,0,9206,6248
2023,1,Italy,128259,3331,6102,47119,13513,34192,24002
2023,1,Latvia,1370,153,13,479,40,453,232
2023,1,Lithuania,2072,167,0,927,0,743,235
2023,1,Luxembourg,3726,674,328,684,0,1247,793
2023,1,Malta,444,80,113,70,1,154,26
2023,1,Netherlands,32666,5059,4082,7690,162,15331,342
2023,1,Norway,1859,1237,182,263,0,36,141
2023,1,Poland,35046,1077,776,13788,945,15364,3096
2023,1,Portugal,14639,2258,1575,2437,730,5220,2419
2023,1,Romania,12266,1073,0,3354,2187,4361,1291
2023,1,Slovakia,6680,105,142,1751,138,3448,1096
2023,1,Slovenia,4435,316,73,723,63,2587,673
2023,1,Spain,64038,2952,4108,20902,1798,25868,8410
2023,1,Sweden,14601,4202,3424,1641,255,3443,1636
2023,1,Switzerland,16437,2840,1387,4667,10,5905,1628
2023,1,United Kingdom,131994,17297,9109,41338,0,58970,5280
2023,3,Austria,26307,5075,1898,5260,1,8812,5261
2023,3,Belgium,51754,9459,8450,3331,403,24776,5335
2023,3,Bulgaria,3053,136,22,47,109,2172,567
2023,3,Croatia,6412,219,91,1385,136,3329,1252
2023,3,Cyprus,1751,64,51,563,0,1010,63
2023,3,Czechia,22378,590,399,3851,344,12064,5130
2023,3,Denmark,17954,6549,1926,3140,0,5599,740
2023,3,Estonia,2288,110,74,798,5,1025,276
2023,3,Finland,7677,2872,1384,1921,25,1208,267
2023,3,France,182712,30635,15722,38515,6473,71501,19866
2023,3,Germany,281361,44125,16776,67253,1339,103271,48597
2023,3,Greece,13284,724,822,3829,392,5891,1626
2023,3,Hungary,11496,650,488,4616,60,4451,1231
2023,3,Iceland,1830,935,169,317,0,208,201
2023,3,Ireland,17685,3412,1477,3748,0,5207,3841
2023,3,Italy,168181,8161,7278,57962,13026,48044,33710
2023,3,Latvia,1813,150,34,537,23,792,277
2023,3,Lithuania,2566,147,74,856,61,1051,377
2023,3,Luxembourg,5246,1044,514,1043,0,1801,844
2023,3,Malta,699,104,86,192,0,262,55
2023,3,Netherlands,37309,13200,5247,7754,149,10505,454
2023,3,Norway,19366,16811,837,1191,0,196,331
2023,3,Poland,49460,1913,1328,18200,1252,21947,4820
2023,3,Portugal,21472,3549,2165,3419,790,8661,2888
2023,3,Romania,12251,1027,0,3240,1812,4824,1348
2023,3,Slovakia,8852,213,211,2267,191,4503,1467
2023,3,Slovenia,5271,565,119,763,46,2866,912
2023,3,Spain,99526,4324,5955,28760,1671,44976,13840
2023,3,Sweden,30259,12577,5540,2654,754,6423,2311
2023,3,Switzerland,25184,4812,2131,6920,23,8955,2343
2023,3,United Kingdom,287825,46626,17933,92964,0,119278,11024
2023,4,Austria,18504,3395,1345,3965,2,6355,3442
2023,4,Belgium,39872,6486,7770,2648,397,18601,3970
2023,4,Bulgaria,2804,108,24,28,3,2125,516
2023,4,Croatia,6370,118,103,1469,161,3173,1346
2023,4,Cyprus,783,16,22,236,0,468,41
2023,4,Czechia,18429,472,369,2994,348,9636,4610
2023,4,Denmark,12058,3466,1518,2399,0,4041,634
2023,4,Estonia,1923,112,30,707,8,813,253
2023,4,Finland,7305,2347,1673,1897,36,1030,322
2023,4,France,132506,17113,10882,30933,6215,53478,13885
2023,4,Germany,202947,29740,11787,47681,1082,76519,36138
2023,4,Greece,10239,463,434,3017,359,4768,1198
2023,4,Hungary,8571,402,426,3375,65,3070,1233
2023,4,Iceland,1629,475,200,453,0,233,268
2023,4,Ireland,8912,1863,841,1543,0,2928,1737
2023,4,Italy,125664,3986,5947,43605,10540,37009,24577
2023,4,Latvia,1626,159,34,405,26,792,210
2023,4,Lithuania,2340,197,107,754,45,979,258
2023,4,Luxembourg,4176,765,402,716,0,1594,699
2023,4,Malta,953,110,165,213,0,369,96
2023,4,Netherlands,29559,8299,3830,7261,112,9553,504
2023,4,Norway,8976,7471,703,399,0,112,291
2023,4,Poland,35486,1231,1166,12391,1029,15932,3737
2023,4,Portugal,16107,2006,1906,2583,982,6757,1873
2023,4,Romania,9865,881,0,2836,1186,3642,1320
2023,4,Slovakia,6892,175,186,1910,117,3315,1189
2023,4,Slovenia,4338,307,99,651,48,2366,867
2023,4,Spain,74747,3436,4326,21973,1452,32410,11150
2023,4,Sweden,20592,6928,4549,1716,575,4739,2085
2023,4,Switzerland,18150,3375,1443,5061,6,6617,1648
2023,4,United Kingdom,132990,20522,8595,41163,0,56885,5825
2023,5,Austria,20623,4130,1276,4429,2,6831,3955
2023,5,Belgium,41359,7194,8875,2986,402,18306,3596
2023,5,Bulgaria,3168,134,23,55,0,2276,680
2023,5,Croatia,7165,131,63,1561,190,3713,1507
2023,5,Cyprus,1712,42,37,618,0,959,56
2023,5,Czechia,20298,575,362,3370,348,10480,5163
2023,5,Denmark,14006,4442,1505,2970,0,4261,828
2023,5,Estonia,2289,149,54,796,5,987,298
2023,5,Finland,9436,3275,1597,2417,42,1586,519
2023,5,France,145536,22667,12657,34395,6382,54267,15168
2023,5,Germany,246966,42780,13803,57842,1336,87700,43505
2023,5,Greece,12957,720,725,3715,277,6144,1376
2023,5,Hungary,9021,479,432,3384,37,3504,1185
2023,5,Iceland,2577,942,211,648,0,326,450
2023,5,Ireland,7545,1715,670,1529,0,2063,1568
2023,5,Italy,149336,6181,6592,51820,12751,43081,28911
2023,5,Latvia,1870,179,37,464,39,883,268
2023,5,Lithuania,2695,225,116,974,49,986,345
2023,5,Luxembourg,4402,911,417,802,0,1677,595
2023,5,Malta,766,102,58,200,0,333,73
2023,5,Netherlands,32942,10962,4334,7413,158,9718,357
2023,5,Norway,13342,10773,1092,1042,1,157,277
2023,5,Poland,38576,1362,1193,14028,958,16880,4155
2023,5,Portugal,19816,3378,2309,2612,1054,8375,2088
2023,5,Romania,13641,1402,0,4157,1559,4982,1541
2023,5,Slovakia,8039,284,318,2078,164,3699,1496
2023,5,Slovenia,4853,383,102,730,32,2741,865
2023,5,Spain,92024,4409,6009,27184,2314,40534,11574
2023,5,Sweden,28480,11657,5975,2034,598,5829,2387
2023,5,Switzerland,21570,4313,1683,5900,9,7486,2179
2023,5,United Kingdom,145204,24513,9025,46142,0,59766,5758
2023,9,Austria,19840,4256,1531,4469,5,5976,3603
2023,9,Belgium,38906,9146,8652,2792,154,15166,2996
2023,9,Bulgaria,2976,118,16,49,0,2367,426
2023,9,Croatia,3734,98,112,936,146,1764,678
2023,9,Cyprus,1525,99,44,642,0,715,25
2023,9,Czechia,17208,582,372,3322,245,9100,3587
2023,9,Denmark,14885,6360,1284,2114,0,4634,493
2023,9,Estonia,1733,141,52,742,1,652,145
2023,9,Finland,7481,3002,1417,1739,33,985,305
2023,9,France,156303,30173,15699,38461,5785,52915,13270
2023,9,Germany,224502,31714,15383,57795,731,78979,39900
2023,9,Greece,11401,755,1090,3318,348,4585,1305
2023,9,Hungary,9123,448,449,4185,29,3020,992
2023,9,Iceland,1136,753,166,113,1,45,58
2023,9,Ireland,5656,1490,691,948,0,1406,1121
2023,9,Italy,136237,4944,5474,53711,11006,40446,20656
2023,9,Latvia,1406,163,33,441,19,567,183
2023,9,Lithuania,2242,176,0,1069,0,784,213
2023,9,Luxembourg,3879,1009,404,853,0,1157,456
2023,9,Malta,622,98,73,110,0,274,67
2023,9,Netherlands,29855,10358,3662,7871,217,7536,211
2023,9,Norway,10342,9000,617,442,0,93,190
2023,9,Poland,39078,1275,917,16492,810,15736,3848
2023,9,Portugal,14077,2816,2454,1899,1252,3926,1730
2023,9,Romania,10545,1147,0,3527,1188,3609,1074
2023,9,Slovakia,6859,207,410,1893,108,3214,1027
2023,9,Slovenia,4051,350,95,470,42,2453,641
2023,9,Spain,68803,3724,4927,23576,1709,26294,8573
2023,9,Sweden,28135,12500,5337,1924,595,5624,2155
2023,9,Switzerland,21578,5133,2086,5787,1,6747,1824
2023,9,United Kingdom,272610,45323,18535,93393,0,105463,9896
2023,10,Austria,18867,4378,1512,4253,1,5551,3172
2023,10,Belgium,38560,8628,9218,3540,224,14486,2464
2023,10,Bulgaria,2781,111,23,40,0,1976,631
2023,10,Croatia,3709,68,165,1045,155,1633,643
2023,10,Cyprus,1165,82,56,447,0,547,33
2023,10,Czechia,19322,740,630,3993,302,9605,4052
2023,10,Denmark,13233,4825,1407,1988,0,4467,546
2023,10,Estonia,1726,149,59,665,5,654,194
2023,10,Finland,6452,2302,1484,1468,30,832,336
2023,10,France,152383,25473,14906,40494,5555,54067,11888
2023,10,Germany,218959,37334,16361,57575,1162,71646,34881
2023,10,Greece,11282,416,1133,3857,274,4240,1362
2023,10,Hungary,8429,648,434,3934,27,2441,945
2023,10,Iceland,960,667,94,74,0,81,44
2023,10,Ireland,2171,604,258,351,0,517,441
2023,10,Italy,139045,5761,5780,54191,13925,38833,20555
2023,10,Latvia,1434,138,22,393,34,642,205
2023,10,Lithuania,2088,240,0,913,0,732,203
2023,10,Luxembourg,4168,1260,391,777,0,1267,473
2023,10,Malta,583,82,70,103,1,267,60
2023,10,Netherlands,28362,8268,3471,7822,197,8297,307
2023,10,Norway,8925,7516,635,489,0,87,198
2023,10,Poland,40913,1329,1185,18156,1150,15527,3566
2023,10,Portugal,13863,2717,2343,1890,940,4388,1585
2023,10,Romania,11393,1127,0,4106,1204,3882,1074
2023,10,Slovakia,7807,269,270,2476,150,3296,1346
2023,10,Slovenia,3881,396,85,407,27,2288,678
2023,10,Spain,77892,5055,4990,27468,2978,28177,9224
2023,10,Sweden,25016,9408,5749,2008,595,5372,1884
2023,10,Switzerland,20355,4505,2063,5730,2,6308,1747
2023,10,United Kingdom,153529,23943,14285,47737,0,62303,5261
2024,1,Austria,17552,2823,1469,4069,4,5681,3506
2024,1,Belgium,46667,9995,11972,4170,266,17461,2803
2024,1,Bulgaria,3122,135,33,64,36,2435,419
2024,1,Croatia,4492,82,119,1216,127,2045,903
2024,1,Cyprus,1527,65,68,679,0,630,85
2024,1,Czechia,20253,575,534,3468,333,10431,4912
2024,1,Denmark,8848,3126,366,1746,0,3277,333
2024,1,Estonia,1577,136,55,683,9,413,281
2024,1,Finland,6589,1587,1545,2283,19,801,354
2024,1,France,122284,20017,10549,33810,6561,41727,9620
2024,1,Germany,213553,22474,14394,52102,1923,81724,40936
2024,1,Greece,12752,450,798,4586,138,5177,1603
2024,1,Hungary,8040,374,447,3756,16,2551,896
2024,1,Iceland,457,169,90,72,1,42,83
2024,1,Ireland,31419,4095,2551,7925,0,10013,6835
2024,1,Italy,141885,2961,4084,53827,15764,43335,21914
2024,1,Latvia,1202,86,32,411,33,437,203
2024,1,Lithuania,2121,126,0,1060,0,757,178
2024,1,Luxembourg,3625,779,391,845,0,1039,571
2024,1,Malta,434,74,68,110,0,144,38
2024,1,Netherlands,34477,8713,4986,10121,219,10175,263
2024,1,Norway,5122,4717,94,164,0,44,103
2024,1,Poland,42796,1120,1048,19943,1383,16168,3134
2024,1,Portugal,15737,2494,2168,2565,1102,5851,1557
2024,1,Romania,12733,1631,0,4215,1257,3929,1701
2024,1,Slovakia,7935,217,242,2454,216,3494,1312
2024,1,Slovenia,4221,295,91,690,47,2309,788
2024,1,Spain,68685,3375,4578,26451,2762,23966,7553
2024,1,Sweden,17164,4936,4072,1819,677,3943,1717
2024,1,Switzerland,15236,2364,1582,4620,7,4965,1698
2024,1,United Kingdom,142876,20935,11944,47435,0,58236,4326
2024,3,Austria,25701,4657,1477,6199,6,8312,5050
2024,3,Belgium,44751,11711,7160,4321,434,18858,2267
2024,3,Bulgaria,3944,141,53,90,140,2876,644
2024,3,Croatia,6410,62,148,1690,223,2976,1311
2024,3,Cyprus,1437,146,76,678,0,509,28
2024,3,Czechia,18916,386,475,4029,494,9581,3951
2024,3,Denmark,16874,7101,852,4021,0,4420,480
2024,3,Estonia,1699,92,68,648,17,571,303
2024,3,Finland,6483,1850,1406,2047,18,887,275
2024,3,France,180023,33981,16294,49908,7482,58861,13497
2024,3,Germany,263844,31384,16016,67033,1293,99753,48365
2024,3,Greece,12465,549,689,4662,361,5195,1009
2024,3,Hungary,12895,1174,492,6606,10,3353,1260
2024,3,Iceland,532,152,117,69,0,53,141
2024,3,Ireland,14677,1998,1291,3335,0,4966,3087
2024,3,Italy,161979,5357,5668,62798,12990,50765,24401
2024,3,Latvia,1487,99,56,496,43,581,212
2024,3,Lithuania,2291,120,110,1000,46,686,329
2024,3,Luxembourg,4585,1245,343,915,0,1478,604
2024,3,Malta,659,106,65,133,1,274,80
2024,3,Netherlands,37119,13051,4969,10437,256,7991,415
2024,3,Norway,9750,8709,210,557,0,76,198
2024,3,Poland,49927,1705,1377,22803,1766,17658,4618
2024,3,Portugal,22796,3739,2550,3732,2100,8884,1791
2024,3,Romania,9156,660,0,3294,589,2806,1807
2024,3,Slovakia,7754,192,185,2244,160,3720,1253
2024,3,Slovenia,5272,349,99,571,46,3308,899
2024,3,Spain,94840,4203,5559,33903,2177,40412,8586
2024,3,Sweden,23891,8339,5551,1833,768,5695,1705
2024,3,Switzerland,23467,4765,1994,7277,1,7382,2048
2024,3,United Kingdom,317786,48388,24517,116664,0,119005,9212
2024,4,Austria,21337,3232,1344,4493,1,8070,4197
2024,4,Belgium,39699,9181,6404,3595,379,17943,2197
2024,4,Bulgaria,4243,174,37,84,11,3307,630
2024,4,Croatia,7264,35,105,1914,65,3866,1279
2024,4,Cyprus,1608,77,61,784,0,655,31
2024,4,Czechia,19546,586,434,4234,399,9387,4506
2024,4,Denmark,15322,6580,772,2458,0,5011,501
2024,4,Estonia,1734,82,60,780,17,510,285
2024,4,Finland,6156,1677,1198,2126,12,854,289
2024,4,France,146977,24850,10867,45798,6839,47245,11378
2024,4,Germany,243102,29668,15135,60047,1206,90729,46317
2024,4,Greece,13445,604,783,4523,218,6063,1254
2024,4,Hungary,10402,719,488,4765,22,3131,1277
2024,4,Iceland,1362,157,234,277,0,259,435
2024,4,Ireland,8565,1088,1042,1506,0,2656,2273
2024,4,Italy,135318,3190,4467,53526,12532,42211,19392
2024,4,Latvia,1505,101,47,514,29,594,220
2024,4,Lithuania,2703,214,95,1193,68,728,405
2024,4,Luxembourg,4445,1254,301,829,0,1437,624
2024,4,Malta,819,224,53,160,0,296,86
2024,4,Netherlands,28432,9092,4004,8604,214,5984,534
2024,4,Norway,11241,10051,178,520,0,136,356
2024,4,Poland,44386,1264,1182,20611,1461,15442,4426
2024,4,Portugal,17329,2823,2189,3172,1271,6595,1279
2024,4,Romania,13276,728,0,5028,1394,4314,1812
2024,4,Slovakia,7711,229,158,2245,162,3547,1370
2024,4,Slovenia,4694,237,145,433,33,2983,863
2024,4,Spain,92000,3842,5060,30439,3427,40232,9000
2024,4,Sweden,21977,6801,5717,2131,645,5177,1506
2024,4,Switzerland,20041,3179,1713,6380,1,6716,2052
2024,4,United Kingdom,134274,22717,10493,45685,0,51210,4169
2024,5,Austria,19820,3448,1263,4444,1,6788,3876
2024,5,Belgium,38907,10418,5624,3110,239,17271,2245
2024,5,Bulgaria,3226,118,46,74,0,2241,747
2024,5,Croatia,8523,265,117,1788,134,4134,2085
2024,5,Cyprus,1301,41,47,589,0,587,37
2024,5,Czechia,19736,747,472,4432,382,8807,4896
2024,5,Denmark,14569,7239,631,2557,0,3515,627
2024,5,Estonia,1905,130,64,887,10,530,284
2024,5,Finland,7781,2223,1362,2727,15,1077,377
2024,5,France,141298,23892,10202,47573,4946,43275,11410
2024,5,Germany,236425,29708,14038,57413,875,89498,44893
2024,5,Greece,13760,405,646,5977,157,5592,983
2024,5,Hungary,9531,781,468,3873,18,3047,1344
2024,5,Iceland,2008,168,235,623,0,549,433
2024,5,Ireland,6401,1039,678,1160,0,2386,1138
2024,5,Italy,139509,5052,4579,55655,9265,44856,20102
2024,5,Latvia,1686,112,30,585,25,651,283
2024,5,Lithuania,2843,167,114,1427,22,785,328
2024,5,Luxembourg,3847,990,284,790,0,1291,492
2024,5,Malta,708,181,45,130,1,281,70
2024,5,Netherlands,28361,9681,4086,8291,96,5745,462
2024,5,Norway,10253,7893,544,1250,0,129,437
2024,5,Poland,43654,1291,1073,20932,944,15611,3803
2024,5,Portugal,19850,3147,2601,3306,1275,7498,2023
2024,5,Romania,15643,754,0,5239,1716,5710,2224
2024,5,Slovakia,7294,189,141,2222,148,3214,1380
2024,5,Slovenia,4867,283,111,430,42,3083,918
2024,5,Spain,95158,4393,4787,34079,2287,39820,9792
2024,5,Sweden,25094,7614,5824,2878,606,6258,1914
2024,5,Switzerland,21265,3568,1779,6595,2,6881,2440
2024,5,United Kingdom,147678,26031,11866,51736,0,53643,4402
2024,9,Austria,19894,4421,1279,5078,0,6106,3010
2024,9,Belgium,31676,12142,3566,2875,220,11775,1098
2024,9,Bulgaria,2522,103,27,86,0,1870,436
2024,9,Croatia,4197,219,105,1306,90,1829,648
2024,9,Cyprus,1341,200,59,498,0,566,18
2024,9,Czechia,18242,1462,318,3878,260,8475,3849
2024,9,Denmark,15565,8900,611,2565,0,2738,751
2024,9,Estonia,2125,107,130,1000,4,535,349
2024,9,Finland,4601,1841,1041,942,5,617,155
2024,9,France,139002,28266,10077,53169,3381,36047,8062
2024,9,Germany,208848,34479,14936,60497,812,67009,31115
2024,9,Greece,9661,865,734,4503,472,2773,314
2024,9,Hungary,9074,777,219,3967,25,2775,1311
2024,9,Iceland,560,299,96,93,1,22,49
2024,9,Ireland,5124,1006,669,1204,0,1140,1105
2024,9,Italy,121725,6422,4102,53264,11302,31072,15563
2024,9,Latvia,1409,124,96,515,33,433,208
2024,9,Lithuania,2581,187,168,1300,35,522,369
2024,9,Luxembourg,3620,1116,279,853,0,973,399
2024,9,Malta,581,152,56,106,0,218,49
2024,9,Netherlands,31235,12461,3667,8603,129,6120,255
2024,9,Norway,12966,12495,146,142,0,48,135
2024,9,Poland,41461,1506,1014,18298,1136,15993,3514
2024,9,Portugal,15053,4053,2192,2744,1242,3698,1124
2024,9,Romania,8975,501,0,3849,1003,2958,664
2024,9,Slovakia,7321,164,176,2065,101,3156,1659
2024,9,Slovenia,4461,364,112,427,171,2704,683
2024,9,Spain,73144,6329,4063,29905,2906,23484,6457
2024,9,Sweden,25725,11535,5193,2227,308,5219,1243
2024,9,Switzerland,20155,4560,1704,6972,4,5232,1683
2024,9,United Kingdom,275239,56387,24486,104237,0,83100,7029
2024,10,Austria,21981,3990,1792,6566,0,6575,3058
2024,10,Belgium,36447,12738,4422,3566,298,13947,1476
2024,10,Bulgaria,3872,153,43,95,6,3055,520
2024,10,Croatia,4433,125,156,1537,127,1753,735
2024,10,Cyprus,1003,130,56,403,0,397,17
2024,10,Czechia,21070,1475,532,3891,414,10404,4354
2024,10,Denmark,14400,8823,568,2104,0,2361,544
2024,10,Estonia,2673,119,155,1280,0,599,520
2024,10,Finland,5937,1901,1334,1623,5,822,252
2024,10,France,135529,20899,10892,54789,3791,36397,8761
2024,10,Germany,231992,35491,19337,65672,1056,74264,36172
2024,10,Greece,9670,918,750,4670,337,2601,394
2024,10,Hungary,10034,636,409,4622,51,3016,1300
2024,10,Iceland,679,390,98,83,1,26,81
2024,10,Ireland,2417,528,368,507,0,511,503
2024,10,Italy,126599,5030,4284,54164,11523,35020,16578
2024,10,Latvia,1547,114,121,0,33,937,342
2024,10,Lithuania,2864,220,209,1228,55,596,556
2024,10,Luxembourg,4174,1308,358,1015,0,1047,446
2024,10,Malta,486,227,33,124,0,86,16
2024,10,Netherlands,32074,10961,5002,9362,165,6323,261
2024,10,Norway,11552,10862,178,192,0,63,257
2024,10,Poland,48097,1146,1578,22669,1417,17087,4200
2024,10,Portugal,15289,3484,2594,2727,1031,4118,1335
2024,10,Romania,11552,565,0,5085,1281,3633,988
2024,10,Slovakia,8963,179,187,2767,134,4394,1302
2024,10,Slovenia,4509,223,133,557,78,2734,784
2024,10,Spain,83479,4769,5140,35165,3039,27728,7638
2024,10,Sweden,25026,8780,6789,2688,344,4992,1433
2024,10,Switzerland,18753,3564,1763,6861,0,4960,1605
2024,10,United Kingdom,144288,29802,13832,51251,0,45071,4332
2025,1,Austria,20448,3822,1642,5405,0,6505,3074
2025,1,Belgium,40594,13712,3795,4652,293,16607,1535
2025,1,Bulgaria,3995,155,39,85,14,3205,497
2025,1,Croatia,4472,69,152,1556,142,1977,576
2025,1,Cyprus,1565,149,93,689,0,609,25
2025,1,Czechia,19347,981,641,4225,378,9362,3760
2025,1,Denmark,10828,6955,190,1377,0,1955,351
2025,1,Estonia,531,83,77,254,0,82,35
2025,1,Finland,5745,1641,1367,1776,0,706,255
2025,1,France,114673,19923,4852,51447,3521,29974,4956
2025,1,Germany,207640,34498,17712,59252,864,62358,32956
2025,1,Greece,10659,527,753,5122,123,3671,463
2025,1,Hungary,9126,564,310,4509,55,2368,1320
2025,1,Iceland,595,226,188,60,0,53,68
2025,1,Ireland,33499,4923,4913,8872,0,9302,5489
2025,1,Italy,133641,6698,4969,59562,13859,35761,12792
2025,1,Latvia,1343,84,126,0,36,763,334
2025,1,Lithuania,2836,161,296,1341,73,525,440
2025,1,Luxembourg,3718,1167,319,957,0,867,408
2025,1,Malta,403,138,34,89,0,125,17
2025,1,Netherlands,32624,11089,5384,9456,57,6369,269
2025,1,Norway,9343,8954,95,124,0,33,137
2025,1,Poland,44248,1121,1446,22534,969,14633,3545
2025,1,Portugal,14504,3265,1940,3311,1125,3771,1092
2025,1,Romania,11920,1164,0,5284,1511,3002,959
2025,1,Slovakia,6605,203,250,2241,114,2784,1013
2025,1,Slovenia,5015,442,177,617,23,2835,921
2025,1,Spain,72334,5012,5243,32665,3105,21322,4987
2025,1,Sweden,19632,5660,4464,3062,1678,3811,957
2025,1,Switzerland,14788,2910,1355,5478,2,3822,1221
2025,1,United Kingdom,139345,29634,12558,51825,14,41616,3698
2025,2,Austria,19619,4233,1613,5549,0,5736,2488
2025,2,Belgium,40161,13040,2823,5630,267,17280,1121
2025,2,Bulgaria,3391,126,32,105,8,2661,459
2025,2,Croatia,4245,53,140,1629,101,1644,678
2025,2,Cyprus,1284,107,78,579,0,456,64
2025,2,Czechia,17773,737,557,3634,470,8844,3531
2025,2,Denmark,11611,7718,312,1453,0,1908,220
2025,2,Estonia,624,59,69,307,0,132,57
2025,2,Finland,4786,1563,1035,1400,0,598,190
2025,2,France,141570,25335,6451,62146,5821,35110,6707
2025,2,Germany,203434,35949,19534,58153,771,56911,32116
2025,2,Greece,9818,718,610,5002,136,3116,236
2025,2,Hungary,10579,690,385,5589,42,2428,1445
2025,2,Iceland,655,248,104,199,0,43,61
2025,2,Ireland,13994,2510,2106,3216,0,3697,2465
2025,2,Italy,137922,6918,6219,61092,13881,36160,13652
2025,2,Latvia,1398,80,134,0,18,885,281
2025,2,Lithuania,2532,101,209,1284,28,415,495
2025,2,Luxembourg,4111,1134,291,1196,0,1054,436
2025,2,Malta,303,46,27,98,0,118,14
2025,2,Netherlands,27627,10168,4364,8001,48,4727,319
2025,2,Norway,8949,8477,136,154,0,37,145
2025,2,Poland,44795,1675,1901,23343,1095,13493,3288
2025,2,Portugal,19463,3946,2093,4974,1702,5751,997
2025,2,Romania,11850,724,0,5510,1354,3007,1255
2025,2,Slovakia,6205,276,240,1992,143,2526,1028
2025,2,Slovenia,4372,367,187,543,52,2412,811
2025,2,Spain,90342,6112,6903,39800,4380,27980,5167
2025,2,Sweden,19608,6872,5106,1942,3,4503,1182
2025,2,Switzerland,16212,3402,1462,6000,3,4071,1274
2025,2,United Kingdom,84064,21244,7273,29849,10,22986,2702
2025,3,Austria,25950,6122,2275,7224,1,7346,2982
2025,3,Belgium,40184,13650,3399,4455,349,17056,1275
2025,3,Bulgaria,4220,226,39,112,0,3480,363
2025,3,Croatia,6426,82,153,2144,150,2919,978
2025,3,Cyprus,1602,105,63,685,0,706,43
2025,3,Czechia,22566,1395,977,4856,600,10710,4028
2025,3,Denmark,14987,9855,543,2223,0,1947,419
2025,3,Estonia,966,82,95,531,0,182,76
2025,3,Finland,6173,2434,1206,1626,0,667,240
2025,3,France,153842,29261,8289,70674,6288,32867,6463
2025,3,Germany,253497,42521,26553,74860,1259,70414,37890
2025,3,Greece,12719,775,670,6048,181,4534,511
2025,3,Hungary,13199,1155,474,6984,83,3080,1423
2025,3,Iceland,1012,482,179,217,0,73,61
2025,3,Ireland,17312,2537,2402,4651,0,4816,2906
2025,3,Italy,172303,9369,7608,77837,13301,46076,18112
2025,3,Latvia,2036,130,220,0,31,1361,294
2025,3,Lithuania,3566,223,220,1973,62,541,547
2025,3,Luxembourg,4839,1432,386,1314,0,1194,513
2025,3,Malta,334,90,7,62,0,148,28
2025,3,Netherlands,31515,11195,6258,9449,148,4064,401
2025,3,Norway,13304,11192,1210,563,0,101,238
2025,3,Poland,53062,2311,2388,26637,1729,16041,3956
2025,3,Portugal,24578,4964,2727,6042,2047,7648,1150
2025,3,Romania,9922,273,0,4994,1122,2580,953
2025,3,Slovakia,7507,351,326,2332,162,3254,1082
2025,3,Slovenia,5285,480,144,595,21,3105,940
2025,3,Spain,116725,8101,8373,49093,6537,38466,6155
2025,3,Sweden,24204,8386,6316,2720,1,5194,1587
2025,3,Switzerland,21690,4421,2083,8259,1,5319,1607
2025,3,United Kingdom,357103,69313,33815,147931,0,97566,8478
2025,4,Austria,24855,5690,2521,7135,1,6681,2827
2025,4,Belgium,37812,12469,3443,4161,391,16121,1227
2025,4,Bulgaria,4007,144,38,176,3,3124,522
2025,4,Croatia,9070,60,188,3178,140,4378,1126
2025,4,Cyprus,1096,90,58,552,0,361,35
2025,4,Czechia,21226,1229,849,4571,477,10768,3332
2025,4,Denmark,15117,9565,505,2289,0,2372,386
2025,4,Estonia,1075,72,83,591,0,216,113
2025,4,Finland,6251,2301,1298,1649,0,737,266
2025,4,France,138696,25542,9593,63060,4869,28932,6700
2025,4,Germany,242728,45535,24317,67379,1034,66814,37649
2025,4,Greece,14649,630,819,7022,488,5154,536
2025,4,Hungary,10787,704,571,5534,28,2745,1205
2025,4,Iceland,1455,332,386,375,0,211,151
2025,4,Ireland,8707,1335,1359,1838,0,2249,1926
2025,4,Italy,139062,6639,8048,60973,11095,37985,14322
2025,4,Latvia,2067,136,242,0,19,1373,297
2025,4,Lithuania,4040,218,270,2017,44,803,688
2025,4,Luxembourg,4364,999,410,1339,0,1179,437
2025,4,Malta,642,210,41,148,0,220,23
2025,4,Netherlands,26992,9169,5664,7577,110,3859,613
2025,4,Norway,11286,10942,56,98,0,25,165
2025,4,Poland,46978,2553,2661,23299,1250,13794,3421
2025,4,Portugal,18752,3722,2636,4780,1621,4841,1152
2025,4,Romania,9996,218,0,5227,1098,2403,1050
2025,4,Slovakia,8322,320,337,2617,132,3813,1103
2025,4,Slovenia,5192,400,179,651,49,2988,925
2025,4,Spain,98549,6807,9159,40741,4283,31978,5581
2025,4,Sweden,24292,8555,6829,2097,4,5073,1734
2025,4,Switzerland,18664,3480,1975,6841,1,5027,1340
2025,4,United Kingdom,120331,24557,14074,44488,0,33980,3232
2025,5,Austria,24311,5428,2479,6865,0,6808,2731
2025,5,Belgium,34338,11347,3142,3856,337,14406,1250
2025,5,Bulgaria,3857,197,68,120,2,3094,376
2025,5,Croatia,8791,55,238,2545,112,4545,1296
2025,5,Cyprus,1328,119,38,589,0,546,36
2025,5,Czechia,19519,1210,948,4529,549,8870,3413
2025,5,Denmark,17952,10949,442,2899,0,3235,427
2025,5,Estonia,1411,59,133,774,0,249,196
2025,5,Finland,6851,2296,1435,1814,1,1048,257
2025,5,France,123918,19414,8180,54552,4629,30217,6926
2025,5,Germany,239297,43060,25181,66990,1039,67921,35106
2025,5,Greece,15670,746,1066,7459,676,5477,246
2025,5,Hungary,10899,799,516,5769,28,2592,1195
2025,5,Iceland,2313,418,492,727,0,396,280
2025,5,Ireland,5821,1086,1123,997,0,1555,1060
2025,5,Italy,139484,7118,8736,60619,12440,36195,14376
2025,5,Latvia,2149,161,250,0,42,1453,243
2025,5,Lithuania,4092,222,325,1964,77,972,532
2025,5,Luxembourg,4058,888,380,1259,0,1114,417
2025,5,Malta,677,165,32,176,0,262,41
2025,5,Netherlands,30188,10459,6723,8108,100,4288,510
2025,5,Norway,14260,13384,152,497,0,53,174
2025,5,Poland,46641,2818,2362,21654,1546,14623,3638
2025,5,Portugal,23545,4478,3295,5810,1855,6971,1136
2025,5,Romania,10521,432,0,5371,1144,2485,1089
2025,5,Slovakia,7651,376,362,2469,150,3251,1043
2025,5,Slovenia,5118,460,184,737,34,2952,751
2025,5,Spain,112820,8965,12896,44982,6478,33639,5860
2025,5,Sweden,25675,9469,6767,2690,17,5185,1547
2025,5,Switzerland,19969,4177,2304,7189,0,4913,1386
2025,5,United Kingdom,150070,32738,17898,55140,0,40703,3591
2025,9,Austria,25745,5383,2486,7597,0,7656,2623
2025,9,Belgium,31519,11966,3261,3358,180,11943,811
2025,9,Bulgaria,3818,226,39,139,33,3079,302
2025,9,Croatia,4723,178,274,1535,118,1980,638
2025,9,Cyprus,1432,151,77,724,0,452,28
2025,9,Czechia,21370,1360,935,4739,575,10248,3513
2025,9,Denmark,17706,12996,283,2294,0,1576,557
2025,9,Estonia,1179,68,139,588,0,301,83
2025,9,Finland,5996,2591,1104,1561,0,537,203
2025,9,France,140354,31439,9118,62292,4259,26935,6311
2025,9,Germany,235528,45495,27685,69527,903,63047,28871
2025,9,Greece,12273,850,1148,6661,449,2598,567
2025,9,Hungary,10381,905,667,5105,103,2533,1068
2025,9,Iceland,868,625,103,73,0,24,43
2025,9,Ireland,5611,1734,985,1195,0,859,838
2025,9,Italy,126863,7169,10670,57243,11436,29044,11301
2025,9,Latvia,2087,175,276,0,29,1357,250
2025,9,Lithuania,3792,517,431,1501,78,779,486
2025,9,Luxembourg,3779,1245,276,1141,0,819,298
2025,9,Malta,545,153,40,143,0,185,24
2025,9,Netherlands,32199,12008,6516,8950,116,4422,187
2025,9,Norway,14414,14084,85,115,0,25,105
2025,9,Poland,49853,4452,3195,21946,1662,15103,3495
2025,9,Portugal,16999,4984,3115,3443,1365,2947,1145
2025,9,Romania,12463,746,0,5301,2385,3189,842
2025,9,Slovakia,7188,324,256,2563,152,2967,926
2025,9,Slovenia,4903,742,181,666,71,2567,676
2025,9,Spain,85167,10110,10369,35295,4818,20084,4491
2025,9,Sweden,25199,9619,7622,2530,4,4379,1045
2025,9,Switzerland,20031,5182,2553,6805,1,4369,1121
2025,9,United Kingdom,312891,72779,38308,119917,0,76690,5197
2025,10,Austria,24479,5165,2695,7425,0,6492,2702
2025,10,Belgium,33955,12360,3581,3970,217,13080,747
2025,10,Bulgaria,4932,282,53,294,3,3811,489
2025,10,Croatia,5200,212,289,1728,79,2171,721
2025,10,Cyprus,1147,137,69,577,0,348,16
2025,10,Czechia,23298,1264,986,5474,595,11292,3687
2025,10,Denmark,16156,11405,306,2554,0,1405,486
2025,10,Estonia,1266,77,143,663,0,283,100
2025,10,Finland,6219,2225,1220,1979,0,528,267
2025,10,France,139514,34108,9323,59182,4353,26741,5807
2025,10,Germany,250133,52425,30946,70652,942,64706,30462
2025,10,Greece,10763,799,1311,5648,414,2300,291
2025,10,Hungary,10803,943,666,5415,40,2662,1077
2025,10,Iceland,757,369,184,108,0,14,82
2025,10,Ireland,2181,707,347,450,0,339,338
2025,10,Italy,125961,6280,9086,57629,12231,28998,11737
2025,10,Latvia,1831,126,244,0,42,1208,211
2025,10,Lithuania,4048,307,514,1768,57,1103,299
2025,10,Luxembourg,3800,922,305,1145,1,1069,358
2025,10,Malta,533,150,39,138,0,170,36
2025,10,Netherlands,34724,13968,7139,9059,161,4209,188
2025,10,Norway,11138,10852,113,25,0,30,118
2025,10,Poland,52728,4812,3514,22817,1683,16446,3456
2025,10,Portugal,16137,4618,3242,3043,1510,2718,1006
2025,10,Romania,12839,1019,0,6201,1815,2778,1026
2025,10,Slovakia,8215,403,378,3038,120,3259,1017
2025,10,Slovenia,4884,687,132,721,34,2716,594
2025,10,Spain,96785,9065,12622,41796,5535,22304,5463
2025,10,Sweden,24078,8707,7111,2702,29,4280,1249
2025,10,Switzerland,18452,4175,2355,6443,1,4305,1173
2025,10,United Kingdom,144948,36830,17601,50527,0,36760,3230
2026,1,Austria,22929,4702,2738,6496,0,6718,2275
2026,1,Belgium,32997,12131,2068,3809,100,14105,784
2026,1,Bulgaria,3218,182,45,204,6,2378,403
2026,1,Croatia,3964,138,278,1531,51,1461,505
2026,1,Cyprus,1293,203,55,633,0,376,26
2026,1,Czechia,18043,940,850,4482,231,7754,3786
2026,1,Denmark,12802,10618,142,1264,0,547,231
2026,1,Estonia,1359,76,155,656,0,286,186
2026,1,Finland,5462,2505,789,1488,0,503,177
2026,1,France,107157,30307,4821,51523,2659,15326,2521
2026,1,Germany,193981,42692,21790,58206,289,43695,27309
2026,1,Greece,10087,633,691,6397,214,1933,219
2026,1,Hungary,8287,780,638,4496,22,1682,669
2026,1,Iceland,1385,181,630,412,0,68,94
2026,1,Ireland,34542,7305,5183,10514,0,7236,4304
2026,1,Italy,141993,9423,11638,74422,9143,26641,10726
2026,1,Latvia,1510,99,163,0,16,1007,225
2026,1,Lithuania,2833,266,403,1248,29,559,328
2026,1,Luxembourg,3339,975,201,1076,0,720,367
2026,1,Malta,559,141,39,145,0,212,21
2026,1,Netherlands,28347,7165,8025,9546,14,3348,249
2026,1,Norway,2218,2084,17,12,0,7,98
2026,1,Poland,40281,3544,2830,18657,1047,11771,2432
2026,1,Portugal,16839,4341,2409,5924,793,2651,721
2026,1,Romania,7927,974,0,4642,489,1280,542
2026,1,Slovakia,5591,340,205,2348,30,2018,650
2026,1,Slovenia,5141,568,263,925,56,2556,773
2026,1,Spain,73103,6472,8740,35597,2462,16533,3299
2026,1,Sweden,16041,6710,3582,2135,99,2693,822
2026,1,Switzerland,14027,2913,1709,5557,0,2975,873
2026,1,United Kingdom,144127,29654,18557,55653,2,37109,3152
2026,2,Austria,21288,4439,2151,6665,0,5530,2503
2026,2,Belgium,37075,11677,1965,5058,113,17528,734
2026,2,Bulgaria,3766,215,61,209,2,2926,353
2026,2,Croatia,4867,197,336,1757,88,1743,746
2026,2,Cyprus,1145,109,57,600,0,325,54
2026,2,Czechia,18591,958,937,4136,373,8543,3644
2026,2,Denmark,11933,9736,122,1165,2,535,373
2026,2,Estonia,1138,65,87,598,0,242,146
2026,2,Finland,4949,2189,796,1327,0,403,234
2026,2,France,120764,32370,6655,57670,2765,18206,3098
2026,2,Germany,211262,46275,24328,60510,407,48404,31338
2026,2,Greece,10015,646,844,5396,301,2448,380
2026,2,Hungary,10729,856,757,5652,14,2244,1206
2026,2,Iceland,815,323,167,284,0,36,5
2026,2,Ireland,14963,2858,2243,4034,0,3579,2249
2026,2,Italy,157248,12541,12541,81799,7855,31915,10597
2026,2,Latvia,1443,91,136,0,40,1003,173
2026,2,Lithuania,2593,214,305,1381,20,432,241
2026,2,Luxembourg,4400,1022,272,1564,0,1067,475
2026,2,Malta,521,112,15,178,0,194,22
2026,2,Netherlands,22380,6805,5537,7522,24,2111,381
2026,2,Norway,7272,7127,46,20,0,12,67
2026,2,Poland,47462,1891,3617,23705,1709,13403,3137
2026,2,Portugal,20541,4732,2559,7054,628,4663,905
2026,2,Romania,8965,934,0,5085,679,1495,772
2026,2,Slovakia,6151,242,238,2232,105,2535,799
2026,2,Slovenia,4825,567,209,774,46,2550,679
2026,2,Spain,97082,8889,12092,46592,3048,22534,3927
2026,2,Sweden,19341,7650,4912,2128,99,3352,1200
2026,2,Switzerland,15697,3113,1829,6009,1,3812,933
2026,2,United Kingdom,90100,21840,10438,34758,0,20984,2080
2026,3,Austria,33018,8206,3165,10513,0,8181,2953
2026,3,Belgium,43733,15661,2417,5221,423,18908,1103
2026,3,Bulgaria,4481,349,82,231,0,3310,509
2026,3,Croatia,8064,445,480,3001,69,3144,925
2026,3,Cyprus,1232,113,79,622,0,400,18
2026,3,Czechia,23916,1541,996,5939,534,10700,4206
2026,3,Denmark,18968,14616,147,2700,0,1170,335
2026,3,Estonia,1753,119,161,1032,0,289,152
2026,3,Finland,6791,3369,897,1807,0,513,205
2026,3,France,173634,49406,8108,80708,6057,24908,4447
2026,3,Germany,294161,70663,29996,87850,1029,66959,37664
2026,3,Greece,14710,1015,780,8145,299,4175,296
2026,3,Hungary,17443,1557,1022,10145,51,3274,1394
2026,3,Iceland,1283,618,272,317,0,30,46
2026,3,Ireland,15413,3829,2264,4510,0,2973,1837
2026,3,Italy,185257,16121,15805,93241,9890,37456,12744
2026,3,Latvia,2040,133,188,0,74,1417,228
2026,3,Lithuania,4145,278,454,2281,73,645,414
2026,3,Luxembourg,4799,1384,234,1578,0,1194,409
2026,3,Malta,580,133,22,191,0,212,23
2026,3,Netherlands,31467,11114,7516,9918,133,2403,383
2026,3,Norway,17685,17406,126,5,0,22,126
2026,3,Poland,63896,3406,5126,33077,1459,17194,3634
2026,3,Portugal,26679,6063,3616,7786,1661,6488,1065
2026,3,Romania,10383,679,0,6013,862,2118,711
2026,3,Slovakia,8300,432,269,2971,120,3578,930
2026,3,Slovenia,6535,1162,262,967,52,3294,798
2026,3,Spain,130340,11863,14862,61938,4241,32727,4709
2026,3,Sweden,26578,10875,6466,2450,153,4987,1647
2026,3,Switzerland,23258,5388,2894,8884,0,4894,1198
2026,3,United Kingdom,380627,86120,49671,153785,0,85137,5914
2026,4,Austria,27509,7122,2997,8366,1,6368,2655
2026,4,Belgium,37802,13971,1830,4506,371,15888,1236
2026,4,Bulgaria,4742,456,83,284,4,3356,559
2026,4,Croatia,8658,330,486,3828,55,2943,1016
2026,4,Cyprus,1185,181,53,536,0,400,15
2026,4,Czechia,22397,1684,1090,5166,399,10170,3888
2026,4,Denmark,16754,13721,113,1655,0,914,351
2026,4,Estonia,1914,115,154,1238,0,185,222
2026,4,Finland,5705,2783,638,1609,0,478,197
2026,4,France,138339,36216,8333,63007,4986,21963,3834
2026,4,Germany,249163,64350,27546,70207,1203,53420,32437
2026,4,Greece,14275,695,863,8194,195,3803,525
2026,4,Hungary,11832,1420,1083,5531,76,2453,1269
2026,4,Iceland,1033,460,159,229,0,54,131
2026,4,Ireland,10090,2740,1480,2376,0,2159,1335
2026,4,Italy,155145,13199,13943,75775,9379,31729,11120
2026,4,Latvia,1909,123,191,0,36,1315,244
2026,4,Lithuania,4692,331,569,2441,115,576,660
2026,4,Luxembourg,4922,1533,272,1557,0,1165,395
2026,4,Malta,592,138,19,211,0,198,27
2026,4,Netherlands,25704,9616,6143,7419,130,1928,468
2026,4,Norway,11103,10952,25,8,0,31,87
2026,4,Poland,51824,2651,5052,26119,1222,13819,2961
2026,4,Portugal,21592,5010,3234,5731,1618,5248,751
2026,4,Romania,10205,641,0,6227,719,2037,581
2026,4,Slovakia,6957,496,310,2362,141,2940,708
2026,4,Slovenia,7398,1038,238,2353,56,2924,789
2026,4,Spain,106862,9723,13035,50237,4276,25618,3973
2026,4,Sweden,24147,9834,5810,2121,128,4488,1766
2026,4,Switzerland,18618,4683,2299,6611,1,4040,984
2026,4,United Kingdom,149247,39084,20597,53652,0,33292,2622
