year,month,fuel,count
2019,1,BEV,1103
2019,1,Diesel,8113
2019,1,Hybrid,1374
2019,1,Other,122
2019,1,PHEV,1577
2019,1,Petrol,8828
2019,2,BEV,902
2019,2,Diesel,8827
2019,2,Hybrid,1238
2019,2,Other,104
2019,2,PHEV,1900
2019,2,Petrol,10818
2019,3,BEV,2107
2019,3,Diesel,10770
2019,3,Hybrid,1860
2019,3,Other,215
2019,3,PHEV,2292
2019,3,Petrol,13835
2019,4,BEV,1377
2019,4,Diesel,11981
2019,4,Hybrid,2195
2019,4,Other,292
2019,4,PHEV,1711
2019,4,Petrol,13895
2019,5,BEV,1255
2019,5,Diesel,11673
2019,5,Hybrid,2662
2019,5,Other,465
2019,5,PHEV,1655
2019,5,Petrol,15540
2019,6,BEV,1692
2019,6,Diesel,10708
2019,6,Hybrid,2634
2019,6,Other,621
2019,6,PHEV,1748
2019,6,Petrol,15716
2019,7,BEV,1083
2019,7,Diesel,7353
2019,7,Hybrid,2628
2019,7,Other,357
2019,7,PHEV,1307
2019,7,Petrol,12223
2019,8,BEV,971
2019,8,Diesel,8788
2019,8,Hybrid,3113
2019,8,Other,1162
2019,8,PHEV,1668
2019,8,Petrol,14791
2019,9,BEV,1764
2019,9,Diesel,7288
2019,9,Hybrid,2974
2019,9,Other,833
2019,9,PHEV,1874
2019,9,Petrol,12995
2019,10,BEV,848
2019,10,Diesel,9039
2019,10,Hybrid,3497
2019,10,Other,658
2019,10,PHEV,2696
2019,10,Petrol,13755
2019,11,BEV,1062
2019,11,Diesel,8969
2019,11,Hybrid,3618
2019,11,Other,548
2019,11,PHEV,3256
2019,11,Petrol,13673
2019,12,BEV,1631
2019,12,Diesel,14266
2019,12,Hybrid,5330
2019,12,Other,786
2019,12,PHEV,3223
2019,12,Petrol,23129
2020,1,BEV,1268
2020,1,Diesel,4088
2020,1,Hybrid,1140
2020,1,Other,449
2020,1,PHEV,4113
2020,1,Petrol,6732
2020,2,BEV,1430
2020,2,Diesel,6084
2020,2,Hybrid,1657
2020,2,Other,364
2020,2,PHEV,4027
2020,2,Petrol,8927
2020,3,BEV,3015
2020,3,Diesel,7284
2020,3,Hybrid,1710
2020,3,Other,342
2020,3,PHEV,4753
2020,3,Petrol,11431
2020,4,BEV,1049
2020,4,Diesel,5223
2020,4,Hybrid,1341
2020,4,Other,255
2020,4,PHEV,3233
2020,4,Petrol,8730
2020,5,BEV,841
2020,5,Diesel,4445
2020,5,Hybrid,1263
2020,5,Other,131
2020,5,PHEV,2591
2020,5,Petrol,7628
2020,6,BEV,1706
2020,6,Diesel,7082
2020,6,Hybrid,1152
2020,6,Other,167
2020,6,PHEV,4696
2020,6,Petrol,11255
2020,7,BEV,1307
2020,7,Diesel,5685
2020,7,Hybrid,1529
2020,7,Other,100
2020,7,PHEV,5414
2020,7,Petrol,9769
2020,8,BEV,2120
2020,8,Diesel,5558
2020,8,Hybrid,2624
2020,8,Other,526
2020,8,PHEV,5301
2020,8,Petrol,10416
2020,9,BEV,3678
2020,9,Diesel,5716
2020,9,Hybrid,2960
2020,9,Other,412
2020,9,PHEV,6233
2020,9,Petrol,10792
2020,10,BEV,2345
2020,10,Diesel,5356
2020,10,Hybrid,2623
2020,10,Other,397
2020,10,PHEV,7849
2020,10,Petrol,10467
2020,11,BEV,2729
2020,11,Diesel,4974
2020,11,Hybrid,2452
2020,11,Other,241
2020,11,PHEV,7590
2020,11,Petrol,9457
2020,12,BEV,6609
2020,12,Diesel,6578
2020,12,Hybrid,2180
2020,12,Other,237
2020,12,PHEV,10334
2020,12,Petrol,9036
2021,1,BEV,1161
2021,1,Diesel,4947
2021,1,Hybrid,1635
2021,1,Other,117
2021,1,PHEV,5898
2021,1,Petrol,7718
2021,2,BEV,1416
2021,2,Diesel,4961
2021,2,Hybrid,1643
2021,2,Other,169
2021,2,PHEV,6598
2021,2,Petrol,8799
2021,3,BEV,2625
2021,3,Diesel,10875
2021,3,Hybrid,3301
2021,3,Other,152
2021,3,PHEV,14963
2021,3,Petrol,16807
2021,4,BEV,4888
2021,4,Diesel,3729
2021,4,Hybrid,1992
2021,4,Other,188
2021,4,PHEV,4578
2021,4,Petrol,7758
2021,5,BEV,3972
2021,5,Diesel,4561
2021,5,Hybrid,2404
2021,5,Other,247
2021,5,PHEV,5558
2021,5,Petrol,8971
2021,6,BEV,8706
2021,6,Diesel,6173
2021,6,Hybrid,2922
2021,6,Other,348
2021,6,PHEV,9146
2021,6,Petrol,10343
2021,7,BEV,2556
2021,7,Diesel,3122
2021,7,Hybrid,1730
2021,7,Other,305
2021,7,PHEV,3808
2021,7,Petrol,6589
2021,8,BEV,4806
2021,8,Diesel,3059
2021,8,Hybrid,1865
2021,8,Other,294
2021,8,PHEV,4561
2021,8,Petrol,6340
2021,9,BEV,7486
2021,9,Diesel,3016
2021,9,Hybrid,1742
2021,9,Other,308
2021,9,PHEV,4778
2021,9,Petrol,6415
2021,10,BEV,4634
2021,10,Diesel,2790
2021,10,Hybrid,1491
2021,10,Other,290
2021,10,PHEV,5634
2021,10,Petrol,6077
2021,11,BEV,5549
2021,11,Diesel,3089
2021,11,Hybrid,1518
2021,11,Other,169
2021,11,PHEV,5979
2021,11,Petrol,5789
2021,12,BEV,10082
2021,12,Diesel,3412
2021,12,Hybrid,1894
2021,12,Other,303
2021,12,PHEV,6699
2021,12,Petrol,5865
2022,1,BEV,5221
2022,1,Diesel,2809
2022,1,Hybrid,1790
2022,1,Other,225
2022,1,PHEV,5378
2022,1,Petrol,5104
2022,2,BEV,5491
2022,2,Diesel,3135
2022,2,Hybrid,2045
2022,2,Other,369
2022,2,PHEV,5509
2022,2,Petrol,5368
2022,3,BEV,9254
2022,3,Diesel,3913
2022,3,Hybrid,2786
2022,3,Other,377
2022,3,PHEV,6826
2022,3,Petrol,6737
2022,4,BEV,5500
2022,4,Diesel,3492
2022,4,Hybrid,2735
2022,4,Other,201
2022,4,PHEV,5154
2022,4,Petrol,5968
2022,5,BEV,6529
2022,5,Diesel,4369
2022,5,Hybrid,2582
2022,5,Other,324
2022,5,PHEV,6146
2022,5,Petrol,7786
2022,6,BEV,8365
2022,6,Diesel,3998
2022,6,Hybrid,2024
2022,6,Other,338
2022,6,PHEV,6159
2022,6,Petrol,6490
2022,7,BEV,4792
2022,7,Diesel,2249
2022,7,Hybrid,1600
2022,7,Other,217
2022,7,PHEV,4259
2022,7,Petrol,5672
2022,8,BEV,5927
2022,8,Diesel,2578
2022,8,Hybrid,2707
2022,8,Other,638
2022,8,PHEV,3668
2022,8,Petrol,5975
2022,9,BEV,7871
2022,9,Diesel,2698
2022,9,Hybrid,2382
2022,9,Other,693
2022,9,PHEV,4387
2022,9,Petrol,5016
2022,10,BEV,8036
2022,10,Diesel,2471
2022,10,Hybrid,2266
2022,10,Other,543
2022,10,PHEV,5381
2022,10,Petrol,4523
2022,11,BEV,10970
2022,11,Diesel,2530
2022,11,Hybrid,2506
2022,11,Other,391
2022,11,PHEV,5660
2022,11,Petrol,4238
2022,12,BEV,18207
2022,12,Diesel,2546
2022,12,Hybrid,2161
2022,12,Other,347
2022,12,PHEV,8248
2022,12,Petrol,4370
2023,1,BEV,4333
2023,1,Diesel,1863
2023,1,Hybrid,1776
2023,1,Other,243
2023,1,PHEV,3465
2023,1,Petrol,3602
2023,2,BEV,6212
2023,2,Diesel,2217
2023,2,Hybrid,1914
2023,2,Other,577
2023,2,PHEV,3864
2023,2,Petrol,4256
2023,3,BEV,12644
2023,3,Diesel,2549
2023,3,Hybrid,3073
2023,3,Other,700
2023,3,PHEV,5542
2023,3,Petrol,6452
2023,4,BEV,6983
2023,4,Diesel,2347
2023,4,Hybrid,1855
2023,4,Other,519
2023,4,PHEV,4561
2023,4,Petrol,5148
2023,5,BEV,11696
2023,5,Diesel,2641
2023,5,Hybrid,2176
2023,5,Other,556
2023,5,PHEV,5991
2023,5,Petrol,6324
2023,6,BEV,11005
2023,6,Diesel,2524
2023,6,Hybrid,2337
2023,6,Other,565
2023,6,PHEV,5806
2023,6,Petrol,6895
2023,7,BEV,6528
2023,7,Diesel,1684
2023,7,Hybrid,1329
2023,7,Other,390
2023,7,PHEV,3896
2023,7,Petrol,4246
2023,8,BEV,9832
2023,8,Diesel,2024
2023,8,Hybrid,2193
2023,8,Other,474
2023,8,PHEV,4575
2023,8,Petrol,5480
2023,9,BEV,12552
2023,9,Diesel,2393
2023,9,Hybrid,2251
2023,9,Other,526
2023,9,PHEV,5351
2023,9,Petrol,5820
2023,10,BEV,9454
2023,10,Diesel,2094
2023,10,Hybrid,2328
2023,10,Other,604
2023,10,PHEV,5762
2023,10,Petrol,5488
2023,11,BEV,10128
2023,11,Diesel,1960
2023,11,Hybrid,2803
2023,11,Other,692
2023,11,PHEV,5321
2023,11,Petrol,5024
2023,12,BEV,11408
2023,12,Diesel,2202
2023,12,Hybrid,2505
2023,12,Other,436
2023,12,PHEV,7101
2023,12,Petrol,6042
2024,1,BEV,5068
2024,1,Diesel,1890
2024,1,Hybrid,2059
2024,1,Other,619
2024,1,PHEV,4095
2024,1,Petrol,4078
2024,2,BEV,5244
2024,2,Diesel,1761
2024,2,Hybrid,2158
2024,2,Other,719
2024,2,PHEV,4500
2024,2,Petrol,4868
2024,3,BEV,8381
2024,3,Diesel,1902
2024,3,Hybrid,2073
2024,3,Other,707
2024,3,PHEV,5556
2024,3,Petrol,5862
2024,4,BEV,6845
2024,4,Diesel,1819
2024,4,Hybrid,2254
2024,4,Other,581
2024,4,PHEV,5744
2024,4,Petrol,5483
2024,5,BEV,7648
2024,5,Diesel,2252
2024,5,Hybrid,2714
2024,5,Other,507
2024,5,PHEV,5842
2024,5,Petrol,6984
2024,6,BEV,9135
2024,6,Diesel,2141
2024,6,Hybrid,2241
2024,6,Other,397
2024,6,PHEV,5252
2024,6,Petrol,6930
2024,7,BEV,5530
2024,7,Diesel,1690
2024,7,Hybrid,1375
2024,7,Other,147
2024,7,PHEV,4244
2024,7,Petrol,3970
2024,8,BEV,6819
2024,8,Diesel,1855
2024,8,Hybrid,2091
2024,8,Other,243
2024,8,PHEV,3881
2024,8,Petrol,4822
2024,9,BEV,11566
2024,9,Diesel,1521
2024,9,Hybrid,1966
2024,9,Other,317
2024,9,PHEV,5223
2024,9,Petrol,5825
2024,10,BEV,8819
2024,10,Diesel,1745
2024,10,Hybrid,2223
2024,10,Other,349
2024,10,PHEV,6811
2024,10,Petrol,5735
2024,11,BEV,9050
2024,11,Diesel,1677
2024,11,Hybrid,2170
2024,11,Other,322
2024,11,PHEV,6328
2024,11,Petrol,5896
2024,12,BEV,10734
2024,12,Diesel,1905
2024,12,Hybrid,2144
2024,12,Other,242
2024,12,PHEV,5798
2024,12,Petrol,5996
2025,1,BEV,5722
2025,1,Diesel,1378
2025,1,Hybrid,1824
2025,1,Other,1686
2025,1,PHEV,4513
2025,1,Petrol,5185
2025,2,BEV,6928
2025,2,Diesel,1525
2025,2,Hybrid,1620
2025,2,Other,9
2025,2,PHEV,5133
2025,2,Petrol,4994
2025,3,BEV,8435
2025,3,Diesel,2023
2025,3,Hybrid,2127
2025,3,Other,17
2025,3,PHEV,6339
2025,3,Petrol,6018
2025,4,BEV,8606
2025,4,Diesel,2169
2025,4,Hybrid,1885
2025,4,Other,16
2025,4,PHEV,6849
2025,4,Petrol,5707
2025,5,BEV,9526
2025,5,Diesel,2079
2025,5,Hybrid,2209
2025,5,Other,6
2025,5,PHEV,6811
2025,5,Petrol,5976
2025,6,BEV,10845
2025,6,Diesel,2180
2025,6,Hybrid,1773
2025,6,Other,14
2025,6,PHEV,7298
2025,6,Petrol,6527
2025,7,BEV,6224
2025,7,Diesel,1644
2025,7,Hybrid,1288
2025,7,Other,10
2025,7,PHEV,4865
2025,7,Petrol,4586
2025,8,BEV,6790
2025,8,Diesel,1824
2025,8,Hybrid,2260
2025,8,Other,7
2025,8,PHEV,5159
2025,8,Petrol,4774
2025,9,BEV,9658
2025,9,Diesel,1620
2025,9,Hybrid,2002
2025,9,Other,8
2025,9,PHEV,7667
2025,9,Petrol,5208
2025,10,BEV,8772
2025,10,Diesel,1910
2025,10,Hybrid,2184
2025,10,Other,37
2025,10,PHEV,7166
2025,10,Petrol,5125
2025,11,BEV,8539
2025,11,Diesel,1565
2025,11,Hybrid,2047
2025,11,Other,76
2025,11,PHEV,5299
2025,11,Petrol,4389
2025,12,BEV,10320
2025,12,Diesel,1485
2025,12,Hybrid,2385
2025,12,Other,86
2025,12,PHEV,6124
2025,12,Petrol,4221
2026,1,BEV,6750
2026,1,Diesel,1153
2026,1,Hybrid,1609
2026,1,Other,91
2026,1,PHEV,3630
2026,1,Petrol,3434
2026,2,BEV,7686
2026,2,Diesel,1576
2026,2,Hybrid,1568
2026,2,Other,101
2026,2,PHEV,4948
2026,2,Petrol,4126
2026,3,BEV,10926
2026,3,Diesel,2039
2026,3,Hybrid,2032
2026,3,Other,144
2026,3,PHEV,6545
2026,3,Petrol,5893
2026,4,BEV,9886
2026,4,Diesel,2172
2026,4,Hybrid,2257
2026,4,Other,138
2026,4,PHEV,5843
2026,4,Petrol,4873
2026,5,BEV,10770
2026,5,Diesel,2057
2026,5,Hybrid,2001
2026,5,Other,81
2026,5,PHEV,6680
2026,5,Petrol,5418
2026,6,BEV,13062
2026,6,Diesel,2350
2026,6,Hybrid,1837
2026,6,Other,83
2026,6,PHEV,7580
2026,6,Petrol,6171
2026,7,BEV,8004
2026,7,Diesel,1742
2026,7,Hybrid,1521
2026,7,Other,63
2026,7,PHEV,4489
2026,7,Petrol,3868
