year,month,bev,diesel,plugin_hybrid,petrol,source_url
2021,1,16315,44327,20588,63663,https://www.kba.de/SharedDocs/Downloads/DE/Statistik/Fahrzeuge/FZ10/fz10_2021_01.xlsx
2021,2,18278,49318,21879,74049,https://www.kba.de/SharedDocs/Downloads/DE/Statistik/Fahrzeuge/FZ10/fz10_2021_02.xlsx
2021,3,30101,64518,35580,116510,https://www.kba.de/SharedDocs/Downloads/DE/Statistik/Fahrzeuge/FZ10/fz10_2021_03.xlsx
2021,4,23816,50195,26988,91545,https://www.kba.de/SharedDocs/Downloads/DE/Statistik/Fahrzeuge/FZ10/fz10_2021_04.xlsx
2021,5,26786,51456,27222,88026,https://www.kba.de/SharedDocs/Downloads/DE/Statistik/Fahrzeuge/FZ10/fz10_2021_05.xlsx
2021,6,33420,54677,31314,109491,https://www.kba.de/SharedDocs/Downloads/DE/Statistik/Fahrzeuge/FZ10/fz10_2021_06.xlsx
2021,7,25464,46660,30154,94474,https://www.kba.de/SharedDocs/Downloads/DE/Statistik/Fahrzeuge/FZ10/fz10_2021_07.xlsx
2021,8,28860,34171,24497,69556,https://www.kba.de/SharedDocs/Downloads/DE/Statistik/Fahrzeuge/FZ10/fz10_2021_08.xlsx
2021,9,33655,31336,22842,71822,https://www.kba.de/SharedDocs/Downloads/DE/Statistik/Fahrzeuge/FZ10/fz10_2021_09.xlsx
2021,10,30560,30890,23734,65906,https://www.kba.de/SharedDocs/Downloads/DE/Statistik/Fahrzeuge/FZ10/fz10_2021_10.xlsx
2021,11,40270,31252,27899,67485,https://www.kba.de/SharedDocs/Downloads/DE/Statistik/Fahrzeuge/FZ10/fz10_2021_11.xlsx
2021,12,48436,35646,32752,74610,https://www.kba.de/SharedDocs/Downloads/DE/Statistik/Fahrzeuge/FZ10/fz10_2021_12.xlsx
2022,1,20892,39713,18900,69381,https://www.kba.de/SharedDocs/Downloads/DE/Statistik/Fahrzeuge/FZ10/fz10_2022_01.xlsx
2022,2,28306,41471,21583,71262,https://www.kba.de/SharedDocs/Downloads/DE/Statistik/Fahrzeuge/FZ10/fz10_2022_02.xlsx
2022,3,34474,45069,27288,86074,https://www.kba.de/SharedDocs/Downloads/DE/Statistik/Fahrzeuge/FZ10/fz10_2022_03.xlsx
2022,4,22175,35289,21697,66014,https://www.kba.de/SharedDocs/Downloads/DE/Statistik/Fahrzeuge/FZ10/fz10_2022_04.xlsx
2022,5,29182,42000,23209,75358,https://www.kba.de/SharedDocs/Downloads/DE/Statistik/Fahrzeuge/FZ10/fz10_2022_05.xlsx
2022,6,32234,42495,26203,84466,https://www.kba.de/SharedDocs/Downloads/DE/Statistik/Fahrzeuge/FZ10/fz10_2022_06.xlsx
2022,7,28815,41386,23712,75748,https://www.kba.de/SharedDocs/Downloads/DE/Statistik/Fahrzeuge/FZ10/fz10_2022_07.xlsx
2022,8,32006,36332,24719,71010,https://www.kba.de/SharedDocs/Downloads/DE/Statistik/Fahrzeuge/FZ10/fz10_2022_08.xlsx
2022,9,44389,38159,28336,73835,https://www.kba.de/SharedDocs/Downloads/DE/Statistik/Fahrzeuge/FZ10/fz10_2022_09.xlsx
2022,10,35781,36554,32064,67774,https://www.kba.de/SharedDocs/Downloads/DE/Statistik/Fahrzeuge/FZ10/fz10_2022_10.xlsx
2022,11,57980,39881,44581,74373,https://www.kba.de/SharedDocs/Downloads/DE/Statistik/Fahrzeuge/FZ10/fz10_2022_11.xlsx
2022,12,104325,33925,69801,65908,https://www.kba.de/SharedDocs/Downloads/DE/Statistik/Fahrzeuge/FZ10/fz10_2022_12.xlsx
2023,1,18136,39230,8853,71109,https://www.kba.de/SharedDocs/Downloads/DE/Statistik/Fahrzeuge/FZ10/fz10_2023_01.xlsx
2023,2,32475,38433,11916,76322,https://www.kba.de/SharedDocs/Downloads/DE/Statistik/Fahrzeuge/FZ10/fz10_2023_02.xlsx
2023,3,44125,48597,16776,104610,https://www.kba.de/SharedDocs/Downloads/DE/Statistik/Fahrzeuge/FZ10/fz10_2023_03.xlsx
2023,4,29740,36138,11787,77601,https://www.kba.de/SharedDocs/Downloads/DE/Statistik/Fahrzeuge/FZ10/fz10_2023_04.xlsx
2023,5,42780,43505,13803,89036,https://www.kba.de/SharedDocs/Downloads/DE/Statistik/Fahrzeuge/FZ10/fz10_2023_05.xlsx
2023,6,52988,46860,15930,102042,https://www.kba.de/SharedDocs/Downloads/DE/Statistik/Fahrzeuge/FZ10/fz10_2023_06.xlsx
2023,7,48682,42496,14345,84616,https://www.kba.de/SharedDocs/Downloads/DE/Statistik/Fahrzeuge/FZ10/fz10_2023_07.xlsx
2023,8,86649,39668,14552,76704,https://www.kba.de/SharedDocs/Downloads/DE/Statistik/Fahrzeuge/FZ10/fz10_2023_08.xlsx
2023,9,31714,39900,15383,79710,https://www.kba.de/SharedDocs/Downloads/DE/Statistik/Fahrzeuge/FZ10/fz10_2023_09.xlsx
2023,10,37334,34881,16361,72808,https://www.kba.de/SharedDocs/Downloads/DE/Statistik/Fahrzeuge/FZ10/fz10_2023_10.xlsx
2023,11,44942,39470,18124,82702,https://www.kba.de/SharedDocs/Downloads/DE/Statistik/Fahrzeuge/FZ10/fz10_2023_11.xlsx
2023,12,54654,37403,17894,76245,https://www.kba.de/SharedDocs/Downloads/DE/Statistik/Fahrzeuge/FZ10/fz10_2023_12.xlsx
2024,1,22474,40936,14394,83647,https://www.kba.de/SharedDocs/Downloads/DE/Statistik/Fahrzeuge/FZ10/fz10_2024_01.xlsx
2024,2,27479,42153,14575,78389,https://www.kba.de/SharedDocs/Downloads/DE/Statistik/Fahrzeuge/FZ10/fz10_2024_02.xlsx
2024,3,31384,48365,16016,101046,https://www.kba.de/SharedDocs/Downloads/DE/Statistik/Fahrzeuge/FZ10/fz10_2024_03.xlsx
2024,4,29668,46317,15135,91935,https://www.kba.de/SharedDocs/Downloads/DE/Statistik/Fahrzeuge/FZ10/fz10_2024_04.xlsx
2024,5,29708,44893,14038,90373,https://www.kba.de/SharedDocs/Downloads/DE/Statistik/Fahrzeuge/FZ10/fz10_2024_05.xlsx
2024,6,43412,52688,15391,113259,https://www.kba.de/SharedDocs/Downloads/DE/Statistik/Fahrzeuge/FZ10/fz10_2024_06.xlsx
2024,7,30762,43107,14811,84524,https://www.kba.de/SharedDocs/Downloads/DE/Statistik/Fahrzeuge/FZ10/fz10_2024_07.xlsx
2024,8,27024,29974,13565,70980,https://www.kba.de/SharedDocs/Downloads/DE/Statistik/Fahrzeuge/FZ10/fz10_2024_08.xlsx
2024,9,34479,31115,14936,67821,https://www.kba.de/SharedDocs/Downloads/DE/Statistik/Fahrzeuge/FZ10/fz10_2024_09.xlsx
2024,10,35491,36172,19337,75320,https://www.kba.de/SharedDocs/Downloads/DE/Statistik/Fahrzeuge/FZ10/fz10_2024_10.xlsx
2024,11,35167,36510,20604,78313,https://www.kba.de/SharedDocs/Downloads/DE/Statistik/Fahrzeuge/FZ10/fz10_2024_11.xlsx
2024,12,33561,31031,19103,70456,https://www.kba.de/SharedDocs/Downloads/DE/Statistik/Fahrzeuge/FZ10/fz10_2024_12.xlsx
2025,1,34498,32956,17712,63222,https://www.kba.de/SharedDocs/Downloads/DE/Statistik/Fahrzeuge/FZ10/fz10_2025_01.xlsx
2025,2,35949,32116,19534,57682,https://www.kba.de/SharedDocs/Downloads/DE/Statistik/Fahrzeuge/FZ10/fz10_2025_02.xlsx
2025,3,42521,37890,26553,71673,https://www.kba.de/SharedDocs/Downloads/DE/Statistik/Fahrzeuge/FZ10/fz10_2025_03.xlsx
2025,4,45535,37649,24317,67848,https://www.kba.de/SharedDocs/Downloads/DE/Statistik/Fahrzeuge/FZ10/fz10_2025_04.xlsx
2025,5,43060,35106,25181,68960,https://www.kba.de/SharedDocs/Downloads/DE/Statistik/Fahrzeuge/FZ10/fz10_2025_05.xlsx
2025,6,47163,35665,25608,74425,https://www.kba.de/SharedDocs/Downloads/DE/Statistik/Fahrzeuge/FZ10/fz10_2025_06.xlsx
2025,7,48614,40529,27197,73290,https://www.kba.de/SharedDocs/Downloads/DE/Statistik/Fahrzeuge/FZ10/fz10_2025_07.xlsx
2025,8,39367,27219,23973,58065,https://www.kba.de/SharedDocs/Downloads/DE/Statistik/Fahrzeuge/FZ10/fz10_2025_08.xlsx
2025,9,45495,28871,27685,63950,https://www.kba.de/SharedDocs/Downloads/DE/Statistik/Fahrzeuge/FZ10/fz10_2025_09.xlsx
2025,10,52425,30462,30946,65648,https://www.kba.de/SharedDocs/Downloads/DE/Statistik/Fahrzeuge/FZ10/fz10_2025_10.xlsx
2025,11,55741,29471,32433,62110,https://www.kba.de/SharedDocs/Downloads/DE/Statistik/Fahrzeuge/FZ10/fz10_2025_11.xlsx
2025,12,54774,27088,30259,63045,https://www.kba.de/SharedDocs/Downloads/DE/Statistik/Fahrzeuge/FZ10/fz10_2025_12.xlsx
2026,1,42692,27309,21790,43984,https://www.kba.de/SharedDocs/Downloads/DE/Statistik/Fahrzeuge/FZ10/fz10_2026_01.xlsx
2026,2,46275,31338,24328,48811,https://www.kba.de/SharedDocs/Downloads/DE/Statistik/Fahrzeuge/FZ10/fz10_2026_02.xlsx
2026,3,70663,37664,29996,67988,https://www.kba.de/SharedDocs/Downloads/DE/Statistik/Fahrzeuge/FZ10/fz10_2026_03.xlsx
2026,4,64350,32437,27546,54623,https://www.kba.de/SharedDocs/Downloads/DE/Statistik/Fahrzeuge/FZ10/fz10_2026_04.xlsx
2026,5,59969,30547,27921,53466,https://www.kba.de/SharedDocs/Downloads/DE/Statistik/Fahrzeuge/FZ10/fz10_2026_05.xlsx
2026,6,84057,33862,32212,62932,https://www.kba.de/SharedDocs/Downloads/DE/Statistik/Fahrzeuge/FZ10/fz10_2026_06.xlsx
