year,month,model_label,count
2026,9,TESLA MOTORS MODEL Y,630
2026,9,TOYOTA BZ4X,231
2026,9,TOYOTA C-HR,198
2026,9,TESLA MOTORS MODEL 3,168
2026,9,NISSAN QASHQAI,158
2026,9,TOYOTA RAV4,153
2026,9,AUDI Q4,151
2026,9,SKODA ENYAQ,150
2026,9,TOYOTA YARIS,148
2026,9,MERCEDES-BENZ GLC-CLASS,138
2026,9,KIA STONIC,132
2026,9,SKODA ELROQ,131
2026,9,BMW I4,129
2026,9,MERCEDES-BENZ CLA-CLASS,126
2026,9,VOLVO XC60,115
2026,9,TOYOTA COROLLA,102
2026,9,FORD EXPLORER,100
2026,9,VOLKSWAGEN ID.4,93
2026,9,MERCEDES-BENZ GLB,89
2026,9,TOYOTA YARIS CROSS,89
2026,9,VOLVO EX40,84
2026,9,FORD PUMA,83
2026,9,KIA EV3,83
2026,9,VOLKSWAGEN ID.7,82
2026,9,FORD CAPRI,72
2026,9,BMW IX3,70
2026,9,AUDI Q6,67
2026,9,POLESTAR 4,65
2026,9,POLESTAR 2,60
2026,9,SKODA OCTAVIA,58
2026,9,VOLKSWAGEN ID.,57
2026,9,BMW IX1,55
2026,9,VOLKSWAGEN T-ROC,55
2026,9,VOLVO EX30,51
2026,9,KIA K4,50
2026,9,KIA PV5,48
2026,9,KIA EV5,47
2026,9,BMW X1,45
2026,9,VOLKSWAGEN ID.3,45
2026,9,KIA EV2,44
2026,9,DACIA BIGSTER,43
2026,9,VOLKSWAGEN GOLF,41
2026,9,NISSAN MICRA,40
2026,9,SUBARU E-OUTBACK,40
2026,9,VOLKSWAGEN T-CROSS,40
2026,9,BYD ATTO,38
2026,9,SKODA EPIQ,38
2026,9,VOLVO EC40,38
2026,9,SUBARU SOLTERRA,37
2026,9,SKODA FABIA,36
2026,9,SMART #5,36
2026,9,BYD SEAL,35
2026,9,TOYOTA URBAN,35
2026,9,CUPRA RAVAL,33
2026,9,SUZUKI VITARA,31
2026,9,VOLVO V60,31
2026,9,XPENG G6,31
2026,9,DACIA DUSTER,30
2026,9,AUDI A6,29
2026,9,MG 4,29
2026,9,CUPRA BORN,28
2026,9,MERCEDES-BENZ C-CLASS,28
2026,9,PEUGEOT 408,28
2026,9,PORSCHE CAYENNE,28
2026,9,VOLKSWAGEN TIGUAN,28
2026,9,BYD SEALION,27
2026,9,RENAULT 5,27
2026,9,SKODA KODIAQ,27
2026,9,KIA PICANTO,26
2026,9,MITSUBISHI OUTLANDER,26
2026,9,VOLKSWAGEN CADDY,26
2026,9,GAC AION V,25
2026,9,HYUNDAI INSTER,25
2026,9,MERCEDES-BENZ EQA,23
2026,9,SKODA KAMIQ,23
2026,9,PEUGEOT 2008,22
2026,9,SUZUKI E,22
2026,9,FORD KUGA,21
2026,9,SUBARU UNCHARTED,21
2026,9,AUDI Q5,20
2026,9,BMW X5,20
2026,9,MERCEDES-BENZ E-CLASS,20
2026,9,MERCEDES-BENZ SPRINTER,20
2026,9,RENAULT CLIO,20
2026,9,BMW X3,19
2026,9,CITROEN E-C3,19
2026,9,CUPRA LEON,19
2026,9,KIA SPORTAGE,19
2026,9,NISSAN JUKE,19
2026,9,RENAULT 4,19
2026,9,RENAULT SCENIC,19
2026,9,HYUNDAI I20,18
2026,9,KIA EV4,18
2026,9,LAND ROVER RANGE ROVER SPORT,18
2026,9,KIA EV6,17
2026,9,LEXUS LBX,17
2026,9,SKODA SUPERB,17
2026,9,VOLVO XC90,17
2026,9,DACIA SANDERO,16
2026,9,MERCEDES-BENZ EQB,16
2026,9,PEUGEOT 3008,16
2026,9,SUZUKI SWIFT,16
2026,9,VOLVO XC40,16
2026,9,AUDI SQ6,15
2026,9,FORD TRANSIT,15
2026,9,RENAULT SYMBIOZ,15
2026,9,SKODA SCALA,15
2026,9,VOLKSWAGEN TAIGO,15
2026,9,CITROEN C5,14
2026,9,FORD TOURNEO CUSTOM,14
2026,9,HYUNDAI IONIQ5,14
2026,9,KIA NIRO,14
2026,9,MERCEDES-BENZ GLA-CLASS,14
2026,9,VOLKSWAGEN PASSAT,14
2026,9,AUDI A5,13
2026,9,AUDI Q3,13
2026,9,FORD MUSTANG MACH-E,13
2026,9,KIA XCEED,13
2026,9,FORD TOURNEO CONNECT,12
2026,9,HYUNDAI BAYON,12
2026,9,MAZDA CX-5,12
2026,9,NISSAN LEAF,12
2026,9,SKODA KAROQ,12
2026,9,BMW IX,11
2026,9,CUPRA TERRAMAR,11
2026,9,MAZDA CX-6E,11
2026,9,OPEL GRANDLAND,11
2026,9,VOLKSWAGEN ID.BUZZ,11
2026,9,XPENG P7+,11
2026,9,AUDI A3,10
2026,9,BMW IX2,10
2026,9,CITROEN C3,10
2026,9,LEXUS RZ500E,10
2026,9,MAZDA 6E,10
2026,9,MITSUBISHI ECLIPSE,10
2026,9,PEUGEOT 5008,10
2026,9,TOYOTA AYGO,10
2026,9,VOLVO EX90,10
2026,9,BMW 1 SERIES,9
2026,9,BMW 3 SERIES,9
2026,9,CUPRA TAVASCAN,9
2026,9,DACIA JOGGER,9
2026,9,HYUNDAI TUCSON,9
2026,9,MAZDA 3,9
2026,9,MG S6,9
2026,9,PEUGEOT 208,9
2026,9,BMW 5 SERIES,8
2026,9,CITROEN C4,8
2026,9,HYUNDAI I30,8
2026,9,OPEL MOKKA,8
2026,9,XPENG G9,8
2026,9,BYD DOLPHIN,7
2026,9,FORD TOURNEO COURIER,7
2026,9,KIA EV9,7
2026,9,LEXUS NX450H+,7
2026,9,MAZDA CX-60,7
2026,9,MG S5,7
2026,9,MINI COOPER,7
2026,9,OPEL ASTRA,7
2026,9,VOLKSWAGEN CARAVELLE,7
2026,9,VOLKSWAGEN ID.5,6
2026,9,VOLVO ES90,6
2026,9,VOLVO EX60,6
2026,9,ALFA ROMEO JUNIOR,5
2026,9,GAC UT,5
2026,9,LEXUS UX300H,5
2026,9,MAZDA CX-30,5
2026,9,MERCEDES-BENZ A-CLASS,5
2026,9,MG ZS,5
2026,9,MITSUBISHI ASX,5
2026,9,OPEL FRONTERA,5
2026,9,SUZUKI S-CROSS,5
2026,9,TOYOTA GR,5
2026,9,AUDI Q8,4
2026,9,BMW I5,4
2026,9,CITROEN E-BERLINGO,4
2026,9,JEEP AVENGER,4
2026,9,LAND ROVER RANGE ROVER,4
2026,9,LEXUS ES500E,4
2026,9,MAN TGE,4
2026,9,MINI ACEMAN,4
2026,9,MINI COUNTRYMAN,4
2026,9,NISSAN ARIYA,4
2026,9,OPEL CORSA,4
2026,9,PEUGEOT 308,4
2026,9,SKODA PEAQ,4
2026,9,SMART #3,4
2026,9,TOYOTA PROACE,4
2026,9,BYD TANG,3
2026,9,CUPRA FORMENTOR,3
2026,9,HYUNDAI IONIQ6,3
2026,9,HYUNDAI KONA,3
2026,9,LAND ROVER DEFENDER,3
2026,9,LEXUS ES300H,3
2026,9,LEXUS RX450H+,3
2026,9,MERCEDES-BENZ GLE-CLASS,3
2026,9,MG 3,3
2026,9,MITSUBISHI GRANDIS,3
2026,9,SUBARU OUTBACK,3
2026,9,VOLKSWAGEN MULTIVAN,3
2026,9,AUDI E-TRON,2
2026,9,BMW 2 SERIES,2
2026,9,FIAT 600,2
2026,9,FORD TRANSIT CUSTOM,2
2026,9,HONDA CIVIC,2
2026,9,HONDA CR-V,2
2026,9,HONDA HR-V,2
2026,9,KIA SELTOS,2
2026,9,LEXUS ES350E,2
2026,9,MAZDA CX-80,2
2026,9,MERCEDES-BENZ G-CLASS,2
2026,9,MERCEDES-BENZ S-CLASS,2
2026,9,MINI JCW,2
2026,9,NISSAN X-TRAIL,2
2026,9,PORSCHE MACAN,2
2026,9,RENAULT RAFALE,2
2026,9,SMART #1,2
2026,9,SMART 3,2
2026,9,VOLKSWAGEN CRAFTER,2
2026,9,AUDI Q7,1
2026,9,AUDI S3,1
2026,9,AUDI S6,1
2026,9,BMW 550E,1
2026,9,BMW I7,1
2026,9,BMW M3,1
2026,9,BMW XM,1
2026,9,FERRARI 12CILINDRI,1
2026,9,HONDA JAZZ,1
2026,9,HYUNDAI IONIQ,1
2026,9,KIA CEED,1
2026,9,LAND ROVER RANGE ROVER EVOQUE,1
2026,9,LAND ROVER RANGE ROVER VELAR,1
2026,9,MERCEDES-BENZ CLE,1
2026,9,MERCEDES-BENZ ESPRINTER,1
2026,9,MERCEDES-BENZ EVITO,1
2026,9,MERCEDES-BENZ V-CLASS,1
2026,9,MERCEDES-BENZ VITO,1
2026,9,MG CYBERSTER,1
2026,9,MITSUBISHI COLT,1
2026,9,POLESTAR 3,1
2026,9,POLESTAR 5,1
2026,9,RENAULT E-TECH,1
2026,9,SEAT LEON,1
2026,9,SMART 1,1
2026,9,XPENG X9,1
