year,month,brand,count
2019,1,VW,4384
2019,1,SKODA,2380
2019,1,SEAT,2303
2019,1,OPEL,1727
2019,1,FORD,1471
2019,1,BMW,1422
2019,1,RENAULT,1287
2019,1,HYUNDAI,1074
2019,1,MERCEDES,986
2019,1,AUDI,869
2019,1,FIAT,798
2019,1,PEUGEOT,790
2019,1,DACIA,783
2019,1,MAZDA,646
2019,1,CITROEN,629
2019,1,KIA,558
2019,1,SUZUKI,558
2019,1,VOLVO,362
2019,1,MITSUBISHI,348
2019,1,NISSAN,332
2019,1,TOYOTA,303
2019,1,JEEP,272
2019,1,MINI,194
2019,1,HONDA,155
2019,1,LAND ROVER,137
2019,1,ALFA ROMEO,106
2019,1,SMART,90
2019,1,JAGUAR,84
2019,1,PORSCHE,50
2019,1,SUBARU,40
2019,1,DS,23
2019,1,LEXUS,23
2019,1,TESLA,21
2019,1,SSANG-YONG,20
2019,1,LADA,10
2019,1,LAMBORGHINI,9
2019,1,MASERATI,5
2019,1,JAC,3
2019,1,BENTLEY,2
2019,1,DODGE,1
2019,1,FERRARI,1
2019,1,INFINITI,1
2019,2,VW,4435
2019,2,SKODA,2198
2019,2,SEAT,1634
2019,2,FORD,1488
2019,2,OPEL,1348
2019,2,RENAULT,1270
2019,2,BMW,1132
2019,2,HYUNDAI,892
2019,2,AUDI,883
2019,2,MERCEDES,864
2019,2,FIAT,859
2019,2,PEUGEOT,801
2019,2,DACIA,739
2019,2,SUZUKI,662
2019,2,KIA,620
2019,2,MAZDA,565
2019,2,CITROEN,529
2019,2,TOYOTA,413
2019,2,JEEP,339
2019,2,NISSAN,333
2019,2,VOLVO,321
2019,2,MITSUBISHI,287
2019,2,TESLA,166
2019,2,HONDA,161
2019,2,MINI,139
2019,2,ALFA ROMEO,121
2019,2,LAND ROVER,120
2019,2,SMART,106
2019,2,JAGUAR,78
2019,2,SUBARU,30
2019,2,SSANG-YONG,24
2019,2,PORSCHE,22
2019,2,LEXUS,21
2019,2,DS,16
2019,2,LADA,10
2019,2,LAMBORGHINI,6
2019,2,MASERATI,3
2019,2,BENTLEY,2
2019,2,FERRARI,2
2019,2,DODGE,1
2019,3,VW,5233
2019,3,SKODA,2490
2019,3,SEAT,1919
2019,3,FORD,1827
2019,3,RENAULT,1786
2019,3,BMW,1676
2019,3,OPEL,1627
2019,3,FIAT,1386
2019,3,HYUNDAI,1379
2019,3,MERCEDES,1241
2019,3,AUDI,1240
2019,3,MAZDA,1216
2019,3,PEUGEOT,1100
2019,3,KIA,890
2019,3,DACIA,871
2019,3,SUZUKI,860
2019,3,CITROEN,808
2019,3,TESLA,748
2019,3,TOYOTA,550
2019,3,NISSAN,533
2019,3,VOLVO,484
2019,3,MITSUBISHI,382
2019,3,JEEP,363
2019,3,HONDA,289
2019,3,MINI,245
2019,3,LAND ROVER,194
2019,3,ALFA ROMEO,154
2019,3,JAGUAR,132
2019,3,SMART,118
2019,3,PORSCHE,62
2019,3,SUBARU,40
2019,3,LEXUS,26
2019,3,SSANG-YONG,20
2019,3,LADA,16
2019,3,DS,12
2019,3,FERRARI,10
2019,3,MASERATI,10
2019,3,BENTLEY,7
2019,3,LAMBORGHINI,4
2019,3,ASTON MARTIN,3
2019,3,DODGE,2
2019,3,CHEVROLET,1
2019,3,CHRYSLER,1
2019,3,INFINITI,1
2019,3,MORGAN,1
2019,3,ROLLS ROYCE,1
2019,4,VW,4939
2019,4,SKODA,2655
2019,4,SEAT,2041
2019,4,BMW,2021
2019,4,FORD,1843
2019,4,OPEL,1724
2019,4,HYUNDAI,1664
2019,4,RENAULT,1532
2019,4,MERCEDES,1376
2019,4,PEUGEOT,1293
2019,4,FIAT,1184
2019,4,KIA,1145
2019,4,AUDI,1122
2019,4,DACIA,976
2019,4,MAZDA,897
2019,4,CITROEN,775
2019,4,SUZUKI,759
2019,4,TOYOTA,681
2019,4,MITSUBISHI,676
2019,4,VOLVO,429
2019,4,MINI,350
2019,4,JEEP,337
2019,4,NISSAN,285
2019,4,HONDA,214
2019,4,SMART,197
2019,4,TESLA,183
2019,4,LAND ROVER,135
2019,4,ALFA ROMEO,133
2019,4,PORSCHE,102
2019,4,JAGUAR,93
2019,4,LEXUS,50
2019,4,SUBARU,44
2019,4,LADA,18
2019,4,SSANG-YONG,18
2019,4,DS,16
2019,4,FERRARI,8
2019,4,JAC,8
2019,4,LAMBORGHINI,8
2019,4,BENTLEY,6
2019,4,MASERATI,6
2019,4,KTM,2
2019,4,MORGAN,2
2019,4,ASTON MARTIN,1
2019,4,CHEVROLET,1
2019,4,DODGE,1
2019,4,LOTUS,1
2019,5,VW,4498
2019,5,SKODA,2990
2019,5,SEAT,2120
2019,5,FORD,1792
2019,5,RENAULT,1722
2019,5,OPEL,1693
2019,5,BMW,1649
2019,5,MERCEDES,1381
2019,5,HYUNDAI,1373
2019,5,AUDI,1188
2019,5,FIAT,1151
2019,5,PEUGEOT,1033
2019,5,KIA,967
2019,5,DACIA,950
2019,5,MAZDA,918
2019,5,SUZUKI,854
2019,5,TOYOTA,713
2019,5,CITROEN,660
2019,5,MITSUBISHI,464
2019,5,JEEP,352
2019,5,NISSAN,348
2019,5,VOLVO,324
2019,5,MINI,279
2019,5,SMART,229
2019,5,HONDA,208
2019,5,TESLA,178
2019,5,ALFA ROMEO,120
2019,5,LAND ROVER,111
2019,5,PORSCHE,109
2019,5,SUBARU,52
2019,5,JAGUAR,44
2019,5,LEXUS,27
2019,5,DS,17
2019,5,SSANG-YONG,15
2019,5,LADA,13
2019,5,LAMBORGHINI,6
2019,5,JAC,5
2019,5,FERRARI,4
2019,5,ASTON MARTIN,3
2019,5,BENTLEY,3
2019,5,CHEVROLET,3
2019,5,INFINITI,2
2019,5,MASERATI,2
2019,5,DODGE,1
2019,5,KTM,1
2019,5,MORGAN,1
2019,5,ROLLS ROYCE,1
2019,6,VW,5735
2019,6,SKODA,2805
2019,6,SEAT,2279
2019,6,OPEL,1799
2019,6,FORD,1719
2019,6,RENAULT,1656
2019,6,FIAT,1639
2019,6,BMW,1597
2019,6,HYUNDAI,1404
2019,6,AUDI,1361
2019,6,MERCEDES,1350
2019,6,PEUGEOT,1031
2019,6,DACIA,905
2019,6,MAZDA,894
2019,6,KIA,849
2019,6,CITROEN,793
2019,6,SUZUKI,789
2019,6,TOYOTA,642
2019,6,TESLA,469
2019,6,NISSAN,419
2019,6,JEEP,379
2019,6,MITSUBISHI,352
2019,6,VOLVO,343
2019,6,MINI,303
2019,6,HONDA,214
2019,6,SMART,173
2019,6,ALFA ROMEO,154
2019,6,LAND ROVER,150
2019,6,PORSCHE,121
2019,6,JAGUAR,55
2019,6,SUBARU,34
2019,6,DS,28
2019,6,LEXUS,23
2019,6,SSANG-YONG,18
2019,6,LADA,17
2019,6,JAC,5
2019,6,ASTON MARTIN,4
2019,6,LAMBORGHINI,4
2019,6,FERRARI,3
2019,6,INFINITI,3
2019,6,MASERATI,3
2019,6,BENTLEY,2
2019,6,DODGE,2
2019,6,LOTUS,2
2019,6,ANDERE MARKEN,1
2019,6,CHRYSLER,1
2019,7,VW,5522
2019,7,SKODA,2490
2019,7,SEAT,1917
2019,7,FORD,1828
2019,7,BMW,1735
2019,7,OPEL,1726
2019,7,RENAULT,1407
2019,7,HYUNDAI,1378
2019,7,MERCEDES,1374
2019,7,AUDI,1354
2019,7,FIAT,1256
2019,7,PEUGEOT,1150
2019,7,SUZUKI,977
2019,7,DACIA,943
2019,7,MAZDA,862
2019,7,KIA,793
2019,7,CITROEN,715
2019,7,TOYOTA,647
2019,7,MINI,520
2019,7,VOLVO,476
2019,7,NISSAN,458
2019,7,MITSUBISHI,422
2019,7,JEEP,323
2019,7,SMART,195
2019,7,HONDA,163
2019,7,TESLA,163
2019,7,PORSCHE,147
2019,7,ALFA ROMEO,125
2019,7,LAND ROVER,124
2019,7,JAGUAR,101
2019,7,DS,35
2019,7,SUBARU,33
2019,7,LEXUS,19
2019,7,SSANG-YONG,15
2019,7,LADA,9
2019,7,BENTLEY,7
2019,7,MASERATI,7
2019,7,FERRARI,6
2019,7,DODGE,2
2019,7,ANDERE MARKEN,1
2019,7,KTM,1
2019,7,LAMBORGHINI,1
2019,7,MCLAREN,1
2019,8,VW,4640
2019,8,SKODA,2362
2019,8,HYUNDAI,2079
2019,8,MERCEDES,1761
2019,8,SEAT,1679
2019,8,OPEL,1553
2019,8,FORD,1525
2019,8,AUDI,1449
2019,8,BMW,1417
2019,8,RENAULT,1321
2019,8,SUZUKI,1268
2019,8,FIAT,961
2019,8,KIA,940
2019,8,PEUGEOT,858
2019,8,TOYOTA,816
2019,8,MAZDA,711
2019,8,MITSUBISHI,688
2019,8,CITROEN,621
2019,8,DACIA,598
2019,8,JEEP,547
2019,8,NISSAN,413
2019,8,SMART,325
2019,8,MINI,295
2019,8,VOLVO,214
2019,8,HONDA,176
2019,8,PORSCHE,129
2019,8,TESLA,127
2019,8,ALFA ROMEO,101
2019,8,LAND ROVER,101
2019,8,LEXUS,43
2019,8,JAGUAR,39
2019,8,SUBARU,32
2019,8,DS,20
2019,8,LADA,20
2019,8,SSANG-YONG,16
2019,8,LAMBORGHINI,10
2019,8,FERRARI,9
2019,8,BENTLEY,7
2019,8,ASTON MARTIN,4
2019,8,JAC,4
2019,8,MASERATI,3
2019,8,DODGE,2
2019,8,CATERHAM CARS,1
2019,8,MCLAREN,1
2019,8,MORGAN,1
2019,8,ROLLS ROYCE,1
2019,9,VW,2417
2019,9,SKODA,1706
2019,9,RENAULT,1388
2019,9,FORD,1301
2019,9,BMW,1300
2019,9,OPEL,1243
2019,9,MERCEDES,1213
2019,9,HYUNDAI,1157
2019,9,FIAT,1090
2019,9,SEAT,953
2019,9,PEUGEOT,857
2019,9,MAZDA,774
2019,9,DACIA,584
2019,9,CITROEN,578
2019,9,KIA,564
2019,9,AUDI,516
2019,9,TESLA,458
2019,9,TOYOTA,439
2019,9,VOLVO,361
2019,9,MINI,330
2019,9,NISSAN,291
2019,9,SUZUKI,264
2019,9,JEEP,250
2019,9,HONDA,218
2019,9,LAND ROVER,163
2019,9,MITSUBISHI,142
2019,9,ALFA ROMEO,131
2019,9,PORSCHE,121
2019,9,JAGUAR,54
2019,9,SMART,51
2019,9,SUBARU,49
2019,9,LEXUS,32
2019,9,DS,22
2019,9,LADA,12
2019,9,LAMBORGHINI,4
2019,9,SSANG-YONG,4
2019,9,BENTLEY,3
2019,9,JAC,3
2019,9,MASERATI,2
2019,9,DODGE,1
2019,9,KUTSENITS,1
2019,10,VW,3881
2019,10,BMW,1889
2019,10,SKODA,1779
2019,10,HYUNDAI,1494
2019,10,FORD,1453
2019,10,MERCEDES,1401
2019,10,RENAULT,1355
2019,10,SEAT,1346
2019,10,OPEL,1141
2019,10,MAZDA,1046
2019,10,FIAT,1011
2019,10,AUDI,944
2019,10,KIA,890
2019,10,PEUGEOT,833
2019,10,TOYOTA,617
2019,10,CITROEN,555
2019,10,DACIA,530
2019,10,VOLVO,417
2019,10,SUZUKI,382
2019,10,NISSAN,319
2019,10,JEEP,282
2019,10,MINI,282
2019,10,MITSUBISHI,274
2019,10,PORSCHE,230
2019,10,LAND ROVER,166
2019,10,ALFA ROMEO,158
2019,10,HONDA,155
2019,10,JAGUAR,77
2019,10,TESLA,53
2019,10,SUBARU,49
2019,10,SMART,37
2019,10,SSANG-YONG,35
2019,10,LEXUS,21
2019,10,DS,13
2019,10,LADA,7
2019,10,LAMBORGHINI,5
2019,10,JAC,4
2019,10,BENTLEY,3
2019,10,MASERATI,2
2019,10,DODGE,1
2019,10,FERRARI,1
2019,11,VW,3541
2019,11,SKODA,1890
2019,11,BMW,1747
2019,11,HYUNDAI,1617
2019,11,FORD,1600
2019,11,RENAULT,1523
2019,11,MERCEDES,1171
2019,11,MAZDA,1068
2019,11,FIAT,1066
2019,11,SEAT,870
2019,11,OPEL,854
2019,11,AUDI,768
2019,11,PEUGEOT,754
2019,11,KIA,648
2019,11,DACIA,643
2019,11,TOYOTA,601
2019,11,SUZUKI,499
2019,11,CITROEN,446
2019,11,VOLVO,361
2019,11,MITSUBISHI,275
2019,11,NISSAN,238
2019,11,MINI,180
2019,11,PORSCHE,177
2019,11,JEEP,164
2019,11,HONDA,141
2019,11,LAND ROVER,119
2019,11,TESLA,119
2019,11,ALFA ROMEO,52
2019,11,JAGUAR,25
2019,11,SMART,21
2019,11,SUBARU,21
2019,11,LEXUS,20
2019,11,DS,19
2019,11,SSANG-YONG,16
2019,11,LADA,6
2019,11,BENTLEY,3
2019,11,FERRARI,2
2019,11,MASERATI,2
2019,11,MORGAN,2
2019,11,JAC,1
2019,11,LAMBORGHINI,1
2019,12,VW,3421
2019,12,BMW,1556
2019,12,SKODA,1539
2019,12,RENAULT,1528
2019,12,FORD,1507
2019,12,MAZDA,1458
2019,12,HYUNDAI,1348
2019,12,MERCEDES,1151
2019,12,FIAT,947
2019,12,AUDI,897
2019,12,PEUGEOT,850
2019,12,SEAT,719
2019,12,SUZUKI,709
2019,12,OPEL,654
2019,12,DACIA,624
2019,12,KIA,575
2019,12,CITROEN,573
2019,12,TOYOTA,503
2019,12,NISSAN,373
2019,12,VOLVO,351
2019,12,TESLA,281
2019,12,MINI,242
2019,12,HONDA,170
2019,12,MITSUBISHI,133
2019,12,JEEP,131
2019,12,PORSCHE,105
2019,12,LAND ROVER,87
2019,12,SUBARU,75
2019,12,ALFA ROMEO,47
2019,12,JAGUAR,46
2019,12,SSANG-YONG,25
2019,12,SMART,22
2019,12,LEXUS,14
2019,12,DS,7
2019,12,LADA,5
2019,12,LAMBORGHINI,4
2019,12,MASERATI,2
2019,12,BENTLEY,1
2019,12,DODGE,1
2019,12,FERRARI,1
2020,1,VW,3884
2020,1,SKODA,2055
2020,1,SEAT,2019
2020,1,BMW,1706
2020,1,OPEL,1169
2020,1,HYUNDAI,1159
2020,1,MERCEDES,1156
2020,1,RENAULT,1090
2020,1,FORD,984
2020,1,AUDI,925
2020,1,PEUGEOT,892
2020,1,FIAT,774
2020,1,CITROEN,614
2020,1,MAZDA,576
2020,1,DACIA,560
2020,1,KIA,524
2020,1,TOYOTA,477
2020,1,VOLVO,363
2020,1,SUZUKI,329
2020,1,MITSUBISHI,305
2020,1,NISSAN,239
2020,1,JEEP,226
2020,1,MINI,186
2020,1,LAND ROVER,178
2020,1,PORSCHE,141
2020,1,HONDA,104
2020,1,TESLA,70
2020,1,ALFA ROMEO,58
2020,1,JAGUAR,52
2020,1,SUBARU,44
2020,1,DS,22
2020,1,LEXUS,21
2020,1,SMART,15
2020,1,MG,12
2020,1,SSANG-YONG,11
2020,1,LADA,7
2020,1,MASERATI,4
2020,1,BENTLEY,3
2020,1,LAMBORGHINI,3
2020,1,FERRARI,1
2020,1,INFINITI,1
2020,2,VW,3307
2020,2,SKODA,2058
2020,2,SEAT,1598
2020,2,BMW,1173
2020,2,MERCEDES,1160
2020,2,HYUNDAI,1127
2020,2,FORD,1089
2020,2,RENAULT,1061
2020,2,OPEL,1037
2020,2,FIAT,870
2020,2,AUDI,782
2020,2,PEUGEOT,775
2020,2,CITROEN,529
2020,2,DACIA,518
2020,2,SUZUKI,516
2020,2,MAZDA,513
2020,2,KIA,481
2020,2,TOYOTA,425
2020,2,MITSUBISHI,296
2020,2,NISSAN,289
2020,2,VOLVO,289
2020,2,TESLA,243
2020,2,MINI,164
2020,2,JEEP,152
2020,2,HONDA,115
2020,2,LAND ROVER,100
2020,2,PORSCHE,100
2020,2,ALFA ROMEO,71
2020,2,SUBARU,64
2020,2,JAGUAR,50
2020,2,LEXUS,22
2020,2,DS,17
2020,2,MG,16
2020,2,SMART,14
2020,2,SSANG-YONG,13
2020,2,MAN,11
2020,2,LADA,6
2020,2,BENTLEY,5
2020,2,LAMBORGHINI,4
2020,2,MASERATI,4
2020,2,FERRARI,1
2020,2,KTM,1
2020,2,MORGAN,1
2020,3,VW,1587
2020,3,SKODA,1197
2020,3,BMW,745
2020,3,HYUNDAI,684
2020,3,SEAT,526
2020,3,FORD,519
2020,3,AUDI,494
2020,3,MERCEDES,467
2020,3,TESLA,410
2020,3,RENAULT,386
2020,3,SUZUKI,374
2020,3,OPEL,294
2020,3,PEUGEOT,293
2020,3,TOYOTA,293
2020,3,KIA,291
2020,3,FIAT,273
2020,3,MAZDA,248
2020,3,DACIA,245
2020,3,CITROEN,218
2020,3,MINI,161
2020,3,VOLVO,161
2020,3,NISSAN,155
2020,3,MITSUBISHI,149
2020,3,JEEP,134
2020,3,LAND ROVER,82
2020,3,PORSCHE,80
2020,3,HONDA,45
2020,3,ALFA ROMEO,26
2020,3,JAGUAR,26
2020,3,SUBARU,23
2020,3,SSANG-YONG,19
2020,3,DS,14
2020,3,LEXUS,13
2020,3,LADA,6
2020,3,MG,4
2020,3,SMART,3
2020,3,FERRARI,2
2020,3,LAMBORGHINI,2
2020,3,MAN,2
2020,3,BENTLEY,1
2020,3,CATERHAM CARS,1
2020,3,MORGAN,1
2020,4,VW,1651
2020,4,SKODA,1467
2020,4,BMW,855
2020,4,RENAULT,744
2020,4,FORD,599
2020,4,MERCEDES,583
2020,4,SEAT,530
2020,4,PEUGEOT,488
2020,4,AUDI,486
2020,4,KIA,376
2020,4,HYUNDAI,345
2020,4,DACIA,314
2020,4,OPEL,300
2020,4,FIAT,284
2020,4,CITROEN,273
2020,4,TOYOTA,266
2020,4,TESLA,257
2020,4,SUZUKI,241
2020,4,MAZDA,222
2020,4,VOLVO,179
2020,4,MITSUBISHI,152
2020,4,NISSAN,119
2020,4,LAND ROVER,109
2020,4,MINI,92
2020,4,PORSCHE,83
2020,4,JEEP,43
2020,4,HONDA,39
2020,4,ALFA ROMEO,28
2020,4,JAGUAR,22
2020,4,SUBARU,20
2020,4,DS,12
2020,4,SMART,7
2020,4,FERRARI,6
2020,4,LADA,5
2020,4,LEXUS,5
2020,4,MG,5
2020,4,DODGE,3
2020,4,ASTON MARTIN,2
2020,4,BENTLEY,2
2020,4,LAMBORGHINI,2
2020,4,SSANG-YONG,2
2020,4,LOTUS,1
2020,4,MORGAN,1
2020,5,VW,2656
2020,5,SKODA,1739
2020,5,SEAT,1403
2020,5,BMW,1322
2020,5,RENAULT,1213
2020,5,FORD,1134
2020,5,MERCEDES,1070
2020,5,HYUNDAI,930
2020,5,OPEL,922
2020,5,AUDI,805
2020,5,PEUGEOT,768
2020,5,FIAT,743
2020,5,KIA,701
2020,5,DACIA,694
2020,5,MAZDA,599
2020,5,CITROEN,559
2020,5,SUZUKI,540
2020,5,TOYOTA,512
2020,5,MITSUBISHI,361
2020,5,VOLVO,272
2020,5,MINI,215
2020,5,NISSAN,188
2020,5,PORSCHE,156
2020,5,JEEP,152
2020,5,LAND ROVER,135
2020,5,TESLA,110
2020,5,HONDA,92
2020,5,ALFA ROMEO,54
2020,5,SUBARU,37
2020,5,JAGUAR,32
2020,5,DS,25
2020,5,LEXUS,21
2020,5,SMART,12
2020,5,FERRARI,10
2020,5,LADA,8
2020,5,MG,6
2020,5,SSANG-YONG,5
2020,5,LAMBORGHINI,3
2020,5,ASTON MARTIN,2
2020,5,MORGAN,2
2020,5,KUTSENITS,1
2020,5,MCLAREN,1
2020,5,ROLLS ROYCE,1
2020,6,VW,4307
2020,6,SKODA,3030
2020,6,RENAULT,1946
2020,6,SEAT,1755
2020,6,BMW,1618
2020,6,FORD,1403
2020,6,MERCEDES,1204
2020,6,AUDI,1123
2020,6,HYUNDAI,1016
2020,6,OPEL,959
2020,6,FIAT,826
2020,6,PEUGEOT,810
2020,6,KIA,765
2020,6,MAZDA,713
2020,6,DACIA,706
2020,6,CITROEN,642
2020,6,TOYOTA,551
2020,6,SUZUKI,540
2020,6,VOLVO,428
2020,6,MITSUBISHI,377
2020,6,MINI,302
2020,6,TESLA,292
2020,6,NISSAN,265
2020,6,JEEP,241
2020,6,PORSCHE,213
2020,6,HONDA,167
2020,6,ALFA ROMEO,127
2020,6,LAND ROVER,107
2020,6,JAGUAR,53
2020,6,DS,38
2020,6,SUBARU,38
2020,6,LEXUS,31
2020,6,SMART,18
2020,6,SSANG-YONG,14
2020,6,LADA,12
2020,6,MG,9
2020,6,MASERATI,6
2020,6,LAMBORGHINI,5
2020,6,DODGE,4
2020,6,FERRARI,4
2020,6,KTM,3
2020,6,CATERHAM CARS,2
2020,6,MORGAN,2
2020,6,ASTON MARTIN,1
2020,6,BENTLEY,1
2020,6,INFINITI,1
2020,6,MAN,1
2020,7,VW,3860
2020,7,SKODA,2688
2020,7,SEAT,1743
2020,7,FORD,1628
2020,7,RENAULT,1505
2020,7,BMW,1473
2020,7,MERCEDES,1436
2020,7,AUDI,1060
2020,7,HYUNDAI,1058
2020,7,PEUGEOT,896
2020,7,FIAT,867
2020,7,KIA,696
2020,7,OPEL,680
2020,7,MAZDA,634
2020,7,DACIA,603
2020,7,TOYOTA,602
2020,7,SUZUKI,596
2020,7,CITROEN,494
2020,7,VOLVO,322
2020,7,MITSUBISHI,305
2020,7,MINI,286
2020,7,NISSAN,268
2020,7,JEEP,218
2020,7,PORSCHE,200
2020,7,HONDA,174
2020,7,LAND ROVER,93
2020,7,ALFA ROMEO,82
2020,7,JAGUAR,60
2020,7,TESLA,60
2020,7,SMART,40
2020,7,SUBARU,35
2020,7,DS,29
2020,7,SSANG-YONG,19
2020,7,LEXUS,17
2020,7,MG,14
2020,7,FERRARI,12
2020,7,LADA,9
2020,7,LAMBORGHINI,8
2020,7,BENTLEY,4
2020,7,MASERATI,4
2020,7,DODGE,2
2020,7,BUGATTI,1
2020,7,JAC,1
2020,7,LOTUS,1
2020,7,MAN,1
2020,8,VW,3452
2020,8,SKODA,1532
2020,8,FORD,1346
2020,8,MERCEDES,1313
2020,8,HYUNDAI,1309
2020,8,SEAT,1222
2020,8,BMW,1141
2020,8,AUDI,1113
2020,8,RENAULT,1032
2020,8,OPEL,912
2020,8,FIAT,804
2020,8,PEUGEOT,724
2020,8,KIA,693
2020,8,MAZDA,557
2020,8,TOYOTA,464
2020,8,CITROEN,439
2020,8,DACIA,430
2020,8,SUZUKI,420
2020,8,NISSAN,278
2020,8,MINI,241
2020,8,JEEP,225
2020,8,MITSUBISHI,216
2020,8,TESLA,197
2020,8,VOLVO,165
2020,8,HONDA,126
2020,8,PORSCHE,116
2020,8,ALFA ROMEO,100
2020,8,LAND ROVER,90
2020,8,JAGUAR,39
2020,8,LEXUS,34
2020,8,SMART,29
2020,8,SUBARU,29
2020,8,DS,24
2020,8,SSANG-YONG,22
2020,8,MG,19
2020,8,LADA,15
2020,8,MASERATI,10
2020,8,FERRARI,8
2020,8,ASTON MARTIN,4
2020,8,BENTLEY,4
2020,8,INFINITI,2
2020,8,LAMBORGHINI,2
2020,8,MAN,2
2020,8,CATERHAM CARS,1
2020,8,DODGE,1
2020,8,KTM,1
2020,8,KUTSENITS,1
2020,8,LOTUS,1
2020,8,POLESTAR,1
2020,9,VW,3217
2020,9,SKODA,1966
2020,9,HYUNDAI,1582
2020,9,FORD,1408
2020,9,SEAT,1367
2020,9,MERCEDES,1292
2020,9,BMW,980
2020,9,AUDI,959
2020,9,RENAULT,907
2020,9,MAZDA,895
2020,9,FIAT,853
2020,9,OPEL,741
2020,9,KIA,658
2020,9,PEUGEOT,611
2020,9,TESLA,598
2020,9,DACIA,517
2020,9,SUZUKI,488
2020,9,CITROEN,463
2020,9,TOYOTA,451
2020,9,MITSUBISHI,338
2020,9,NISSAN,297
2020,9,VOLVO,289
2020,9,MINI,236
2020,9,JEEP,234
2020,9,LAND ROVER,223
2020,9,HONDA,157
2020,9,ALFA ROMEO,103
2020,9,PORSCHE,74
2020,9,SUBARU,66
2020,9,CUPRA,38
2020,9,JAGUAR,31
2020,9,SSANG-YONG,30
2020,9,MG,25
2020,9,SMART,16
2020,9,LEXUS,15
2020,9,DS,10
2020,9,FERRARI,9
2020,9,LAMBORGHINI,6
2020,9,ASTON MARTIN,2
2020,9,DODGE,2
2020,9,MASERATI,2
2020,9,MCLAREN,2
2020,9,BENTLEY,1
2020,9,CHEVROLET,1
2020,9,MAN,1
2020,9,MORGAN,1
2020,10,VW,3413
2020,10,SKODA,2602
2020,10,SEAT,1579
2020,10,FORD,1538
2020,10,BMW,1378
2020,10,RENAULT,1279
2020,10,HYUNDAI,1235
2020,10,MERCEDES,1196
2020,10,AUDI,1173
2020,10,OPEL,928
2020,10,FIAT,908
2020,10,PEUGEOT,885
2020,10,MAZDA,866
2020,10,KIA,834
2020,10,DACIA,799
2020,10,TOYOTA,677
2020,10,CITROEN,526
2020,10,SUZUKI,514
2020,10,MINI,282
2020,10,VOLVO,282
2020,10,NISSAN,234
2020,10,JEEP,201
2020,10,MITSUBISHI,195
2020,10,LAND ROVER,174
2020,10,HONDA,133
2020,10,ALFA ROMEO,81
2020,10,PORSCHE,79
2020,10,JAGUAR,70
2020,10,TESLA,39
2020,10,MG,36
2020,10,CUPRA,34
2020,10,DS,27
2020,10,SMART,22
2020,10,SUBARU,19
2020,10,LEXUS,16
2020,10,JAC,8
2020,10,BENTLEY,4
2020,10,FERRARI,2
2020,10,ASTON MARTIN,1
2020,10,LAMBORGHINI,1
2020,10,LOTUS,1
2020,10,MAN,1
2020,10,MCLAREN,1
2020,10,ROLLS ROYCE,1
2020,11,VW,3566
2020,11,BMW,1753
2020,11,SKODA,1711
2020,11,AUDI,1144
2020,11,SEAT,1087
2020,11,RENAULT,1071
2020,11,MERCEDES,955
2020,11,FORD,939
2020,11,HYUNDAI,835
2020,11,OPEL,788
2020,11,PEUGEOT,788
2020,11,FIAT,759
2020,11,DACIA,628
2020,11,KIA,509
2020,11,CITROEN,504
2020,11,MAZDA,497
2020,11,TOYOTA,394
2020,11,VOLVO,299
2020,11,SUZUKI,292
2020,11,MINI,205
2020,11,TESLA,203
2020,11,NISSAN,189
2020,11,LAND ROVER,182
2020,11,MITSUBISHI,140
2020,11,JEEP,119
2020,11,ALFA ROMEO,111
2020,11,HONDA,105
2020,11,PORSCHE,76
2020,11,CUPRA,48
2020,11,JAGUAR,41
2020,11,SMART,24
2020,11,SUBARU,22
2020,11,MG,18
2020,11,DS,17
2020,11,LEXUS,13
2020,11,SSANG-YONG,8
2020,11,BENTLEY,5
2020,11,LAMBORGHINI,4
2020,11,ASTON MARTIN,1
2020,11,FERRARI,1
2020,11,JAC,1
2020,11,LOTUS,1
2020,11,MAN,1
2020,11,MORGAN,1
2020,12,VW,3372
2020,12,HYUNDAI,1777
2020,12,BMW,1668
2020,12,SKODA,1557
2020,12,FORD,1432
2020,12,RENAULT,1276
2020,12,MERCEDES,1171
2020,12,SEAT,1064
2020,12,PEUGEOT,1034
2020,12,FIAT,958
2020,12,AUDI,921
2020,12,OPEL,897
2020,12,DACIA,829
2020,12,TESLA,750
2020,12,CITROEN,678
2020,12,TOYOTA,616
2020,12,MAZDA,556
2020,12,SUZUKI,473
2020,12,KIA,407
2020,12,NISSAN,345
2020,12,ALFA ROMEO,322
2020,12,VOLVO,312
2020,12,MITSUBISHI,267
2020,12,JEEP,218
2020,12,MINI,199
2020,12,HONDA,170
2020,12,LAND ROVER,148
2020,12,JAGUAR,78
2020,12,SMART,69
2020,12,PORSCHE,61
2020,12,SUBARU,38
2020,12,CUPRA,28
2020,12,DS,20
2020,12,LEXUS,12
2020,12,MG,12
2020,12,JAC,11
2020,12,SSANG-YONG,6
2020,12,FERRARI,5
2020,12,MASERATI,5
2020,12,ASTON MARTIN,3
2020,12,MAN,3
2020,12,BENTLEY,2
2020,12,LAMBORGHINI,1
2020,12,MCLAREN,1
2021,1,VW,2809
2021,1,SEAT,1559
2021,1,SKODA,1324
2021,1,BMW,1240
2021,1,AUDI,864
2021,1,MERCEDES,685
2021,1,FORD,625
2021,1,RENAULT,617
2021,1,FIAT,497
2021,1,OPEL,448
2021,1,PEUGEOT,419
2021,1,KIA,326
2021,1,HYUNDAI,317
2021,1,TOYOTA,301
2021,1,VOLVO,274
2021,1,MAZDA,242
2021,1,DACIA,238
2021,1,CITROEN,192
2021,1,SUZUKI,191
2021,1,MINI,122
2021,1,TESLA,112
2021,1,JEEP,105
2021,1,NISSAN,105
2021,1,CUPRA,102
2021,1,MITSUBISHI,91
2021,1,PORSCHE,73
2021,1,LAND ROVER,69
2021,1,JAGUAR,61
2021,1,HONDA,48
2021,1,MG,19
2021,1,SUBARU,17
2021,1,SMART,13
2021,1,ALFA ROMEO,8
2021,1,DS,5
2021,1,LEXUS,5
2021,1,JAC,4
2021,1,ASTON MARTIN,1
2021,1,BENTLEY,1
2021,1,FERRARI,1
2021,1,MCLAREN,1
2021,1,ROLLS ROYCE,1
2021,1,SSANG-YONG,1
2021,2,VW,3132
2021,2,SKODA,2008
2021,2,SEAT,1721
2021,2,FORD,1348
2021,2,BMW,1059
2021,2,MERCEDES,983
2021,2,AUDI,967
2021,2,RENAULT,938
2021,2,OPEL,836
2021,2,FIAT,724
2021,2,PEUGEOT,667
2021,2,DACIA,566
2021,2,KIA,544
2021,2,MAZDA,520
2021,2,HYUNDAI,504
2021,2,SUZUKI,468
2021,2,TOYOTA,437
2021,2,CITROEN,411
2021,2,TESLA,362
2021,2,VOLVO,292
2021,2,MITSUBISHI,193
2021,2,NISSAN,193
2021,2,JEEP,187
2021,2,MINI,159
2021,2,LAND ROVER,148
2021,2,CUPRA,124
2021,2,HONDA,75
2021,2,PORSCHE,74
2021,2,JAGUAR,71
2021,2,ALFA ROMEO,41
2021,2,MG,37
2021,2,SUBARU,17
2021,2,DS,15
2021,2,SMART,14
2021,2,FERRARI,6
2021,2,LEXUS,5
2021,2,SSANG-YONG,5
2021,2,JAC,4
2021,2,LAMBORGHINI,3
2021,2,MASERATI,2
2021,2,BENTLEY,1
2021,2,CATERHAM CARS,1
2021,2,MCLAREN,1
2021,3,VW,4256
2021,3,SKODA,2403
2021,3,SEAT,1894
2021,3,BMW,1528
2021,3,FORD,1518
2021,3,MERCEDES,1355
2021,3,AUDI,1345
2021,3,RENAULT,1331
2021,3,HYUNDAI,1312
2021,3,OPEL,1304
2021,3,FIAT,1256
2021,3,TESLA,1128
2021,3,MAZDA,1076
2021,3,PEUGEOT,981
2021,3,KIA,933
2021,3,SUZUKI,916
2021,3,TOYOTA,819
2021,3,CITROEN,775
2021,3,DACIA,688
2021,3,NISSAN,408
2021,3,MITSUBISHI,378
2021,3,VOLVO,316
2021,3,JEEP,299
2021,3,MINI,252
2021,3,LAND ROVER,187
2021,3,CUPRA,170
2021,3,PORSCHE,156
2021,3,HONDA,138
2021,3,JAGUAR,116
2021,3,MG,73
2021,3,ALFA ROMEO,63
2021,3,SUBARU,43
2021,3,LEXUS,37
2021,3,DS,15
2021,3,FERRARI,14
2021,3,SMART,14
2021,3,LAMBORGHINI,7
2021,3,ASTON MARTIN,5
2021,3,SSANG-YONG,4
2021,3,JAC,3
2021,3,MAN,2
2021,3,MASERATI,2
2021,3,POLESTAR,2
2021,3,BENTLEY,1
2021,3,CADILLAC,1
2021,3,DODGE,1
2021,3,MCLAREN,1
2021,4,VW,3899
2021,4,SKODA,2236
2021,4,SEAT,1701
2021,4,MERCEDES,1482
2021,4,AUDI,1400
2021,4,BMW,1368
2021,4,FORD,1085
2021,4,RENAULT,1030
2021,4,FIAT,899
2021,4,OPEL,781
2021,4,KIA,748
2021,4,PEUGEOT,691
2021,4,HYUNDAI,643
2021,4,MAZDA,637
2021,4,CITROEN,508
2021,4,TOYOTA,475
2021,4,SUZUKI,452
2021,4,DACIA,400
2021,4,MINI,280
2021,4,VOLVO,228
2021,4,LAND ROVER,186
2021,4,JEEP,176
2021,4,NISSAN,174
2021,4,PORSCHE,139
2021,4,JAGUAR,128
2021,4,MITSUBISHI,118
2021,4,CUPRA,109
2021,4,HONDA,97
2021,4,MG,64
2021,4,TESLA,34
2021,4,SUBARU,32
2021,4,ALFA ROMEO,30
2021,4,FERRARI,13
2021,4,SMART,11
2021,4,LEXUS,10
2021,4,DS,8
2021,4,LAMBORGHINI,6
2021,4,MCLAREN,4
2021,4,ASTON MARTIN,3
2021,4,MAN,2
2021,4,SSANG-YONG,2
2021,4,BENTLEY,1
2021,4,CADILLAC,1
2021,4,DFSK,1
2021,4,JAC,1
2021,4,LOTUS,1
2021,4,POLESTAR,1
2021,4,ROLLS ROYCE,1
2021,5,VW,3596
2021,5,SKODA,2248
2021,5,BMW,1561
2021,5,AUDI,1437
2021,5,SEAT,1334
2021,5,RENAULT,1179
2021,5,MERCEDES,1057
2021,5,FORD,1049
2021,5,HYUNDAI,1010
2021,5,PEUGEOT,886
2021,5,FIAT,880
2021,5,KIA,811
2021,5,MAZDA,760
2021,5,OPEL,719
2021,5,TOYOTA,528
2021,5,CITROEN,510
2021,5,SUZUKI,464
2021,5,DACIA,387
2021,5,VOLVO,259
2021,5,MINI,230
2021,5,NISSAN,191
2021,5,MITSUBISHI,186
2021,5,CUPRA,170
2021,5,TESLA,170
2021,5,PORSCHE,145
2021,5,HONDA,135
2021,5,LAND ROVER,130
2021,5,JEEP,128
2021,5,JAGUAR,93
2021,5,MG,64
2021,5,ALFA ROMEO,56
2021,5,SUBARU,42
2021,5,DS,21
2021,5,LEXUS,15
2021,5,FERRARI,11
2021,5,SMART,11
2021,5,ASTON MARTIN,7
2021,5,LAMBORGHINI,5
2021,5,POLESTAR,5
2021,5,MASERATI,4
2021,5,BENTLEY,2
2021,5,CATERHAM CARS,2
2021,5,MAN,2
2021,5,JAC,1
2021,5,MAHINDRA,1
2021,5,SSANG-YONG,1
2021,6,VW,4022
2021,6,SKODA,2358
2021,6,SEAT,1880
2021,6,BMW,1450
2021,6,HYUNDAI,1378
2021,6,AUDI,1352
2021,6,FIAT,1343
2021,6,RENAULT,1341
2021,6,FORD,1330
2021,6,MERCEDES,1195
2021,6,OPEL,854
2021,6,MAZDA,853
2021,6,KIA,818
2021,6,TESLA,806
2021,6,TOYOTA,679
2021,6,PEUGEOT,636
2021,6,DACIA,584
2021,6,CITROEN,570
2021,6,SUZUKI,487
2021,6,MINI,301
2021,6,VOLVO,279
2021,6,MITSUBISHI,233
2021,6,JEEP,232
2021,6,NISSAN,188
2021,6,CUPRA,164
2021,6,PORSCHE,151
2021,6,LAND ROVER,131
2021,6,HONDA,125
2021,6,JAGUAR,77
2021,6,ALFA ROMEO,76
2021,6,MG,54
2021,6,SUBARU,42
2021,6,SMART,19
2021,6,LEXUS,15
2021,6,DS,10
2021,6,FERRARI,10
2021,6,MASERATI,7
2021,6,ASTON MARTIN,5
2021,6,BENTLEY,4
2021,6,LAMBORGHINI,4
2021,6,SSANG-YONG,4
2021,6,MCLAREN,3
2021,6,CADILLAC,2
2021,6,LEVC,1
2021,6,LOTUS,1
2021,6,MAN,1
2021,7,VW,3113
2021,7,SKODA,1659
2021,7,BMW,1415
2021,7,SEAT,1185
2021,7,FORD,1156
2021,7,MERCEDES,1103
2021,7,AUDI,1045
2021,7,HYUNDAI,898
2021,7,DACIA,875
2021,7,RENAULT,765
2021,7,FIAT,759
2021,7,KIA,745
2021,7,OPEL,647
2021,7,MAZDA,631
2021,7,TOYOTA,590
2021,7,PEUGEOT,587
2021,7,SUZUKI,528
2021,7,CITROEN,351
2021,7,VOLVO,321
2021,7,MINI,301
2021,7,NISSAN,253
2021,7,MITSUBISHI,219
2021,7,PORSCHE,124
2021,7,JEEP,119
2021,7,LAND ROVER,114
2021,7,CUPRA,85
2021,7,HONDA,56
2021,7,JAGUAR,50
2021,7,MG,45
2021,7,SUBARU,41
2021,7,ALFA ROMEO,36
2021,7,TESLA,17
2021,7,FERRARI,12
2021,7,SMART,12
2021,7,DS,10
2021,7,LAMBORGHINI,7
2021,7,LEXUS,6
2021,7,POLESTAR,5
2021,7,BENTLEY,3
2021,7,JAC,3
2021,7,MASERATI,3
2021,7,SSANG-YONG,3
2021,7,MCLAREN,2
2021,7,CATERHAM CARS,1
2021,7,MAXUS,1
2021,7,ROLLS ROYCE,1
2021,8,VW,3048
2021,8,SKODA,1318
2021,8,BMW,1107
2021,8,AUDI,1068
2021,8,SEAT,1043
2021,8,FORD,955
2021,8,MERCEDES,945
2021,8,FIAT,748
2021,8,RENAULT,740
2021,8,HYUNDAI,719
2021,8,KIA,640
2021,8,MAZDA,597
2021,8,PEUGEOT,511
2021,8,SUZUKI,510
2021,8,TOYOTA,503
2021,8,DACIA,501
2021,8,OPEL,442
2021,8,TESLA,349
2021,8,CITROEN,313
2021,8,MITSUBISHI,247
2021,8,NISSAN,200
2021,8,JEEP,174
2021,8,VOLVO,159
2021,8,CUPRA,157
2021,8,MINI,153
2021,8,MG,106
2021,8,PORSCHE,95
2021,8,LAND ROVER,94
2021,8,HONDA,55
2021,8,ALFA ROMEO,44
2021,8,SMART,43
2021,8,SUBARU,37
2021,8,JAGUAR,30
2021,8,LEXUS,24
2021,8,FERRARI,13
2021,8,POLESTAR,8
2021,8,ASTON MARTIN,5
2021,8,SSANG-YONG,5
2021,8,DS,4
2021,8,BENTLEY,3
2021,8,LAMBORGHINI,3
2021,8,JAC,1
2021,8,MAN,1
2021,8,MCLAREN,1
2021,9,VW,2396
2021,9,SKODA,1351
2021,9,HYUNDAI,1325
2021,9,BMW,1178
2021,9,FORD,956
2021,9,MERCEDES,841
2021,9,OPEL,817
2021,9,RENAULT,812
2021,9,KIA,792
2021,9,AUDI,787
2021,9,TESLA,757
2021,9,SEAT,679
2021,9,FIAT,649
2021,9,DACIA,589
2021,9,MAZDA,542
2021,9,SUZUKI,503
2021,9,TOYOTA,446
2021,9,PEUGEOT,436
2021,9,CITROEN,424
2021,9,NISSAN,261
2021,9,VOLVO,179
2021,9,JEEP,172
2021,9,CUPRA,144
2021,9,LAND ROVER,141
2021,9,MITSUBISHI,122
2021,9,HONDA,102
2021,9,MG,85
2021,9,MINI,79
2021,9,PORSCHE,76
2021,9,ALFA ROMEO,60
2021,9,SUBARU,45
2021,9,POLESTAR,30
2021,9,JAGUAR,22
2021,9,DS,17
2021,9,LEXUS,11
2021,9,FERRARI,9
2021,9,LAMBORGHINI,8
2021,9,SMART,7
2021,9,JAC,4
2021,9,MASERATI,4
2021,9,MAN,2
2021,9,ASTON MARTIN,1
2021,9,BENTLEY,1
2021,9,KTM,1
2021,9,SSANG-YONG,1
2021,10,VW,1684
2021,10,SKODA,1077
2021,10,HYUNDAI,1003
2021,10,BMW,998
2021,10,MERCEDES,978
2021,10,FORD,844
2021,10,AUDI,714
2021,10,KIA,712
2021,10,FIAT,711
2021,10,RENAULT,668
2021,10,OPEL,639
2021,10,PEUGEOT,544
2021,10,MAZDA,528
2021,10,TOYOTA,513
2021,10,SUZUKI,480
2021,10,SEAT,448
2021,10,DACIA,441
2021,10,CITROEN,288
2021,10,VOLVO,233
2021,10,NISSAN,150
2021,10,MINI,142
2021,10,JEEP,124
2021,10,LAND ROVER,124
2021,10,PORSCHE,111
2021,10,CUPRA,108
2021,10,MITSUBISHI,89
2021,10,HONDA,82
2021,10,MG,63
2021,10,JAGUAR,50
2021,10,SUBARU,45
2021,10,TESLA,41
2021,10,ALFA ROMEO,29
2021,10,DS,20
2021,10,FERRARI,19
2021,10,POLESTAR,18
2021,10,LEXUS,13
2021,10,SMART,6
2021,10,LAMBORGHINI,5
2021,10,ASTON MARTIN,4
2021,10,SSANG-YONG,2
2021,10,BENTLEY,1
2021,10,BUGATTI,1
2021,10,CHRYSLER,1
2021,10,LOTUS,1
2021,10,MAN,1
2021,10,MASERATI,1
2021,10,RAM,1
2021,11,SKODA,2106
2021,11,VW,1963
2021,11,BMW,1456
2021,11,HYUNDAI,1164
2021,11,MERCEDES,963
2021,11,SEAT,934
2021,11,RENAULT,837
2021,11,AUDI,827
2021,11,FIAT,706
2021,11,FORD,663
2021,11,DACIA,638
2021,11,TOYOTA,553
2021,11,KIA,548
2021,11,PEUGEOT,508
2021,11,TESLA,468
2021,11,OPEL,436
2021,11,SUZUKI,405
2021,11,CUPRA,394
2021,11,MAZDA,392
2021,11,CITROEN,310
2021,11,VOLVO,272
2021,11,MINI,211
2021,11,NISSAN,150
2021,11,JEEP,122
2021,11,PORSCHE,85
2021,11,MG,73
2021,11,MITSUBISHI,66
2021,11,HONDA,60
2021,11,LAND ROVER,56
2021,11,JAGUAR,34
2021,11,ALFA ROMEO,32
2021,11,SUBARU,25
2021,11,POLESTAR,22
2021,11,DS,12
2021,11,LEXUS,8
2021,11,SMART,7
2021,11,FERRARI,4
2021,11,BENTLEY,2
2021,11,MAN,2
2021,11,SSANG-YONG,2
2021,11,CHEVROLET,1
2021,11,LAMBORGHINI,1
2021,11,SKYWELL,1
2021,12,VW,2048
2021,12,SKODA,1720
2021,12,HYUNDAI,1663
2021,12,BMW,1270
2021,12,RENAULT,981
2021,12,MERCEDES,976
2021,12,PEUGEOT,801
2021,12,SEAT,760
2021,12,DACIA,747
2021,12,FIAT,659
2021,12,KIA,649
2021,12,AUDI,618
2021,12,FORD,580
2021,12,OPEL,475
2021,12,TESLA,456
2021,12,TOYOTA,450
2021,12,MAZDA,398
2021,12,CITROEN,386
2021,12,MINI,344
2021,12,SUZUKI,267
2021,12,CUPRA,256
2021,12,VOLVO,249
2021,12,JEEP,174
2021,12,NISSAN,139
2021,12,PORSCHE,92
2021,12,MITSUBISHI,87
2021,12,LAND ROVER,80
2021,12,ALFA ROMEO,61
2021,12,HONDA,60
2021,12,MG,36
2021,12,POLESTAR,34
2021,12,SUBARU,32
2021,12,DS,25
2021,12,JAGUAR,22
2021,12,LEXUS,16
2021,12,SMART,13
2021,12,SSANG-YONG,9
2021,12,MAN,4
2021,12,CHRYSLER,3
2021,12,MASERATI,3
2021,12,BENTLEY,2
2021,12,SKYWELL,2
2021,12,DODGE,1
2022,1,VW,2704
2022,1,SKODA,1610
2022,1,AUDI,1251
2022,1,BMW,983
2022,1,MERCEDES,794
2022,1,FORD,782
2022,1,TOYOTA,707
2022,1,PEUGEOT,689
2022,1,DACIA,667
2022,1,KIA,577
2022,1,SEAT,564
2022,1,RENAULT,552
2022,1,HYUNDAI,494
2022,1,CUPRA,381
2022,1,FIAT,351
2022,1,VOLVO,321
2022,1,OPEL,318
2022,1,MAZDA,311
2022,1,SUZUKI,245
2022,1,CITROEN,222
2022,1,MINI,167
2022,1,PORSCHE,164
2022,1,NISSAN,161
2022,1,JEEP,103
2022,1,MITSUBISHI,94
2022,1,LAND ROVER,85
2022,1,HONDA,70
2022,1,MG,67
2022,1,SUBARU,34
2022,1,TESLA,28
2022,1,ALFA ROMEO,25
2022,1,JAGUAR,25
2022,1,POLESTAR,20
2022,1,LEXUS,18
2022,1,DS,11
2022,1,ASTON MARTIN,6
2022,1,SMART,6
2022,1,BENTLEY,4
2022,1,FERRARI,2
2022,1,LAMBORGHINI,2
2022,1,CHEVROLET,1
2022,1,MAN,1
2022,1,MASERATI,1
2022,1,SSANG-YONG,1
2022,2,VW,1691
2022,2,SKODA,1631
2022,2,AUDI,1123
2022,2,BMW,1116
2022,2,SEAT,1024
2022,2,FORD,747
2022,2,MERCEDES,738
2022,2,KIA,731
2022,2,TOYOTA,707
2022,2,RENAULT,664
2022,2,PEUGEOT,646
2022,2,MAZDA,548
2022,2,HYUNDAI,507
2022,2,SUZUKI,455
2022,2,OPEL,447
2022,2,TESLA,435
2022,2,FIAT,395
2022,2,CITROEN,365
2022,2,DACIA,365
2022,2,CUPRA,325
2022,2,VOLVO,235
2022,2,NISSAN,212
2022,2,MINI,202
2022,2,JEEP,158
2022,2,MITSUBISHI,138
2022,2,HONDA,94
2022,2,MG,78
2022,2,LAND ROVER,73
2022,2,PORSCHE,70
2022,2,SUBARU,35
2022,2,POLESTAR,33
2022,2,ALFA ROMEO,32
2022,2,JAGUAR,24
2022,2,LEXUS,23
2022,2,DS,9
2022,2,SMART,9
2022,2,FERRARI,8
2022,2,ASTON MARTIN,2
2022,2,MASERATI,2
2022,2,BENTLEY,1
2022,2,CATERHAM CARS,1
2022,2,KTM,1
2022,2,LAMBORGHINI,1
2022,2,SKYWELL,1
2022,2,SSANG-YONG,1
2022,3,VW,2570
2022,3,SKODA,1549
2022,3,BMW,1494
2022,3,AUDI,1289
2022,3,MERCEDES,1241
2022,3,FORD,1049
2022,3,SEAT,1005
2022,3,RENAULT,972
2022,3,MAZDA,971
2022,3,TESLA,970
2022,3,KIA,865
2022,3,TOYOTA,843
2022,3,HYUNDAI,813
2022,3,PEUGEOT,719
2022,3,OPEL,701
2022,3,DACIA,521
2022,3,CUPRA,432
2022,3,CITROEN,396
2022,3,FIAT,333
2022,3,SUZUKI,317
2022,3,VOLVO,276
2022,3,MITSUBISHI,203
2022,3,MINI,179
2022,3,HONDA,153
2022,3,PORSCHE,150
2022,3,JEEP,148
2022,3,NISSAN,101
2022,3,LAND ROVER,88
2022,3,MG,72
2022,3,ALFA ROMEO,42
2022,3,JAGUAR,40
2022,3,SUBARU,32
2022,3,POLESTAR,28
2022,3,LEXUS,25
2022,3,DS,16
2022,3,SMART,13
2022,3,FERRARI,11
2022,3,LOTUS,5
2022,3,BENTLEY,4
2022,3,CHRYSLER,4
2022,3,ASTON MARTIN,3
2022,3,JAC,2
2022,3,MASERATI,2
2022,3,SKYWELL,2
2022,3,SSANG-YONG,2
2022,3,CHEVROLET,1
2022,3,KTM,1
2022,4,VW,2204
2022,4,BMW,1500
2022,4,SKODA,1389
2022,4,AUDI,1228
2022,4,MERCEDES,1018
2022,4,FORD,948
2022,4,SEAT,865
2022,4,KIA,839
2022,4,TOYOTA,778
2022,4,RENAULT,776
2022,4,HYUNDAI,733
2022,4,MAZDA,460
2022,4,CUPRA,454
2022,4,DACIA,435
2022,4,OPEL,380
2022,4,PEUGEOT,278
2022,4,SUZUKI,219
2022,4,VOLVO,213
2022,4,FIAT,195
2022,4,MITSUBISHI,183
2022,4,CITROEN,178
2022,4,MINI,139
2022,4,HONDA,132
2022,4,JEEP,117
2022,4,PORSCHE,114
2022,4,LAND ROVER,100
2022,4,NISSAN,86
2022,4,MG,71
2022,4,TESLA,65
2022,4,JAGUAR,49
2022,4,ALFA ROMEO,47
2022,4,POLESTAR,47
2022,4,SUBARU,29
2022,4,FERRARI,25
2022,4,LEXUS,19
2022,4,DS,14
2022,4,SMART,10
2022,4,LAMBORGHINI,7
2022,4,ASTON MARTIN,6
2022,4,MASERATI,3
2022,4,BENTLEY,2
2022,4,JAC,2
2022,4,KTM,2
2022,4,CHRYSLER,1
2022,4,LANCIA,1
2022,4,LOTUS,1
2022,4,MAN,1
2022,4,SSANG-YONG,1
2022,5,VW,2309
2022,5,SKODA,1508
2022,5,BMW,1263
2022,5,SEAT,1156
2022,5,AUDI,1106
2022,5,FORD,1055
2022,5,HYUNDAI,989
2022,5,MERCEDES,885
2022,5,TOYOTA,807
2022,5,KIA,788
2022,5,RENAULT,625
2022,5,CUPRA,611
2022,5,MAZDA,439
2022,5,PEUGEOT,433
2022,5,OPEL,399
2022,5,DACIA,361
2022,5,FIAT,327
2022,5,SUZUKI,245
2022,5,VOLVO,237
2022,5,NISSAN,224
2022,5,CITROEN,193
2022,5,MITSUBISHI,168
2022,5,MINI,165
2022,5,HONDA,117
2022,5,PORSCHE,111
2022,5,JEEP,106
2022,5,LAND ROVER,85
2022,5,POLESTAR,82
2022,5,MG,81
2022,5,ALFA ROMEO,46
2022,5,SUBARU,37
2022,5,DS,33
2022,5,LEXUS,30
2022,5,TESLA,30
2022,5,JAGUAR,18
2022,5,SMART,9
2022,5,FERRARI,8
2022,5,LAMBORGHINI,5
2022,5,BENTLEY,4
2022,5,ASTON MARTIN,3
2022,5,JAC,2
2022,5,SSANG-YONG,2
2022,5,CHEVROLET,1
2022,5,CHRYSLER,1
2022,5,KTM,1
2022,5,MASERATI,1
2022,5,NILSSON,1
2022,6,VW,3689
2022,6,SKODA,1811
2022,6,HYUNDAI,1700
2022,6,BMW,1309
2022,6,SEAT,1231
2022,6,AUDI,1099
2022,6,FORD,1042
2022,6,DACIA,960
2022,6,MERCEDES,955
2022,6,KIA,895
2022,6,PEUGEOT,874
2022,6,TESLA,838
2022,6,RENAULT,801
2022,6,OPEL,780
2022,6,TOYOTA,754
2022,6,CUPRA,583
2022,6,FIAT,571
2022,6,CITROEN,434
2022,6,MAZDA,405
2022,6,SUZUKI,303
2022,6,MINI,239
2022,6,MITSUBISHI,230
2022,6,NISSAN,181
2022,6,VOLVO,163
2022,6,JEEP,150
2022,6,PORSCHE,128
2022,6,LAND ROVER,114
2022,6,HONDA,110
2022,6,ALFA ROMEO,90
2022,6,POLESTAR,89
2022,6,MG,56
2022,6,DS,49
2022,6,JAGUAR,39
2022,6,LEXUS,31
2022,6,SUBARU,14
2022,6,FERRARI,12
2022,6,LAMBORGHINI,9
2022,6,BENTLEY,5
2022,6,SMART,5
2022,6,ASTON MARTIN,2
2022,6,CHEVROLET,2
2022,6,CHRYSLER,2
2022,6,CADILLAC,1
2022,6,DALLARA,1
2022,6,JAC,1
2022,6,MAN,1
2022,6,MASERATI,1
2022,6,MORGAN,1
2022,7,VW,2252
2022,7,SKODA,1693
2022,7,DACIA,1052
2022,7,MERCEDES,994
2022,7,BMW,929
2022,7,AUDI,905
2022,7,FORD,902
2022,7,PEUGEOT,824
2022,7,SEAT,706
2022,7,CITROEN,565
2022,7,TOYOTA,534
2022,7,KIA,510
2022,7,FIAT,471
2022,7,OPEL,469
2022,7,HYUNDAI,455
2022,7,CUPRA,440
2022,7,RENAULT,314
2022,7,MAZDA,283
2022,7,SUZUKI,251
2022,7,MINI,244
2022,7,VOLVO,234
2022,7,NISSAN,147
2022,7,PORSCHE,142
2022,7,JEEP,135
2022,7,MG,116
2022,7,LAND ROVER,88
2022,7,ALFA ROMEO,87
2022,7,HONDA,51
2022,7,TESLA,49
2022,7,MITSUBISHI,45
2022,7,JAGUAR,36
2022,7,POLESTAR,36
2022,7,SUBARU,28
2022,7,DS,15
2022,7,LEXUS,10
2022,7,KTM,9
2022,7,FERRARI,7
2022,7,MASERATI,6
2022,7,ASTON MARTIN,4
2022,7,BENTLEY,4
2022,7,SMART,4
2022,7,SSANG-YONG,3
2022,7,LAMBORGHINI,2
2022,7,CATERHAM CARS,1
2022,7,LOTUS,1
2022,7,MCLAREN,1
2022,8,VW,3154
2022,8,SKODA,1408
2022,8,BMW,1320
2022,8,AUDI,1018
2022,8,MERCEDES,980
2022,8,HYUNDAI,974
2022,8,DACIA,916
2022,8,FORD,890
2022,8,TOYOTA,741
2022,8,KIA,721
2022,8,SEAT,646
2022,8,FIAT,605
2022,8,PEUGEOT,536
2022,8,CITROEN,509
2022,8,CUPRA,438
2022,8,MAZDA,363
2022,8,OPEL,344
2022,8,RENAULT,332
2022,8,SUZUKI,323
2022,8,TESLA,311
2022,8,MINI,205
2022,8,VOLVO,164
2022,8,NISSAN,137
2022,8,MITSUBISHI,111
2022,8,ALFA ROMEO,109
2022,8,LAND ROVER,105
2022,8,PORSCHE,88
2022,8,JEEP,83
2022,8,HONDA,61
2022,8,MG,55
2022,8,POLESTAR,51
2022,8,SUBARU,32
2022,8,JAGUAR,29
2022,8,DS,16
2022,8,LEXUS,11
2022,8,FERRARI,7
2022,8,MASERATI,6
2022,8,CHRYSLER,3
2022,8,ASTON MARTIN,2
2022,8,JAC,2
2022,8,LEVC,2
2022,8,MCLAREN,2
2022,8,SSANG-YONG,2
2022,8,BENTLEY,1
2022,8,CATERHAM CARS,1
2022,9,VW,3026
2022,9,SKODA,1878
2022,9,BMW,1516
2022,9,TESLA,1473
2022,9,HYUNDAI,1298
2022,9,MERCEDES,1152
2022,9,FORD,1130
2022,9,KIA,813
2022,9,SEAT,812
2022,9,AUDI,777
2022,9,TOYOTA,735
2022,9,CUPRA,716
2022,9,RENAULT,686
2022,9,DACIA,681
2022,9,PEUGEOT,609
2022,9,MAZDA,607
2022,9,OPEL,458
2022,9,FIAT,381
2022,9,CITROEN,287
2022,9,MITSUBISHI,279
2022,9,SUZUKI,258
2022,9,VOLVO,178
2022,9,NISSAN,175
2022,9,MINI,168
2022,9,HONDA,99
2022,9,PORSCHE,99
2022,9,ALFA ROMEO,94
2022,9,JEEP,69
2022,9,MG,66
2022,9,LAND ROVER,49
2022,9,POLESTAR,48
2022,9,JAGUAR,35
2022,9,DS,25
2022,9,SUBARU,18
2022,9,LEXUS,16
2022,9,KTM,4
2022,9,MASERATI,4
2022,9,CHRYSLER,3
2022,9,FERRARI,3
2022,9,ASTON MARTIN,2
2022,9,CATERHAM CARS,2
2022,9,DALLARA,1
2022,9,LAMBORGHINI,1
2022,9,LOTUS,1
2022,9,MAN,1
2022,9,MORGAN,1
2022,9,SMART,1
2022,10,VW,2583
2022,10,SKODA,1605
2022,10,BMW,1366
2022,10,MERCEDES,1057
2022,10,HYUNDAI,915
2022,10,FORD,886
2022,10,SEAT,871
2022,10,AUDI,759
2022,10,KIA,659
2022,10,TOYOTA,656
2022,10,RENAULT,621
2022,10,DACIA,543
2022,10,MAZDA,465
2022,10,FIAT,331
2022,10,CUPRA,324
2022,10,PEUGEOT,298
2022,10,VOLVO,296
2022,10,OPEL,270
2022,10,CITROEN,196
2022,10,MINI,159
2022,10,MITSUBISHI,156
2022,10,SUZUKI,156
2022,10,NISSAN,150
2022,10,MG,116
2022,10,PORSCHE,103
2022,10,ALFA ROMEO,89
2022,10,JEEP,87
2022,10,HONDA,85
2022,10,TESLA,57
2022,10,LAND ROVER,53
2022,10,POLESTAR,48
2022,10,JAGUAR,23
2022,10,SUBARU,19
2022,10,DS,15
2022,10,LEXUS,13
2022,10,SMART,7
2022,10,FERRARI,6
2022,10,BENTLEY,4
2022,10,SKYWELL,4
2022,10,ASTON MARTIN,2
2022,10,CHRYSLER,2
2022,10,LAMBORGHINI,2
2022,10,MASERATI,2
2022,10,MAN,1
2022,10,MORGAN,1
2022,11,VW,2812
2022,11,BMW,1709
2022,11,SKODA,1306
2022,11,TOYOTA,979
2022,11,SEAT,919
2022,11,HYUNDAI,873
2022,11,FORD,865
2022,11,AUDI,829
2022,11,MERCEDES,810
2022,11,RENAULT,769
2022,11,PEUGEOT,688
2022,11,KIA,652
2022,11,DACIA,553
2022,11,OPEL,525
2022,11,TESLA,506
2022,11,FIAT,393
2022,11,CITROEN,392
2022,11,MAZDA,386
2022,11,CUPRA,347
2022,11,VOLVO,315
2022,11,MG,215
2022,11,SUZUKI,209
2022,11,NISSAN,195
2022,11,MINI,164
2022,11,MITSUBISHI,141
2022,11,ALFA ROMEO,135
2022,11,PORSCHE,96
2022,11,HONDA,93
2022,11,JEEP,81
2022,11,POLESTAR,71
2022,11,LAND ROVER,54
2022,11,JAGUAR,22
2022,11,SUBARU,19
2022,11,DS,16
2022,11,LEXUS,9
2022,11,MASERATI,5
2022,11,FERRARI,4
2022,11,SMART,4
2022,11,LAMBORGHINI,3
2022,11,BENTLEY,2
2022,11,CHEVROLET,2
2022,11,DFSK,2
2022,11,ACHLEITNER,1
2022,11,ASTON MARTIN,1
2022,11,BAIC,1
2022,11,CADILLAC,1
2022,11,CHRYSLER,1
2022,11,KTM,1
2022,11,LOTUS,1
2022,11,MCLAREN,1
2022,12,VW,2957
2022,12,BMW,1811
2022,12,HYUNDAI,1343
2022,12,SKODA,1337
2022,12,MERCEDES,891
2022,12,TOYOTA,883
2022,12,AUDI,824
2022,12,FORD,694
2022,12,KIA,662
2022,12,TESLA,648
2022,12,RENAULT,641
2022,12,DACIA,624
2022,12,SEAT,607
2022,12,MAZDA,494
2022,12,PEUGEOT,429
2022,12,SUZUKI,290
2022,12,CITROEN,281
2022,12,FIAT,273
2022,12,MG,271
2022,12,CUPRA,247
2022,12,VOLVO,238
2022,12,OPEL,181
2022,12,MINI,171
2022,12,NISSAN,167
2022,12,ALFA ROMEO,147
2022,12,MITSUBISHI,112
2022,12,PORSCHE,79
2022,12,LAND ROVER,56
2022,12,HONDA,53
2022,12,JEEP,45
2022,12,POLESTAR,33
2022,12,JAGUAR,27
2022,12,DS,21
2022,12,LEXUS,18
2022,12,SUBARU,12
2022,12,DFSK,6
2022,12,MASERATI,6
2022,12,BENTLEY,4
2022,12,FERRARI,4
2022,12,LAMBORGHINI,4
2022,12,BAIC,3
2022,12,SMART,3
2022,12,CHEVROLET,2
2022,12,ASTON MARTIN,1
2022,12,CHRYSLER,1
2022,12,MCLAREN,1
2023,1,VW,3139
2023,1,SKODA,2012
2023,1,SEAT,1742
2023,1,BMW,1251
2023,1,AUDI,1249
2023,1,MERCEDES,980
2023,1,TOYOTA,881
2023,1,FORD,722
2023,1,DACIA,645
2023,1,KIA,604
2023,1,RENAULT,599
2023,1,CUPRA,538
2023,1,PEUGEOT,474
2023,1,HYUNDAI,430
2023,1,MAZDA,412
2023,1,TESLA,373
2023,1,OPEL,366
2023,1,CITROEN,316
2023,1,SUZUKI,303
2023,1,VOLVO,276
2023,1,FIAT,255
2023,1,MG,216
2023,1,NISSAN,181
2023,1,ALFA ROMEO,143
2023,1,PORSCHE,134
2023,1,MITSUBISHI,122
2023,1,MINI,117
2023,1,LAND ROVER,79
2023,1,JEEP,67
2023,1,POLESTAR,52
2023,1,HONDA,39
2023,1,JAGUAR,27
2023,1,SUBARU,26
2023,1,DS,23
2023,1,LEXUS,19
2023,1,BYD,13
2023,1,MASERATI,6
2023,1,FERRARI,4
2023,1,ASTON MARTIN,3
2023,1,SMART,3
2023,1,DFSK,2
2023,1,LAMBORGHINI,2
2023,1,MAN,2
2023,1,BENTLEY,1
2023,1,CHEVROLET,1
2023,1,CHRYSLER,1
2023,2,VW,2466
2023,2,SKODA,1666
2023,2,AUDI,1195
2023,2,BMW,1132
2023,2,MERCEDES,1071
2023,2,DACIA,909
2023,2,TESLA,853
2023,2,SEAT,845
2023,2,FORD,781
2023,2,TOYOTA,773
2023,2,RENAULT,744
2023,2,KIA,665
2023,2,HYUNDAI,492
2023,2,CUPRA,485
2023,2,MAZDA,453
2023,2,OPEL,448
2023,2,FIAT,418
2023,2,CITROEN,355
2023,2,PEUGEOT,348
2023,2,SUZUKI,301
2023,2,VOLVO,299
2023,2,NISSAN,174
2023,2,MG,166
2023,2,MITSUBISHI,159
2023,2,MINI,154
2023,2,ALFA ROMEO,106
2023,2,PORSCHE,90
2023,2,LAND ROVER,67
2023,2,HONDA,59
2023,2,JEEP,59
2023,2,POLESTAR,35
2023,2,SUBARU,31
2023,2,JAGUAR,26
2023,2,DS,22
2023,2,BYD,17
2023,2,LEXUS,11
2023,2,SMART,5
2023,2,FERRARI,3
2023,2,BENTLEY,2
2023,2,CHRYSLER,2
2023,2,LAMBORGHINI,2
2023,2,MAN,2
2023,2,SSANG-YONG,2
2023,2,CATERHAM CARS,1
2023,2,KTM,1
2023,3,VW,3504
2023,3,SKODA,2692
2023,3,AUDI,1769
2023,3,BMW,1703
2023,3,TESLA,1487
2023,3,MERCEDES,1478
2023,3,FORD,1251
2023,3,SEAT,1226
2023,3,DACIA,1088
2023,3,RENAULT,1017
2023,3,HYUNDAI,993
2023,3,TOYOTA,941
2023,3,KIA,905
2023,3,MAZDA,793
2023,3,CUPRA,694
2023,3,OPEL,637
2023,3,PEUGEOT,594
2023,3,CITROEN,454
2023,3,FIAT,433
2023,3,SUZUKI,361
2023,3,VOLVO,322
2023,3,MG,297
2023,3,MINI,269
2023,3,PORSCHE,239
2023,3,LAND ROVER,190
2023,3,NISSAN,182
2023,3,ALFA ROMEO,164
2023,3,MITSUBISHI,149
2023,3,HONDA,116
2023,3,JEEP,72
2023,3,BYD,46
2023,3,JAGUAR,45
2023,3,FERRARI,35
2023,3,LEXUS,34
2023,3,POLESTAR,30
2023,3,SUBARU,27
2023,3,DS,21
2023,3,ASTON MARTIN,8
2023,3,MCLAREN,8
2023,3,MASERATI,7
2023,3,SMART,5
2023,3,BENTLEY,4
2023,3,CHRYSLER,4
2023,3,LAMBORGHINI,4
2023,3,CHEVROLET,3
2023,3,LOTUS,2
2023,3,DALLARA,1
2023,3,DFSK,1
2023,3,HONG QI,1
2023,3,SSANG-YONG,1
2023,4,VW,2779
2023,4,SKODA,1650
2023,4,BMW,1363
2023,4,AUDI,1228
2023,4,FORD,915
2023,4,HYUNDAI,852
2023,4,MERCEDES,852
2023,4,KIA,843
2023,4,SEAT,827
2023,4,TOYOTA,753
2023,4,DACIA,712
2023,4,RENAULT,680
2023,4,CUPRA,583
2023,4,MAZDA,578
2023,4,PEUGEOT,424
2023,4,TESLA,410
2023,4,CITROEN,361
2023,4,SUZUKI,349
2023,4,OPEL,308
2023,4,FIAT,301
2023,4,MG,216
2023,4,VOLVO,205
2023,4,MITSUBISHI,195
2023,4,NISSAN,194
2023,4,PORSCHE,164
2023,4,MINI,135
2023,4,ALFA ROMEO,106
2023,4,BYD,92
2023,4,LAND ROVER,88
2023,4,JEEP,85
2023,4,POLESTAR,75
2023,4,LEXUS,36
2023,4,HONDA,33
2023,4,SUBARU,33
2023,4,JAGUAR,26
2023,4,DS,17
2023,4,FERRARI,8
2023,4,SMART,6
2023,4,MCLAREN,5
2023,4,ASTON MARTIN,3
2023,4,MASERATI,3
2023,4,BAIC,2
2023,4,BENTLEY,2
2023,4,CHEVROLET,2
2023,4,LAMBORGHINI,2
2023,4,SKYWELL,2
2023,4,KTM,1
2023,5,VW,3107
2023,5,SKODA,2088
2023,5,BMW,1650
2023,5,AUDI,1491
2023,5,SEAT,1185
2023,5,TOYOTA,939
2023,5,TESLA,848
2023,5,MERCEDES,842
2023,5,KIA,818
2023,5,CUPRA,793
2023,5,RENAULT,761
2023,5,FORD,753
2023,5,DACIA,651
2023,5,HYUNDAI,582
2023,5,OPEL,545
2023,5,MAZDA,448
2023,5,PEUGEOT,371
2023,5,SUZUKI,324
2023,5,FIAT,296
2023,5,CITROEN,277
2023,5,MITSUBISHI,254
2023,5,MG,249
2023,5,VOLVO,216
2023,5,MINI,213
2023,5,NISSAN,166
2023,5,PORSCHE,146
2023,5,LAND ROVER,94
2023,5,POLESTAR,78
2023,5,JEEP,71
2023,5,ALFA ROMEO,66
2023,5,BYD,60
2023,5,HONDA,57
2023,5,SUBARU,47
2023,5,JAGUAR,40
2023,5,DS,21
2023,5,LEXUS,18
2023,5,MASERATI,9
2023,5,FERRARI,8
2023,5,INEOS,8
2023,5,ASTON MARTIN,5
2023,5,BENTLEY,5
2023,5,MCLAREN,4
2023,5,CHEVROLET,3
2023,5,DFSK,3
2023,5,LAMBORGHINI,3
2023,5,SKYWELL,3
2023,5,SMART,3
2023,5,KTM,1
2023,5,LOTUS,1
2023,5,MAN,1
2023,5,SSANG-YONG,1
2023,6,VW,3642
2023,6,SKODA,2320
2023,6,AUDI,1823
2023,6,BMW,1507
2023,6,HYUNDAI,1379
2023,6,SEAT,1288
2023,6,MERCEDES,1068
2023,6,RENAULT,995
2023,6,KIA,993
2023,6,TOYOTA,949
2023,6,TESLA,924
2023,6,OPEL,767
2023,6,MAZDA,762
2023,6,DACIA,745
2023,6,FORD,723
2023,6,CUPRA,682
2023,6,PEUGEOT,568
2023,6,CITROEN,521
2023,6,FIAT,514
2023,6,SUZUKI,382
2023,6,NISSAN,280
2023,6,VOLVO,239
2023,6,MITSUBISHI,237
2023,6,MG,203
2023,6,PORSCHE,165
2023,6,MINI,161
2023,6,JEEP,112
2023,6,LAND ROVER,92
2023,6,POLESTAR,89
2023,6,BYD,84
2023,6,ALFA ROMEO,66
2023,6,HONDA,50
2023,6,JAGUAR,41
2023,6,SUBARU,37
2023,6,DS,26
2023,6,LEXUS,24
2023,6,FERRARI,13
2023,6,SMART,8
2023,6,MCLAREN,6
2023,6,FISKER,5
2023,6,MASERATI,4
2023,6,BENTLEY,3
2023,6,CHRYSLER,3
2023,6,ASTON MARTIN,2
2023,6,CHEVROLET,2
2023,6,LAMBORGHINI,2
2023,6,INEOS,1
2023,6,LOTUS,1
2023,6,MAN,1
2023,6,SKYWELL,1
2023,6,SSANG-YONG,1
2023,7,VW,2248
2023,7,SKODA,1844
2023,7,BMW,1338
2023,7,AUDI,1218
2023,7,SEAT,1086
2023,7,MERCEDES,1005
2023,7,TOYOTA,770
2023,7,CUPRA,666
2023,7,DACIA,664
2023,7,KIA,644
2023,7,RENAULT,608
2023,7,HYUNDAI,561
2023,7,PEUGEOT,552
2023,7,FORD,522
2023,7,OPEL,420
2023,7,MAZDA,409
2023,7,TESLA,366
2023,7,SUZUKI,364
2023,7,FIAT,266
2023,7,MG,256
2023,7,NISSAN,232
2023,7,CITROEN,205
2023,7,VOLVO,203
2023,7,MINI,175
2023,7,MITSUBISHI,173
2023,7,PORSCHE,137
2023,7,LAND ROVER,116
2023,7,JEEP,94
2023,7,HONDA,82
2023,7,POLESTAR,81
2023,7,ALFA ROMEO,55
2023,7,BYD,52
2023,7,JAGUAR,40
2023,7,SUBARU,25
2023,7,LEXUS,20
2023,7,FISKER,18
2023,7,SMART,16
2023,7,DS,13
2023,7,FERRARI,6
2023,7,MCLAREN,3
2023,7,BAIC,2
2023,7,CHEVROLET,2
2023,7,SSANG-YONG,2
2023,7,ASTON MARTIN,1
2023,7,BENTLEY,1
2023,7,INEOS,1
2023,7,LAMBORGHINI,1
2023,7,LOTUS,1
2023,7,MASERATI,1
2023,7,MORGAN,1
2023,8,VW,2876
2023,8,SKODA,1875
2023,8,BMW,1587
2023,8,AUDI,1033
2023,8,MERCEDES,946
2023,8,TESLA,880
2023,8,SEAT,830
2023,8,HYUNDAI,804
2023,8,TOYOTA,800
2023,8,DACIA,780
2023,8,CUPRA,603
2023,8,KIA,578
2023,8,FORD,570
2023,8,RENAULT,511
2023,8,MAZDA,510
2023,8,SUZUKI,361
2023,8,FIAT,359
2023,8,VOLVO,296
2023,8,OPEL,288
2023,8,PEUGEOT,266
2023,8,CITROEN,258
2023,8,NISSAN,221
2023,8,MINI,210
2023,8,JEEP,188
2023,8,MG,178
2023,8,MITSUBISHI,153
2023,8,ALFA ROMEO,128
2023,8,PORSCHE,108
2023,8,HONDA,105
2023,8,LAND ROVER,103
2023,8,BYD,95
2023,8,POLESTAR,89
2023,8,FISKER,42
2023,8,DS,39
2023,8,LEXUS,31
2023,8,JAGUAR,23
2023,8,SUBARU,18
2023,8,FERRARI,10
2023,8,SMART,8
2023,8,ASTON MARTIN,5
2023,8,INEOS,5
2023,8,MASERATI,4
2023,8,BENTLEY,3
2023,8,CHEVROLET,3
2023,8,FORTHING,2
2023,8,KTM,2
2023,8,BAIC,1
2023,8,CHRYSLER,1
2023,8,LAMBORGHINI,1
2023,8,MAN,1
2023,8,NIO,1
2023,8,SSANG-YONG,1
2023,9,VW,2364
2023,9,SKODA,1991
2023,9,AUDI,1388
2023,9,BMW,1344
2023,9,HYUNDAI,1177
2023,9,MERCEDES,1023
2023,9,KIA,927
2023,9,DACIA,866
2023,9,CUPRA,848
2023,9,RENAULT,805
2023,9,TOYOTA,791
2023,9,SEAT,771
2023,9,FORD,676
2023,9,MAZDA,668
2023,9,TESLA,598
2023,9,OPEL,550
2023,9,SUZUKI,456
2023,9,PEUGEOT,377
2023,9,VOLVO,265
2023,9,FIAT,249
2023,9,CITROEN,190
2023,9,JEEP,173
2023,9,MITSUBISHI,165
2023,9,MG,152
2023,9,NISSAN,152
2023,9,HONDA,142
2023,9,MINI,142
2023,9,BYD,139
2023,9,LAND ROVER,80
2023,9,PORSCHE,73
2023,9,DS,54
2023,9,FISKER,53
2023,9,POLESTAR,47
2023,9,ALFA ROMEO,39
2023,9,LEXUS,21
2023,9,JAGUAR,20
2023,9,FERRARI,11
2023,9,INEOS,11
2023,9,SMART,11
2023,9,SUBARU,10
2023,9,BENTLEY,5
2023,9,LAMBORGHINI,4
2023,9,ASTON MARTIN,3
2023,9,CHEVROLET,3
2023,9,MAN,2
2023,9,MASERATI,2
2023,9,CATERHAM CARS,1
2023,9,SERES,1
2023,10,VW,2444
2023,10,SKODA,1878
2023,10,BMW,1642
2023,10,AUDI,1398
2023,10,MERCEDES,1124
2023,10,DACIA,931
2023,10,HYUNDAI,878
2023,10,TOYOTA,820
2023,10,KIA,810
2023,10,CUPRA,681
2023,10,SEAT,660
2023,10,RENAULT,652
2023,10,FORD,584
2023,10,MAZDA,565
2023,10,OPEL,438
2023,10,TESLA,339
2023,10,SUZUKI,323
2023,10,PEUGEOT,302
2023,10,VOLVO,294
2023,10,FIAT,283
2023,10,MG,191
2023,10,MINI,190
2023,10,NISSAN,186
2023,10,MITSUBISHI,185
2023,10,CITROEN,183
2023,10,PORSCHE,160
2023,10,BYD,124
2023,10,HONDA,117
2023,10,JEEP,110
2023,10,LAND ROVER,73
2023,10,ALFA ROMEO,64
2023,10,POLESTAR,52
2023,10,SUBARU,47
2023,10,FISKER,42
2023,10,DS,21
2023,10,LEXUS,19
2023,10,SMART,14
2023,10,JAGUAR,12
2023,10,INEOS,8
2023,10,FERRARI,7
2023,10,MASERATI,4
2023,10,CHEVROLET,3
2023,10,CHRYSLER,3
2023,10,LAMBORGHINI,3
2023,10,MCLAREN,2
2023,10,KTM,1
2023,11,VW,2366
2023,11,SKODA,2041
2023,11,BMW,1777
2023,11,HYUNDAI,1572
2023,11,DACIA,897
2023,11,MERCEDES,880
2023,11,AUDI,831
2023,11,SEAT,824
2023,11,RENAULT,761
2023,11,TESLA,752
2023,11,KIA,697
2023,11,TOYOTA,670
2023,11,MAZDA,611
2023,11,FORD,585
2023,11,SUZUKI,365
2023,11,CUPRA,351
2023,11,NISSAN,313
2023,11,MITSUBISHI,310
2023,11,VOLVO,291
2023,11,MINI,245
2023,11,OPEL,240
2023,11,FIAT,233
2023,11,PEUGEOT,208
2023,11,BYD,190
2023,11,CITROEN,187
2023,11,MG,144
2023,11,HONDA,97
2023,11,JEEP,88
2023,11,LAND ROVER,72
2023,11,PORSCHE,56
2023,11,FISKER,42
2023,11,ALFA ROMEO,41
2023,11,POLESTAR,40
2023,11,SUBARU,40
2023,11,LEXUS,19
2023,11,DS,12
2023,11,JAGUAR,11
2023,11,SMART,9
2023,11,SSANG-YONG,6
2023,11,BENTLEY,4
2023,11,LAMBORGHINI,4
2023,11,MAN,4
2023,11,ASTON MARTIN,3
2023,11,FERRARI,3
2023,11,INEOS,3
2023,11,BAIC,2
2023,11,CHRYSLER,1
2023,11,FORTHING,1
2023,11,MCLAREN,1
2023,12,HYUNDAI,2742
2023,12,VW,2667
2023,12,BMW,1628
2023,12,SKODA,1627
2023,12,MERCEDES,888
2023,12,TOYOTA,731
2023,12,SEAT,712
2023,12,DACIA,688
2023,12,AUDI,616
2023,12,TESLA,587
2023,12,KIA,581
2023,12,RENAULT,573
2023,12,FORD,497
2023,12,MAZDA,476
2023,12,SUZUKI,380
2023,12,VOLVO,380
2023,12,CUPRA,299
2023,12,MITSUBISHI,287
2023,12,PEUGEOT,263
2023,12,NISSAN,244
2023,12,MINI,221
2023,12,MG,218
2023,12,OPEL,198
2023,12,FIAT,139
2023,12,BYD,112
2023,12,CITROEN,110
2023,12,LAND ROVER,83
2023,12,SUBARU,82
2023,12,JEEP,79
2023,12,PORSCHE,62
2023,12,HONDA,58
2023,12,ALFA ROMEO,49
2023,12,POLESTAR,49
2023,12,FISKER,45
2023,12,SSANG-YONG,31
2023,12,SMART,23
2023,12,LEXUS,22
2023,12,FERRARI,7
2023,12,JAGUAR,7
2023,12,DS,6
2023,12,LAMBORGHINI,6
2023,12,BAIC,5
2023,12,MAN,5
2023,12,INEOS,3
2023,12,BENTLEY,2
2023,12,MASERATI,2
2023,12,ROLLS ROYCE,2
2023,12,CATERHAM CARS,1
2023,12,CHEVROLET,1
2023,12,FORTHING,1
2023,12,MCLAREN,1
2023,12,SAAB,1
2024,1,VW,2355
2024,1,SKODA,2056
2024,1,BMW,1561
2024,1,AUDI,1452
2024,1,SEAT,1069
2024,1,DACIA,918
2024,1,TOYOTA,818
2024,1,MERCEDES,786
2024,1,KIA,579
2024,1,SUZUKI,540
2024,1,CUPRA,484
2024,1,FORD,458
2024,1,TESLA,391
2024,1,MAZDA,388
2024,1,PEUGEOT,382
2024,1,RENAULT,334
2024,1,MITSUBISHI,331
2024,1,VOLVO,311
2024,1,OPEL,293
2024,1,HYUNDAI,259
2024,1,FIAT,235
2024,1,CITROEN,210
2024,1,NISSAN,197
2024,1,MG,166
2024,1,BYD,157
2024,1,MINI,155
2024,1,LAND ROVER,113
2024,1,JEEP,94
2024,1,PORSCHE,93
2024,1,ALFA ROMEO,65
2024,1,SMART,58
2024,1,HONDA,54
2024,1,FISKER,44
2024,1,LEXUS,33
2024,1,POLESTAR,29
2024,1,DS,27
2024,1,SUBARU,17
2024,1,JAGUAR,8
2024,1,SSANG-YONG,4
2024,1,ASTON MARTIN,3
2024,1,CHRYSLER,3
2024,1,FERRARI,3
2024,1,INEOS,3
2024,1,LAMBORGHINI,2
2024,1,LOTUS,2
2024,1,MAN,2
2024,1,MCLAREN,2
2024,1,BAIC,1
2024,1,CHEVROLET,1
2024,1,DFSK,1
2024,1,FORTHING,1
2024,1,MASERATI,1
2024,1,ROLLS ROYCE,1
2024,1,SERES,1
2024,1,SKYWELL,1
2024,2,VW,3074
2024,2,SKODA,1768
2024,2,BMW,1406
2024,2,SEAT,1329
2024,2,DACIA,1001
2024,2,AUDI,962
2024,2,MERCEDES,959
2024,2,TESLA,876
2024,2,TOYOTA,876
2024,2,SUZUKI,756
2024,2,MAZDA,661
2024,2,PEUGEOT,657
2024,2,HYUNDAI,518
2024,2,FORD,515
2024,2,RENAULT,495
2024,2,KIA,491
2024,2,CITROEN,362
2024,2,MITSUBISHI,361
2024,2,VOLVO,335
2024,2,NISSAN,331
2024,2,OPEL,322
2024,2,MG,314
2024,2,CUPRA,306
2024,2,FIAT,260
2024,2,BYD,224
2024,2,PORSCHE,145
2024,2,MINI,132
2024,2,HONDA,121
2024,2,LAND ROVER,104
2024,2,JEEP,85
2024,2,ALFA ROMEO,76
2024,2,SMART,36
2024,2,POLESTAR,28
2024,2,LEXUS,25
2024,2,DS,18
2024,2,FISKER,17
2024,2,SUBARU,13
2024,2,SSANG-YONG,11
2024,2,FERRARI,10
2024,2,JAGUAR,10
2024,2,ASTON MARTIN,5
2024,2,MASERATI,3
2024,2,BAIC,2
2024,2,BENTLEY,1
2024,2,CADILLAC,1
2024,2,CATERHAM CARS,1
2024,2,CHEVROLET,1
2024,2,CHRYSLER,1
2024,2,INEOS,1
2024,2,LAMBORGHINI,1
2024,2,MAN,1
2024,2,MCLAREN,1
2024,2,SKYWELL,1
2024,3,VW,3403
2024,3,SKODA,2299
2024,3,SEAT,1744
2024,3,BMW,1660
2024,3,MERCEDES,1508
2024,3,AUDI,1494
2024,3,TESLA,1239
2024,3,TOYOTA,1141
2024,3,DACIA,1130
2024,3,SUZUKI,1029
2024,3,MITSUBISHI,837
2024,3,KIA,799
2024,3,RENAULT,777
2024,3,HYUNDAI,718
2024,3,MAZDA,715
2024,3,FORD,627
2024,3,CUPRA,576
2024,3,MG,509
2024,3,NISSAN,482
2024,3,VOLVO,390
2024,3,PEUGEOT,383
2024,3,OPEL,368
2024,3,BYD,301
2024,3,CITROEN,260
2024,3,FIAT,226
2024,3,PORSCHE,222
2024,3,HONDA,126
2024,3,MINI,123
2024,3,LAND ROVER,119
2024,3,ALFA ROMEO,115
2024,3,JEEP,93
2024,3,SMART,47
2024,3,POLESTAR,43
2024,3,JAGUAR,40
2024,3,LEXUS,40
2024,3,SUBARU,21
2024,3,FISKER,16
2024,3,SSANG-YONG,16
2024,3,DS,11
2024,3,FERRARI,10
2024,3,MCLAREN,7
2024,3,LAMBORGHINI,6
2024,3,SKYWELL,6
2024,3,ALPINE,3
2024,3,FORTHING,3
2024,3,MASERATI,3
2024,3,ASTON MARTIN,2
2024,3,BENTLEY,2
2024,3,INEOS,2
2024,3,MAN,2
2024,3,NIO,2
2024,3,ROLLS ROYCE,2
2024,3,CHEVROLET,1
2024,3,CHRYSLER,1
2024,3,KTM,1
2024,3,LOTUS,1
2024,4,VW,3393
2024,4,SKODA,2301
2024,4,BMW,1696
2024,4,AUDI,1210
2024,4,SEAT,1200
2024,4,MERCEDES,1091
2024,4,TOYOTA,1076
2024,4,DACIA,1067
2024,4,MAZDA,834
2024,4,HYUNDAI,740
2024,4,KIA,586
2024,4,PEUGEOT,499
2024,4,FORD,496
2024,4,RENAULT,482
2024,4,CUPRA,454
2024,4,VOLVO,452
2024,4,TESLA,387
2024,4,MITSUBISHI,352
2024,4,OPEL,352
2024,4,MG,349
2024,4,CITROEN,326
2024,4,SUZUKI,300
2024,4,BYD,252
2024,4,FIAT,205
2024,4,PORSCHE,189
2024,4,NISSAN,160
2024,4,MINI,137
2024,4,LAND ROVER,134
2024,4,HONDA,120
2024,4,ALFA ROMEO,113
2024,4,JEEP,108
2024,4,SMART,46
2024,4,POLESTAR,40
2024,4,LEXUS,36
2024,4,FISKER,29
2024,4,DS,26
2024,4,SUBARU,20
2024,4,JAGUAR,17
2024,4,SSANG-YONG,16
2024,4,FERRARI,10
2024,4,MCLAREN,5
2024,4,ASTON MARTIN,4
2024,4,CHEVROLET,3
2024,4,FORTHING,3
2024,4,LAMBORGHINI,3
2024,4,SKYWELL,3
2024,4,ALPINE,2
2024,4,BENTLEY,2
2024,4,LOTUS,2
2024,4,MAN,2
2024,4,CADILLAC,1
2024,4,CHRYSLER,1
2024,4,INEOS,1
2024,4,KTM,1
2024,4,MASERATI,1
2024,4,NIO,1
2024,4,ROLLS ROYCE,1
2024,5,VW,3566
2024,5,SKODA,1510
2024,5,BMW,1484
2024,5,AUDI,1336
2024,5,MERCEDES,985
2024,5,SEAT,976
2024,5,TOYOTA,842
2024,5,DACIA,814
2024,5,HYUNDAI,620
2024,5,CUPRA,596
2024,5,MAZDA,537
2024,5,PEUGEOT,510
2024,5,KIA,504
2024,5,TESLA,499
2024,5,FORD,489
2024,5,MG,483
2024,5,RENAULT,482
2024,5,VOLVO,453
2024,5,SUZUKI,452
2024,5,OPEL,407
2024,5,CITROEN,377
2024,5,MITSUBISHI,323
2024,5,BYD,284
2024,5,FIAT,239
2024,5,PORSCHE,158
2024,5,LAND ROVER,128
2024,5,MINI,118
2024,5,ALFA ROMEO,111
2024,5,NISSAN,108
2024,5,HONDA,99
2024,5,JEEP,64
2024,5,POLESTAR,42
2024,5,SMART,35
2024,5,SUBARU,34
2024,5,DS,28
2024,5,LEXUS,28
2024,5,FISKER,22
2024,5,SSANG-YONG,14
2024,5,FERRARI,13
2024,5,JAGUAR,11
2024,5,INEOS,9
2024,5,SKYWELL,7
2024,5,MAN,6
2024,5,MASERATI,3
2024,5,MCLAREN,3
2024,5,ASTON MARTIN,2
2024,5,CHRYSLER,2
2024,5,LAMBORGHINI,2
2024,5,BAIC,1
2024,5,BENTLEY,1
2024,5,CATERHAM CARS,1
2024,5,KTM,1
2024,5,LOTUS,1
2024,6,VW,5118
2024,6,SKODA,2139
2024,6,HYUNDAI,2039
2024,6,AUDI,1675
2024,6,BMW,1594
2024,6,SEAT,1370
2024,6,MITSUBISHI,1296
2024,6,MERCEDES,1181
2024,6,TESLA,1050
2024,6,TOYOTA,1025
2024,6,CUPRA,995
2024,6,FIAT,993
2024,6,DACIA,986
2024,6,OPEL,930
2024,6,KIA,912
2024,6,SUZUKI,906
2024,6,RENAULT,889
2024,6,MAZDA,755
2024,6,PEUGEOT,667
2024,6,FORD,657
2024,6,BYD,616
2024,6,CITROEN,605
2024,6,MG,551
2024,6,VOLVO,495
2024,6,NISSAN,236
2024,6,ALFA ROMEO,135
2024,6,MINI,135
2024,6,LAND ROVER,132
2024,6,PORSCHE,124
2024,6,HONDA,110
2024,6,JEEP,81
2024,6,POLESTAR,60
2024,6,LEXUS,50
2024,6,SUBARU,37
2024,6,SMART,30
2024,6,DS,27
2024,6,SSANG-YONG,24
2024,6,FERRARI,12
2024,6,FISKER,8
2024,6,JAGUAR,8
2024,6,MAN,8
2024,6,CHRYSLER,5
2024,6,MCLAREN,5
2024,6,SKYWELL,4
2024,6,LAMBORGHINI,3
2024,6,ASTON MARTIN,2
2024,6,BAIC,2
2024,6,BENTLEY,2
2024,6,FORTHING,2
2024,6,KTM,2
2024,6,MASERATI,2
2024,6,CHEVROLET,1
2024,6,INEOS,1
2024,6,LOTUS,1
2024,7,VW,2572
2024,7,SKODA,2140
2024,7,BMW,1658
2024,7,AUDI,1494
2024,7,MERCEDES,963
2024,7,TOYOTA,921
2024,7,DACIA,834
2024,7,SEAT,829
2024,7,PEUGEOT,763
2024,7,OPEL,735
2024,7,RENAULT,586
2024,7,FORD,545
2024,7,KIA,543
2024,7,CUPRA,433
2024,7,MAZDA,418
2024,7,HYUNDAI,412
2024,7,FIAT,349
2024,7,VOLVO,328
2024,7,SUZUKI,325
2024,7,CITROEN,314
2024,7,BYD,261
2024,7,TESLA,245
2024,7,MG,157
2024,7,MINI,155
2024,7,JEEP,147
2024,7,NISSAN,138
2024,7,PORSCHE,131
2024,7,HONDA,105
2024,7,LAND ROVER,81
2024,7,ALFA ROMEO,80
2024,7,LEXUS,38
2024,7,MITSUBISHI,37
2024,7,POLESTAR,37
2024,7,SUBARU,23
2024,7,SMART,22
2024,7,DS,14
2024,7,SSANG-YONG,11
2024,7,JAGUAR,9
2024,7,MCLAREN,7
2024,7,BENTLEY,6
2024,7,FERRARI,5
2024,7,LAMBORGHINI,4
2024,7,MAN,4
2024,7,SKYWELL,4
2024,7,FORTHING,3
2024,7,ALPINE,2
2024,7,CHEVROLET,2
2024,7,DFSK,2
2024,7,KUTSENITS,2
2024,7,ASTON MARTIN,1
2024,7,CHRYSLER,1
2024,7,DODGE,1
2024,7,KTM,1
2024,7,MASERATI,1
2024,7,SWM,1
2024,7,XPENG,1
2024,8,VW,2541
2024,8,SKODA,2061
2024,8,BMW,1487
2024,8,AUDI,947
2024,8,TOYOTA,947
2024,8,DACIA,813
2024,8,MERCEDES,813
2024,8,SEAT,789
2024,8,PEUGEOT,666
2024,8,KIA,521
2024,8,RENAULT,501
2024,8,FORD,472
2024,8,MAZDA,456
2024,8,HYUNDAI,432
2024,8,OPEL,409
2024,8,TESLA,398
2024,8,CUPRA,395
2024,8,SUZUKI,350
2024,8,BYD,335
2024,8,VOLVO,260
2024,8,MG,166
2024,8,NISSAN,163
2024,8,JEEP,145
2024,8,MINI,137
2024,8,CITROEN,134
2024,8,PORSCHE,120
2024,8,LAND ROVER,112
2024,8,FIAT,106
2024,8,HONDA,82
2024,8,ALFA ROMEO,62
2024,8,POLESTAR,60
2024,8,MITSUBISHI,57
2024,8,SMART,44
2024,8,LEXUS,35
2024,8,SUBARU,17
2024,8,FERRARI,13
2024,8,DS,10
2024,8,MAN,8
2024,8,JAGUAR,6
2024,8,KGM,6
2024,8,LAMBORGHINI,6
2024,8,MCLAREN,6
2024,8,SSANG-YONG,6
2024,8,ASTON MARTIN,5
2024,8,KTM,3
2024,8,ALPINE,2
2024,8,CHRYSLER,2
2024,8,DFSK,2
2024,8,LOTUS,2
2024,8,CATERHAM CARS,1
2024,8,JOYEAR,1
2024,8,LUCID,1
2024,8,ROLLS ROYCE,1
2024,8,WEY,1
2024,9,VW,2485
2024,9,SKODA,2368
2024,9,BMW,1576
2024,9,AUDI,1390
2024,9,SEAT,993
2024,9,HYUNDAI,970
2024,9,TESLA,961
2024,9,MERCEDES,866
2024,9,RENAULT,789
2024,9,PEUGEOT,757
2024,9,TOYOTA,744
2024,9,DACIA,674
2024,9,KIA,583
2024,9,FORD,556
2024,9,OPEL,440
2024,9,CUPRA,427
2024,9,SUZUKI,396
2024,9,BYD,373
2024,9,VOLVO,370
2024,9,MAZDA,334
2024,9,MG,303
2024,9,MINI,266
2024,9,FIAT,207
2024,9,NISSAN,169
2024,9,CITROEN,131
2024,9,PORSCHE,127
2024,9,JEEP,118
2024,9,POLESTAR,111
2024,9,LAND ROVER,75
2024,9,HONDA,66
2024,9,ALFA ROMEO,52
2024,9,MITSUBISHI,49
2024,9,LEXUS,48
2024,9,SMART,32
2024,9,SSANG-YONG,25
2024,9,SUBARU,23
2024,9,JAGUAR,10
2024,9,DS,5
2024,9,INEOS,5
2024,9,FERRARI,4
2024,9,FISKER,4
2024,9,DFSK,3
2024,9,KGM,2
2024,9,LAMBORGHINI,2
2024,9,BENTLEY,1
2024,9,CADILLAC,1
2024,9,CHEVROLET,1
2024,9,CHRYSLER,1
2024,9,MCLAREN,1
2024,10,SKODA,2686
2024,10,VW,2675
2024,10,BMW,1791
2024,10,AUDI,1643
2024,10,MERCEDES,1276
2024,10,HYUNDAI,988
2024,10,SEAT,925
2024,10,TOYOTA,862
2024,10,DACIA,834
2024,10,RENAULT,722
2024,10,PEUGEOT,705
2024,10,CUPRA,680
2024,10,KIA,664
2024,10,FORD,655
2024,10,MAZDA,617
2024,10,OPEL,491
2024,10,BYD,422
2024,10,VOLVO,394
2024,10,SUZUKI,358
2024,10,NISSAN,347
2024,10,TESLA,273
2024,10,FIAT,213
2024,10,MINI,213
2024,10,CITROEN,204
2024,10,PORSCHE,200
2024,10,MG,186
2024,10,MITSUBISHI,186
2024,10,ALFA ROMEO,142
2024,10,JEEP,112
2024,10,HONDA,94
2024,10,LAND ROVER,92
2024,10,POLESTAR,74
2024,10,SMART,72
2024,10,LEXUS,60
2024,10,SSANG-YONG,41
2024,10,SUBARU,18
2024,10,DS,17
2024,10,FISKER,14
2024,10,JAGUAR,7
2024,10,FERRARI,6
2024,10,DFSK,4
2024,10,KGM,3
2024,10,SKYWELL,3
2024,10,MASERATI,2
2024,10,MCLAREN,2
2024,10,ALPINE,1
2024,10,ASTON MARTIN,1
2024,10,CATERHAM CARS,1
2024,10,CHEVROLET,1
2024,10,FORTHING,1
2024,10,INEOS,1
2024,10,LAMBORGHINI,1
2024,10,LOTUS,1
2024,11,VW,2637
2024,11,SKODA,2150
2024,11,BMW,1520
2024,11,AUDI,992
2024,11,MERCEDES,929
2024,11,CUPRA,890
2024,11,DACIA,875
2024,11,TOYOTA,729
2024,11,RENAULT,691
2024,11,FORD,670
2024,11,PEUGEOT,632
2024,11,SEAT,614
2024,11,MAZDA,603
2024,11,HYUNDAI,583
2024,11,OPEL,552
2024,11,TESLA,440
2024,11,KIA,432
2024,11,VOLVO,366
2024,11,BYD,359
2024,11,SUZUKI,357
2024,11,MG,299
2024,11,NISSAN,292
2024,11,CITROEN,285
2024,11,MITSUBISHI,172
2024,11,PORSCHE,170
2024,11,FIAT,123
2024,11,MINI,123
2024,11,ALFA ROMEO,118
2024,11,JEEP,93
2024,11,LAND ROVER,88
2024,11,POLESTAR,77
2024,11,HONDA,71
2024,11,LEXUS,41
2024,11,SMART,33
2024,11,SSANG-YONG,29
2024,11,SUBARU,21
2024,11,DS,12
2024,11,FERRARI,7
2024,11,FISKER,6
2024,11,JAGUAR,4
2024,11,SKYWELL,3
2024,11,MAN,2
2024,11,MASERATI,2
2024,11,ALPINE,1
2024,11,KGM,1
2024,11,LAMBORGHINI,1
2024,11,MCLAREN,1
2024,12,HYUNDAI,3090
2024,12,VW,2158
2024,12,SKODA,2051
2024,12,BMW,1569
2024,12,PEUGEOT,1180
2024,12,TOYOTA,1150
2024,12,TESLA,921
2024,12,MERCEDES,864
2024,12,DACIA,826
2024,12,RENAULT,766
2024,12,MAZDA,658
2024,12,AUDI,649
2024,12,OPEL,609
2024,12,MG,526
2024,12,SEAT,519
2024,12,FORD,516
2024,12,CUPRA,486
2024,12,VOLVO,455
2024,12,KIA,419
2024,12,BYD,362
2024,12,SUZUKI,326
2024,12,CITROEN,290
2024,12,NISSAN,181
2024,12,MITSUBISHI,160
2024,12,FIAT,118
2024,12,POLESTAR,107
2024,12,MINI,105
2024,12,PORSCHE,96
2024,12,JEEP,92
2024,12,LAND ROVER,89
2024,12,LEXUS,84
2024,12,ALFA ROMEO,66
2024,12,HONDA,57
2024,12,SSANG-YONG,37
2024,12,SMART,27
2024,12,SUBARU,21
2024,12,DS,13
2024,12,JAGUAR,11
2024,12,MASERATI,7
2024,12,FERRARI,6
2024,12,ALPINE,3
2024,12,BENTLEY,3
2024,12,MAN,3
2024,12,ASTON MARTIN,2
2024,12,CHRYSLER,2
2024,12,INEOS,2
2024,12,LAMBORGHINI,2
2024,12,AIWAYS,1
2024,12,CHEVROLET,1
2024,12,DFSK,1
2024,12,FISKER,1
2024,12,LOTUS,1
2025,1,VW,2949
2025,1,SKODA,2496
2025,1,AUDI,1751
2025,1,BMW,1528
2025,1,SEAT,1222
2025,1,MERCEDES,1018
2025,1,CUPRA,960
2025,1,DACIA,930
2025,1,TOYOTA,736
2025,1,HYUNDAI,689
2025,1,RENAULT,637
2025,1,FORD,602
2025,1,PEUGEOT,516
2025,1,BYD,480
2025,1,OPEL,439
2025,1,KIA,404
2025,1,SUZUKI,365
2025,1,MAZDA,360
2025,1,CITROEN,322
2025,1,VOLVO,300
2025,1,NISSAN,267
2025,1,TESLA,227
2025,1,MG,223
2025,1,PORSCHE,152
2025,1,FIAT,145
2025,1,MINI,122
2025,1,LAND ROVER,119
2025,1,JEEP,101
2025,1,ALFA ROMEO,87
2025,1,HONDA,84
2025,1,MITSUBISHI,55
2025,1,POLESTAR,53
2025,1,SMART,25
2025,1,LEXUS,16
2025,1,SUBARU,15
2025,1,ALPINE,10
2025,1,DS,10
2025,1,SSANG-YONG,8
2025,1,FISKER,5
2025,1,BENTLEY,4
2025,1,FERRARI,4
2025,1,JAGUAR,4
2025,1,CHRYSLER,2
2025,1,DFSK,2
2025,1,LAMBORGHINI,2
2025,1,LYNK & CO,1
2025,1,MORGAN,1
2025,2,VW,2913
2025,2,SKODA,2006
2025,2,BMW,1516
2025,2,AUDI,1477
2025,2,SEAT,963
2025,2,DACIA,955
2025,2,MERCEDES,842
2025,2,CUPRA,728
2025,2,TOYOTA,727
2025,2,RENAULT,710
2025,2,FORD,672
2025,2,OPEL,630
2025,2,SUZUKI,567
2025,2,PEUGEOT,521
2025,2,HYUNDAI,502
2025,2,BYD,446
2025,2,KIA,430
2025,2,MAZDA,426
2025,2,CITROEN,422
2025,2,NISSAN,345
2025,2,TESLA,262
2025,2,VOLVO,202
2025,2,FIAT,198
2025,2,ALFA ROMEO,153
2025,2,MINI,124
2025,2,MITSUBISHI,122
2025,2,PORSCHE,114
2025,2,LAND ROVER,103
2025,2,JEEP,98
2025,2,MG,97
2025,2,HONDA,87
2025,2,POLESTAR,48
2025,2,SMART,35
2025,2,SSANG-YONG,33
2025,2,LEXUS,28
2025,2,FISKER,24
2025,2,LEAPMOTOR,22
2025,2,SUBARU,21
2025,2,DS,10
2025,2,FERRARI,9
2025,2,ALPINE,7
2025,2,BENTLEY,5
2025,2,JAGUAR,5
2025,2,BAIC,4
2025,2,LAMBORGHINI,3
2025,2,MCLAREN,3
2025,2,ASTON MARTIN,1
2025,2,CHRYSLER,1
2025,2,DFSK,1
2025,2,LOTUS,1
2025,3,VW,3585
2025,3,SKODA,2417
2025,3,BMW,1815
2025,3,AUDI,1571
2025,3,DACIA,1222
2025,3,MERCEDES,1207
2025,3,SEAT,1069
2025,3,CUPRA,1050
2025,3,TOYOTA,982
2025,3,RENAULT,952
2025,3,MAZDA,833
2025,3,TESLA,815
2025,3,FORD,800
2025,3,NISSAN,739
2025,3,MG,711
2025,3,PEUGEOT,709
2025,3,BYD,704
2025,3,OPEL,673
2025,3,KIA,667
2025,3,HYUNDAI,567
2025,3,CITROEN,442
2025,3,VOLVO,372
2025,3,MITSUBISHI,286
2025,3,SUZUKI,278
2025,3,FIAT,221
2025,3,PORSCHE,197
2025,3,MINI,185
2025,3,HONDA,166
2025,3,ALFA ROMEO,118
2025,3,LAND ROVER,117
2025,3,POLESTAR,103
2025,3,JEEP,96
2025,3,SUBARU,59
2025,3,SSANG-YONG,43
2025,3,LEXUS,37
2025,3,ALPINE,22
2025,3,LEAPMOTOR,21
2025,3,SMART,19
2025,3,FERRARI,18
2025,3,LAMBORGHINI,11
2025,3,MCLAREN,9
2025,3,ASTON MARTIN,8
2025,3,DS,8
2025,3,FISKER,6
2025,3,JAGUAR,5
2025,3,BENTLEY,4
2025,3,BAIC,3
2025,3,DFSK,3
2025,3,MAN,2
2025,3,INEOS,1
2025,3,KTM,1
2025,3,MASERATI,1
2025,4,VW,3607
2025,4,SKODA,2610
2025,4,BMW,2187
2025,4,AUDI,1720
2025,4,CUPRA,1325
2025,4,TOYOTA,1172
2025,4,SEAT,1087
2025,4,DACIA,1049
2025,4,MERCEDES,1029
2025,4,HYUNDAI,943
2025,4,RENAULT,925
2025,4,PEUGEOT,783
2025,4,FORD,774
2025,4,OPEL,607
2025,4,BYD,575
2025,4,CITROEN,527
2025,4,KIA,489
2025,4,MAZDA,441
2025,4,VOLVO,384
2025,4,MG,373
2025,4,SUZUKI,340
2025,4,PORSCHE,208
2025,4,MINI,201
2025,4,TESLA,196
2025,4,FIAT,186
2025,4,MITSUBISHI,172
2025,4,ALFA ROMEO,151
2025,4,JEEP,147
2025,4,LAND ROVER,141
2025,4,HONDA,130
2025,4,LEAPMOTOR,63
2025,4,POLESTAR,57
2025,4,NISSAN,46
2025,4,SUBARU,38
2025,4,SSANG-YONG,35
2025,4,LEXUS,28
2025,4,DS,22
2025,4,ALPINE,19
2025,4,SMART,13
2025,4,ASTON MARTIN,7
2025,4,LAMBORGHINI,7
2025,4,DFSK,6
2025,4,BENTLEY,5
2025,4,FERRARI,5
2025,4,FISKER,4
2025,4,MCLAREN,4
2025,4,CHRYSLER,3
2025,4,BAIC,2
2025,4,KTM,2
2025,4,LOTUS,2
2025,4,MASERATI,2
2025,4,MORGAN,2
2025,4,FORTHING,1
2025,4,JAGUAR,1
2025,4,MAN,1
2025,4,NIO,1
2025,5,VW,3532
2025,5,SKODA,2553
2025,5,BMW,1846
2025,5,AUDI,1481
2025,5,CUPRA,1149
2025,5,MERCEDES,1131
2025,5,SEAT,1042
2025,5,DACIA,1009
2025,5,TOYOTA,962
2025,5,OPEL,876
2025,5,HYUNDAI,848
2025,5,RENAULT,772
2025,5,PEUGEOT,761
2025,5,FORD,648
2025,5,TESLA,643
2025,5,MAZDA,613
2025,5,BYD,552
2025,5,CITROEN,549
2025,5,MG,534
2025,5,KIA,434
2025,5,SUZUKI,388
2025,5,VOLVO,370
2025,5,FIAT,231
2025,5,PORSCHE,184
2025,5,MINI,178
2025,5,MITSUBISHI,173
2025,5,ALFA ROMEO,129
2025,5,HONDA,124
2025,5,LAND ROVER,113
2025,5,JEEP,102
2025,5,SUBARU,66
2025,5,NISSAN,63
2025,5,POLESTAR,58
2025,5,LEAPMOTOR,41
2025,5,SMART,31
2025,5,LEXUS,28
2025,5,SSANG-YONG,22
2025,5,ALPINE,19
2025,5,DS,11
2025,5,LAMBORGHINI,8
2025,5,ASTON MARTIN,7
2025,5,BENTLEY,6
2025,5,FERRARI,5
2025,5,BAIC,4
2025,5,DFSK,4
2025,5,MAN,4
2025,5,MCLAREN,4
2025,5,FISKER,2
2025,5,CATERHAM CARS,1
2025,6,VW,3592
2025,6,SKODA,3016
2025,6,BMW,1647
2025,6,AUDI,1575
2025,6,CUPRA,1467
2025,6,TOYOTA,1257
2025,6,TESLA,1256
2025,6,MERCEDES,1153
2025,6,RENAULT,1153
2025,6,SEAT,1138
2025,6,DACIA,1046
2025,6,PEUGEOT,985
2025,6,HYUNDAI,914
2025,6,FORD,796
2025,6,OPEL,788
2025,6,MG,726
2025,6,MAZDA,680
2025,6,CITROEN,661
2025,6,KIA,596
2025,6,BYD,522
2025,6,SUZUKI,413
2025,6,VOLVO,351
2025,6,NISSAN,284
2025,6,MITSUBISHI,259
2025,6,FIAT,251
2025,6,MINI,184
2025,6,POLESTAR,172
2025,6,HONDA,162
2025,6,PORSCHE,150
2025,6,LAND ROVER,135
2025,6,JEEP,132
2025,6,ALFA ROMEO,110
2025,6,SUBARU,45
2025,6,LEAPMOTOR,44
2025,6,LEXUS,44
2025,6,SSANG-YONG,39
2025,6,SMART,24
2025,6,ALPINE,22
2025,6,DS,20
2025,6,LAMBORGHINI,12
2025,6,ASTON MARTIN,9
2025,6,BENTLEY,8
2025,6,MAN,6
2025,6,FERRARI,5
2025,6,KGM,5
2025,6,MASERATI,3
2025,6,DFSK,2
2025,6,INEOS,2
2025,6,MCLAREN,2
2025,6,BAIC,1
2025,6,CADILLAC,1
2025,6,FISKER,1
2025,6,FORTHING,1
2025,6,XPENG,1
2025,7,VW,3638
2025,7,SKODA,2941
2025,7,BMW,1957
2025,7,DACIA,1558
2025,7,SEAT,1262
2025,7,AUDI,1195
2025,7,MERCEDES,1151
2025,7,HYUNDAI,1106
2025,7,TOYOTA,1020
2025,7,CUPRA,995
2025,7,PEUGEOT,964
2025,7,OPEL,807
2025,7,RENAULT,789
2025,7,FORD,646
2025,7,BYD,598
2025,7,KIA,481
2025,7,CITROEN,434
2025,7,FIAT,379
2025,7,MAZDA,366
2025,7,VOLVO,355
2025,7,MG,319
2025,7,SUZUKI,318
2025,7,TESLA,284
2025,7,PORSCHE,143
2025,7,MINI,142
2025,7,MITSUBISHI,135
2025,7,LAND ROVER,131
2025,7,ALFA ROMEO,122
2025,7,JEEP,116
2025,7,NISSAN,114
2025,7,HONDA,96
2025,7,LEAPMOTOR,67
2025,7,SUBARU,39
2025,7,SMART,35
2025,7,SSANG-YONG,33
2025,7,LEXUS,30
2025,7,POLESTAR,27
2025,7,LAMBORGHINI,13
2025,7,DS,12
2025,7,ALPINE,9
2025,7,KGM,6
2025,7,ASTON MARTIN,5
2025,7,FERRARI,5
2025,7,INEOS,5
2025,7,BAIC,3
2025,7,BENTLEY,3
2025,7,FORTHING,3
2025,7,MAN,3
2025,7,DFSK,2
2025,7,FISKER,2
2025,7,MASERATI,2
2025,7,MCLAREN,1
2025,8,VW,2821
2025,8,SKODA,2415
2025,8,BMW,1384
2025,8,AUDI,1194
2025,8,MERCEDES,1187
2025,8,SEAT,1146
2025,8,DACIA,1124
2025,8,HYUNDAI,1069
2025,8,TOYOTA,869
2025,8,CUPRA,810
2025,8,BYD,774
2025,8,FORD,729
2025,8,RENAULT,609
2025,8,PEUGEOT,604
2025,8,KIA,497
2025,8,OPEL,495
2025,8,SUZUKI,450
2025,8,MG,396
2025,8,FIAT,389
2025,8,MAZDA,349
2025,8,TESLA,270
2025,8,CITROEN,267
2025,8,VOLVO,253
2025,8,JEEP,199
2025,8,LAND ROVER,154
2025,8,ALFA ROMEO,151
2025,8,MITSUBISHI,144
2025,8,MINI,117
2025,8,NISSAN,111
2025,8,HONDA,110
2025,8,LEAPMOTOR,103
2025,8,PORSCHE,93
2025,8,POLESTAR,32
2025,8,SMART,29
2025,8,LEXUS,25
2025,8,SUBARU,24
2025,8,ALPINE,10
2025,8,SSANG-YONG,10
2025,8,KGM,7
2025,8,ASTON MARTIN,5
2025,8,DS,4
2025,8,DFSK,3
2025,8,FERRARI,3
2025,8,LAMBORGHINI,3
2025,8,MCLAREN,3
2025,8,INEOS,2
2025,8,MAN,2
2025,8,BENTLEY,1
2025,8,CHRYSLER,1
2025,8,DFM,1
2025,8,LOTUS,1
2025,8,MASERATI,1
2025,8,XPENG,1
2025,8,ZEEKR,1
2025,9,VW,3677
2025,9,SKODA,2790
2025,9,HYUNDAI,1966
2025,9,AUDI,1564
2025,9,MERCEDES,1295
2025,9,SEAT,1069
2025,9,BMW,1048
2025,9,DACIA,1026
2025,9,TESLA,1026
2025,9,TOYOTA,854
2025,9,PEUGEOT,807
2025,9,MAZDA,789
2025,9,RENAULT,727
2025,9,OPEL,717
2025,9,CUPRA,691
2025,9,KIA,662
2025,9,FORD,650
2025,9,BYD,612
2025,9,NISSAN,552
2025,9,MG,549
2025,9,FIAT,409
2025,9,VOLVO,402
2025,9,CITROEN,302
2025,9,SUZUKI,280
2025,9,JEEP,184
2025,9,MITSUBISHI,156
2025,9,ALFA ROMEO,143
2025,9,PORSCHE,128
2025,9,HONDA,110
2025,9,MINI,104
2025,9,LEAPMOTOR,103
2025,9,LAND ROVER,96
2025,9,POLESTAR,76
2025,9,SMART,39
2025,9,LEXUS,30
2025,9,SSANG-YONG,24
2025,9,SUBARU,24
2025,9,KGM,19
2025,9,ALPINE,10
2025,9,DS,10
2025,9,BENTLEY,5
2025,9,ASTON MARTIN,4
2025,9,FERRARI,4
2025,9,LAMBORGHINI,3
2025,9,MAN,3
2025,9,MCLAREN,3
2025,9,BAIC,1
2025,9,CHRYSLER,1
2025,9,MASERATI,1
2025,10,VW,3595
2025,10,SKODA,2867
2025,10,BMW,1656
2025,10,AUDI,1403
2025,10,MERCEDES,1365
2025,10,SEAT,1304
2025,10,DACIA,1250
2025,10,PEUGEOT,1033
2025,10,TOYOTA,980
2025,10,OPEL,877
2025,10,CUPRA,836
2025,10,FORD,746
2025,10,RENAULT,725
2025,10,HYUNDAI,724
2025,10,BYD,558
2025,10,CITROEN,506
2025,10,VOLVO,503
2025,10,MAZDA,447
2025,10,KIA,421
2025,10,FIAT,417
2025,10,MG,364
2025,10,SUZUKI,338
2025,10,MITSUBISHI,187
2025,10,MINI,186
2025,10,JEEP,184
2025,10,ALFA ROMEO,151
2025,10,LEAPMOTOR,117
2025,10,HONDA,109
2025,10,PORSCHE,101
2025,10,TESLA,97
2025,10,SMART,88
2025,10,LAND ROVER,87
2025,10,NISSAN,56
2025,10,POLESTAR,37
2025,10,KGM,24
2025,10,LEXUS,24
2025,10,SSANG-YONG,23
2025,10,SUBARU,19
2025,10,ALPINE,14
2025,10,JAECOO,13
2025,10,DS,11
2025,10,FERRARI,7
2025,10,LAMBORGHINI,5
2025,10,DFSK,4
2025,10,OMODA,4
2025,10,ASTON MARTIN,2
2025,10,BENTLEY,2
2025,10,CHRYSLER,2
2025,10,MAN,2
2025,10,NIO,2
2025,10,BAIC,1
2025,10,CHEVROLET,1
2025,10,DFM,1
2025,10,KTM,1
2025,10,LANCIA,1
2025,10,MCLAREN,1
2025,11,VW,3872
2025,11,SKODA,2234
2025,11,BMW,1465
2025,11,HYUNDAI,1280
2025,11,DACIA,1066
2025,11,AUDI,1006
2025,11,SEAT,1003
2025,11,MERCEDES,1002
2025,11,TOYOTA,808
2025,11,PEUGEOT,753
2025,11,OPEL,697
2025,11,RENAULT,691
2025,11,CUPRA,679
2025,11,BYD,590
2025,11,FORD,587
2025,11,KIA,572
2025,11,MG,566
2025,11,MITSUBISHI,527
2025,11,MAZDA,465
2025,11,CITROEN,460
2025,11,VOLVO,415
2025,11,TESLA,406
2025,11,SUZUKI,352
2025,11,FIAT,296
2025,11,MINI,198
2025,11,JEEP,178
2025,11,LEAPMOTOR,140
2025,11,NISSAN,114
2025,11,HONDA,106
2025,11,ALFA ROMEO,104
2025,11,LAND ROVER,80
2025,11,PORSCHE,79
2025,11,SMART,45
2025,11,POLESTAR,22
2025,11,SUBARU,20
2025,11,JAECOO,19
2025,11,LEXUS,19
2025,11,SSANG-YONG,17
2025,11,KGM,15
2025,11,ALPINE,12
2025,11,XPENG,8
2025,11,DFSK,5
2025,11,FERRARI,5
2025,11,LAMBORGHINI,5
2025,11,NIO,5
2025,11,DS,4
2025,11,MAN,4
2025,11,OMODA,3
2025,11,BENTLEY,2
2025,11,MASERATI,2
2025,11,ASTON MARTIN,1
2025,11,BAIC,1
2025,11,CADILLAC,1
2025,11,KUTSENITS,1
2025,11,LOTUS,1
2025,12,VW,2800
2025,12,HYUNDAI,2315
2025,12,SKODA,1742
2025,12,BMW,1167
2025,12,DACIA,996
2025,12,MAZDA,958
2025,12,TOYOTA,956
2025,12,MERCEDES,848
2025,12,PEUGEOT,764
2025,12,TESLA,723
2025,12,MITSUBISHI,696
2025,12,KIA,673
2025,12,RENAULT,636
2025,12,AUDI,628
2025,12,MG,603
2025,12,FIAT,578
2025,12,VOLVO,562
2025,12,CUPRA,529
2025,12,OPEL,517
2025,12,FORD,513
2025,12,BYD,488
2025,12,SEAT,463
2025,12,CITROEN,411
2025,12,NISSAN,349
2025,12,SUZUKI,333
2025,12,JEEP,181
2025,12,LEAPMOTOR,127
2025,12,MINI,115
2025,12,ALFA ROMEO,103
2025,12,HONDA,93
2025,12,LAND ROVER,80
2025,12,POLESTAR,74
2025,12,PORSCHE,67
2025,12,SMART,44
2025,12,XPENG,44
2025,12,SUBARU,37
2025,12,JAECOO,30
2025,12,LEXUS,27
2025,12,SSANG-YONG,16
2025,12,KGM,13
2025,12,ALPINE,11
2025,12,LAMBORGHINI,11
2025,12,BENTLEY,9
2025,12,KTM,8
2025,12,AION,6
2025,12,FERRARI,6
2025,12,MAN,5
2025,12,NIO,5
2025,12,BAIC,3
2025,12,DFSK,3
2025,12,DS,2
2025,12,OMODA,2
2025,12,ASTON MARTIN,1
2025,12,CHEVROLET,1
2025,12,DFM,1
2025,12,FORTHING,1
2025,12,MCLAREN,1
2025,12,SWM,1
2026,1,VW,4416
2026,1,SKODA,2659
2026,1,AUDI,1692
2026,1,BMW,1348
2026,1,SEAT,1344
2026,1,MERCEDES,959
2026,1,PEUGEOT,853
2026,1,CUPRA,842
2026,1,DACIA,841
2026,1,TOYOTA,682
2026,1,BYD,646
2026,1,FORD,625
2026,1,TESLA,561
2026,1,OPEL,554
2026,1,CITROEN,538
2026,1,KIA,507
2026,1,RENAULT,486
2026,1,FIAT,463
2026,1,VOLVO,386
2026,1,HYUNDAI,294
2026,1,MAZDA,277
2026,1,SUZUKI,245
2026,1,MG,234
2026,1,JAECOO,169
2026,1,JEEP,164
2026,1,MITSUBISHI,158
2026,1,LAND ROVER,134
2026,1,PORSCHE,109
2026,1,ALFA ROMEO,97
2026,1,HONDA,97
2026,1,LEAPMOTOR,95
2026,1,OMODA,95
2026,1,MINI,90
2026,1,LEXUS,40
2026,1,NISSAN,40
2026,1,SMART,39
2026,1,POLESTAR,37
2026,1,XPENG,25
2026,1,DS,17
2026,1,SSANG-YONG,15
2026,1,KGM,12
2026,1,SUBARU,10
2026,1,LAMBORGHINI,7
2026,1,ACS,5
2026,1,NIO,5
2026,1,ALPINE,4
2026,1,ASTON MARTIN,3
2026,1,MAN,3
2026,1,FERRARI,2
2026,1,BENTLEY,1
2026,1,DFM,1
2026,1,FORTHING,1
2026,1,MASERATI,1
2026,1,MCLAREN,1
2026,2,VW,2962
2026,2,SKODA,2346
2026,2,AUDI,1630
2026,2,BMW,1197
2026,2,DACIA,1079
2026,2,MERCEDES,1067
2026,2,SEAT,985
2026,2,CUPRA,886
2026,2,TOYOTA,836
2026,2,PEUGEOT,752
2026,2,OPEL,745
2026,2,BYD,726
2026,2,RENAULT,662
2026,2,FORD,646
2026,2,KIA,571
2026,2,HYUNDAI,471
2026,2,CITROEN,452
2026,2,FIAT,375
2026,2,MAZDA,338
2026,2,SUZUKI,313
2026,2,TESLA,281
2026,2,VOLVO,274
2026,2,MG,229
2026,2,LAND ROVER,166
2026,2,JEEP,144
2026,2,LEAPMOTOR,124
2026,2,HONDA,115
2026,2,MITSUBISHI,114
2026,2,OMODA,113
2026,2,NISSAN,108
2026,2,PORSCHE,93
2026,2,MINI,90
2026,2,ALFA ROMEO,82
2026,2,JAECOO,77
2026,2,XPENG,50
2026,2,SMART,37
2026,2,POLESTAR,32
2026,2,LEXUS,27
2026,2,SUBARU,18
2026,2,DS,16
2026,2,KGM,13
2026,2,LAMBORGHINI,10
2026,2,SSANG-YONG,10
2026,2,MAN,6
2026,2,ALPINE,5
2026,2,FERRARI,4
2026,2,BENTLEY,2
2026,2,DFM,2
2026,2,AION,1
2026,2,BAIC,1
2026,2,CADILLAC,1
2026,2,CHRYSLER,1
2026,2,DFSK,1
2026,2,FORTHING,1
2026,2,MASERATI,1
2026,3,VW,4147
2026,3,SKODA,3533
2026,3,AUDI,2144
2026,3,BMW,2081
2026,3,TESLA,1526
2026,3,SEAT,1403
2026,3,MERCEDES,1400
2026,3,HYUNDAI,1214
2026,3,DACIA,1166
2026,3,CUPRA,1157
2026,3,BYD,1112
2026,3,RENAULT,1033
2026,3,TOYOTA,1012
2026,3,MAZDA,986
2026,3,PEUGEOT,932
2026,3,OPEL,882
2026,3,FORD,845
2026,3,MG,829
2026,3,KIA,753
2026,3,SUZUKI,562
2026,3,CITROEN,514
2026,3,FIAT,458
2026,3,VOLVO,425
2026,3,NISSAN,424
2026,3,JEEP,326
2026,3,MITSUBISHI,283
2026,3,HONDA,260
2026,3,OMODA,200
2026,3,JAECOO,188
2026,3,ALFA ROMEO,181
2026,3,LEAPMOTOR,180
2026,3,PORSCHE,177
2026,3,LAND ROVER,176
2026,3,POLESTAR,139
2026,3,MINI,113
2026,3,SMART,46
2026,3,XPENG,42
2026,3,LEXUS,29
2026,3,SUBARU,23
2026,3,KGM,21
2026,3,ALPINE,16
2026,3,SSANG-YONG,16
2026,3,DS,14
2026,3,CHERRY,9
2026,3,LAMBORGHINI,8
2026,3,BENTLEY,6
2026,3,FERRARI,5
2026,3,ASTON MARTIN,3
2026,3,CHEVROLET,3
2026,3,AION,2
2026,3,BAIC,2
2026,3,DFSK,2
2026,3,MCLAREN,2
2026,3,BAW,1
2026,3,CHRYSLER,1
2026,3,FORTHING,1
2026,3,KTM,1
2026,3,LUCID,1
2026,3,MAN,1
2026,3,MASERATI,1
2026,3,NIO,1
2026,4,VW,3713
2026,4,SKODA,2888
2026,4,AUDI,1995
2026,4,BMW,1821
2026,4,SEAT,1474
2026,4,MERCEDES,1382
2026,4,BYD,1243
2026,4,CUPRA,1086
2026,4,HYUNDAI,943
2026,4,DACIA,940
2026,4,TOYOTA,923
2026,4,FORD,881
2026,4,PEUGEOT,834
2026,4,RENAULT,805
2026,4,OPEL,756
2026,4,KIA,754
2026,4,CITROEN,741
2026,4,MG,614
2026,4,MAZDA,510
2026,4,VOLVO,404
2026,4,FIAT,346
2026,4,TESLA,248
2026,4,JEEP,220
2026,4,SUZUKI,219
2026,4,MINI,192
2026,4,JAECOO,183
2026,4,NISSAN,167
2026,4,LEAPMOTOR,166
2026,4,MITSUBISHI,154
2026,4,PORSCHE,144
2026,4,ALFA ROMEO,134
2026,4,LAND ROVER,110
2026,4,OMODA,106
2026,4,HONDA,102
2026,4,XPENG,64
2026,4,SMART,45
2026,4,POLESTAR,38
2026,4,LEXUS,30
2026,4,SUBARU,22
2026,4,KGM,21
2026,4,ALPINE,19
2026,4,LAMBORGHINI,11
2026,4,ASTON MARTIN,9
2026,4,DS,9
2026,4,SSANG-YONG,8
2026,4,BENTLEY,7
2026,4,FERRARI,6
2026,4,ACS,5
2026,4,MCLAREN,4
2026,4,MAN,3
2026,4,DFM,2
2026,4,MORGAN,2
2026,4,NIO,2
2026,4,BAIC,1
2026,4,FISKER,1
2026,4,LANCIA,1
2026,4,MASERATI,1
2026,5,VW,3924
2026,5,SKODA,2682
2026,5,BMW,1745
2026,5,AUDI,1683
2026,5,SEAT,1272
2026,5,MERCEDES,1226
2026,5,CUPRA,1030
2026,5,BYD,1002
2026,5,DACIA,876
2026,5,TOYOTA,837
2026,5,OPEL,836
2026,5,PEUGEOT,812
2026,5,RENAULT,762
2026,5,KIA,698
2026,5,FORD,570
2026,5,CITROEN,518
2026,5,HYUNDAI,502
2026,5,MAZDA,436
2026,5,FIAT,379
2026,5,MG,378
2026,5,TESLA,349
2026,5,VOLVO,333
2026,5,LEAPMOTOR,317
2026,5,SUZUKI,291
2026,5,MITSUBISHI,264
2026,5,JAECOO,251
2026,5,JEEP,231
2026,5,NISSAN,195
2026,5,OMODA,143
2026,5,PORSCHE,129
2026,5,HONDA,122
2026,5,MINI,122
2026,5,XPENG,118
2026,5,LAND ROVER,102
2026,5,POLESTAR,98
2026,5,ALFA ROMEO,97
2026,5,SMART,60
2026,5,LEXUS,33
2026,5,KGM,21
2026,5,SUBARU,21
2026,5,ALPINE,10
2026,5,DS,7
2026,5,SSANG-YONG,7
2026,5,LAMBORGHINI,6
2026,5,CHERRY,5
2026,5,DFM,5
2026,5,FERRARI,4
2026,5,ASTON MARTIN,3
2026,5,BAW,3
2026,5,MAN,3
2026,5,LUCID,2
2026,5,MCLAREN,2
2026,5,NIO,2
2026,5,BAIC,1
2026,5,CHEVROLET,1
2026,5,DONGFENG,1
2026,5,MORGAN,1
2026,5,TOGG,1
2026,6,VW,3777
2026,6,SKODA,3494
2026,6,BMW,2105
2026,6,HYUNDAI,2005
2026,6,AUDI,1776
2026,6,MERCEDES,1450
2026,6,CUPRA,1370
2026,6,SEAT,1313
2026,6,MG,1301
2026,6,TESLA,1300
2026,6,OPEL,1225
2026,6,PEUGEOT,1217
2026,6,TOYOTA,1154
2026,6,MAZDA,1091
2026,6,BYD,1075
2026,6,RENAULT,924
2026,6,KIA,904
2026,6,DACIA,895
2026,6,FORD,805
2026,6,CITROEN,718
2026,6,VOLVO,539
2026,6,FIAT,489
2026,6,SUZUKI,403
2026,6,LEAPMOTOR,377
2026,6,NISSAN,267
2026,6,JEEP,246
2026,6,MITSUBISHI,238
2026,6,JAECOO,228
2026,6,MINI,206
2026,6,OMODA,202
2026,6,POLESTAR,162
2026,6,ALFA ROMEO,159
2026,6,PORSCHE,144
2026,6,LAND ROVER,134
2026,6,HONDA,133
2026,6,XPENG,117
2026,6,CHERRY,65
2026,6,SUBARU,62
2026,6,LEXUS,56
2026,6,SMART,45
2026,6,KGM,15
2026,6,ALPINE,14
2026,6,DS,12
2026,6,LAMBORGHINI,8
2026,6,FERRARI,6
2026,6,BENTLEY,5
2026,6,SSANG-YONG,5
2026,6,ASTON MARTIN,2
2026,6,CATERHAM CARS,2
2026,6,CHEVROLET,2
2026,6,DFM,2
2026,6,FISKER,2
2026,6,FORTHING,2
2026,6,MAN,2
2026,6,MCLAREN,2
2026,6,NIO,2
2026,6,BAW,1
2026,6,MASERATI,1
2026,7,SKODA,3100
2026,7,VW,2811
2026,7,BMW,1917
2026,7,SEAT,1626
2026,7,AUDI,1412
2026,7,MERCEDES,1399
2026,7,TOYOTA,1313
2026,7,BYD,1095
2026,7,CUPRA,1013
2026,7,DACIA,955
2026,7,OPEL,899
2026,7,PEUGEOT,852
2026,7,RENAULT,733
2026,7,KIA,718
2026,7,FORD,688
2026,7,VOLVO,490
2026,7,CITROEN,489
2026,7,HYUNDAI,450
2026,7,FIAT,383
2026,7,LEAPMOTOR,375
2026,7,MG,354
2026,7,MAZDA,320
2026,7,SUZUKI,307
2026,7,JAECOO,232
2026,7,MINI,228
2026,7,CHERRY,166
2026,7,JEEP,163
2026,7,XPENG,163
2026,7,OMODA,153
2026,7,MITSUBISHI,138
2026,7,LAND ROVER,137
2026,7,PORSCHE,135
2026,7,HONDA,92
2026,7,NISSAN,87
2026,7,ALFA ROMEO,86
2026,7,SMART,63
2026,7,POLESTAR,55
2026,7,SUBARU,36
2026,7,LEXUS,34
2026,7,TESLA,27
2026,7,KGM,21
2026,7,DS,19
2026,7,ALPINE,15
2026,7,BAW,13
2026,7,LAMBORGHINI,11
2026,7,ASTON MARTIN,7
2026,7,BAIC,7
2026,7,SSANG-YONG,6
2026,7,FERRARI,5
2026,7,FISKER,5
2026,7,CHEVROLET,4
2026,7,MAN,4
2026,7,DFM,2
2026,7,FORTHING,2
2026,7,MCLAREN,2
2026,7,BENTLEY,1
2026,7,DFSK,1
2026,7,DONGFENG,1
2026,7,KUTSENITS,1
2026,7,MORGAN,1
2026,7,PUCH,1
